2026-03-10 14:12:39,437 - PipelineLogger - INFO - Starting execution of 'main'
2026-03-10 14:12:39,437 - PipelineLogger - INFO - =============================================
2026-03-10 14:12:39,437 - PipelineLogger - INFO -  Geopolitical News Pipeline / WW3 Context Analyzer 
2026-03-10 14:12:39,437 - PipelineLogger - INFO - =============================================
2026-03-10 14:12:39,437 - PipelineLogger - INFO - Initializing SQLite database...
2026-03-10 14:12:39,437 - PipelineLogger - INFO - Starting execution of 'init_db'
2026-03-10 14:12:39,437 - PipelineLogger - INFO - Finished execution of 'init_db' in 0.0003 seconds.
2026-03-10 14:12:39,437 - PipelineLogger - INFO - Scraping recent geopolitical articles...
2026-03-10 14:12:39,437 - PipelineLogger - INFO - Starting execution of 'scrape_all_sources'
2026-03-10 14:12:39,437 - PipelineLogger - INFO - Starting execution of 'fetch_rss_news'
2026-03-10 14:12:40,241 - PipelineLogger - INFO - Starting execution of 'is_article_saved'
2026-03-10 14:12:40,241 - PipelineLogger - INFO - Finished execution of 'is_article_saved' in 0.0002 seconds.
2026-03-10 14:12:40,241 - PipelineLogger - INFO - Starting execution of 'is_article_saved'
2026-03-10 14:12:40,241 - PipelineLogger - INFO - Finished execution of 'is_article_saved' in 0.0001 seconds.
2026-03-10 14:12:40,241 - PipelineLogger - INFO - Starting execution of 'is_article_saved'
2026-03-10 14:12:40,241 - PipelineLogger - INFO - Finished execution of 'is_article_saved' in 0.0001 seconds.
2026-03-10 14:12:40,241 - PipelineLogger - INFO - Starting execution of 'is_article_saved'
2026-03-10 14:12:40,241 - PipelineLogger - INFO - Finished execution of 'is_article_saved' in 0.0001 seconds.
2026-03-10 14:12:40,242 - PipelineLogger - INFO - Starting execution of 'is_article_saved'
2026-03-10 14:12:40,242 - PipelineLogger - INFO - Finished execution of 'is_article_saved' in 0.0001 seconds.
2026-03-10 14:12:40,242 - PipelineLogger - INFO - Starting execution of 'is_article_saved'
2026-03-10 14:12:40,242 - PipelineLogger - INFO - Finished execution of 'is_article_saved' in 0.0001 seconds.
2026-03-10 14:12:40,242 - PipelineLogger - INFO - Starting execution of 'is_article_saved'
2026-03-10 14:12:40,242 - PipelineLogger - INFO - Finished execution of 'is_article_saved' in 0.0001 seconds.
2026-03-10 14:12:40,242 - PipelineLogger - INFO - Starting execution of 'is_article_saved'
2026-03-10 14:12:40,242 - PipelineLogger - INFO - Finished execution of 'is_article_saved' in 0.0001 seconds.
2026-03-10 14:12:40,242 - PipelineLogger - INFO - Starting execution of 'is_article_saved'
2026-03-10 14:12:40,242 - PipelineLogger - INFO - Finished execution of 'is_article_saved' in 0.0001 seconds.
2026-03-10 14:12:40,242 - PipelineLogger - INFO - Starting execution of 'is_article_saved'
2026-03-10 14:12:40,242 - PipelineLogger - INFO - Finished execution of 'is_article_saved' in 0.0001 seconds.
2026-03-10 14:12:40,242 - PipelineLogger - INFO - Starting execution of 'is_article_saved'
2026-03-10 14:12:40,242 - PipelineLogger - INFO - Finished execution of 'is_article_saved' in 0.0001 seconds.
2026-03-10 14:12:40,242 - PipelineLogger - INFO - Starting execution of 'is_article_saved'
2026-03-10 14:12:40,242 - PipelineLogger - INFO - Finished execution of 'is_article_saved' in 0.0001 seconds.
2026-03-10 14:12:40,242 - PipelineLogger - INFO - Starting execution of 'is_article_saved'
2026-03-10 14:12:40,242 - PipelineLogger - INFO - Finished execution of 'is_article_saved' in 0.0001 seconds.
2026-03-10 14:12:40,242 - PipelineLogger - INFO - Starting execution of 'is_article_saved'
2026-03-10 14:12:40,243 - PipelineLogger - INFO - Finished execution of 'is_article_saved' in 0.0001 seconds.
2026-03-10 14:12:40,243 - PipelineLogger - INFO - Starting execution of 'is_article_saved'
2026-03-10 14:12:40,243 - PipelineLogger - INFO - Finished execution of 'is_article_saved' in 0.0001 seconds.
2026-03-10 14:13:09,079 - PipelineLogger - INFO - Starting execution of 'is_article_saved'
2026-03-10 14:13:09,079 - PipelineLogger - INFO - Finished execution of 'is_article_saved' in 0.0005 seconds.
2026-03-10 14:13:09,079 - PipelineLogger - INFO - Starting execution of 'is_article_saved'
2026-03-10 14:13:09,080 - PipelineLogger - INFO - Finished execution of 'is_article_saved' in 0.0003 seconds.
2026-03-10 14:13:09,080 - PipelineLogger - INFO - Starting execution of 'is_article_saved'
2026-03-10 14:13:09,080 - PipelineLogger - INFO - Finished execution of 'is_article_saved' in 0.0002 seconds.
2026-03-10 14:13:09,612 - PipelineLogger - INFO - Starting execution of 'is_article_saved'
2026-03-10 14:13:09,613 - PipelineLogger - INFO - Finished execution of 'is_article_saved' in 0.0005 seconds.
2026-03-10 14:13:09,613 - PipelineLogger - INFO - Starting execution of 'is_article_saved'
2026-03-10 14:13:09,613 - PipelineLogger - INFO - Finished execution of 'is_article_saved' in 0.0003 seconds.
2026-03-10 14:13:09,613 - PipelineLogger - INFO - Starting execution of 'is_article_saved'
2026-03-10 14:13:09,614 - PipelineLogger - INFO - Finished execution of 'is_article_saved' in 0.0003 seconds.
2026-03-10 14:13:09,614 - PipelineLogger - INFO - Starting execution of 'is_article_saved'
2026-03-10 14:13:09,614 - PipelineLogger - INFO - Finished execution of 'is_article_saved' in 0.0003 seconds.
2026-03-10 14:13:09,614 - PipelineLogger - INFO - Starting execution of 'is_article_saved'
2026-03-10 14:13:09,614 - PipelineLogger - INFO - Finished execution of 'is_article_saved' in 0.0002 seconds.
2026-03-10 14:13:09,614 - PipelineLogger - INFO - Starting execution of 'is_article_saved'
2026-03-10 14:13:09,615 - PipelineLogger - INFO - Finished execution of 'is_article_saved' in 0.0002 seconds.
2026-03-10 14:13:09,615 - PipelineLogger - INFO - Starting execution of 'is_article_saved'
2026-03-10 14:13:09,615 - PipelineLogger - INFO - Finished execution of 'is_article_saved' in 0.0002 seconds.
2026-03-10 14:13:09,615 - PipelineLogger - INFO - Starting execution of 'is_article_saved'
2026-03-10 14:13:09,615 - PipelineLogger - INFO - Finished execution of 'is_article_saved' in 0.0002 seconds.
2026-03-10 14:13:09,615 - PipelineLogger - INFO - Starting execution of 'is_article_saved'
2026-03-10 14:13:09,616 - PipelineLogger - INFO - Finished execution of 'is_article_saved' in 0.0002 seconds.
2026-03-10 14:13:09,616 - PipelineLogger - INFO - Starting execution of 'is_article_saved'
2026-03-10 14:13:09,616 - PipelineLogger - INFO - Finished execution of 'is_article_saved' in 0.0002 seconds.
2026-03-10 14:13:09,616 - PipelineLogger - INFO - Starting execution of 'is_article_saved'
2026-03-10 14:13:09,616 - PipelineLogger - INFO - Finished execution of 'is_article_saved' in 0.0002 seconds.
2026-03-10 14:13:09,617 - PipelineLogger - INFO - Starting execution of 'is_article_saved'
2026-03-10 14:13:09,617 - PipelineLogger - INFO - Finished execution of 'is_article_saved' in 0.0002 seconds.
2026-03-10 14:13:10,099 - PipelineLogger - INFO - Starting execution of 'is_article_saved'
2026-03-10 14:13:10,100 - PipelineLogger - INFO - Finished execution of 'is_article_saved' in 0.0005 seconds.
2026-03-10 14:13:10,100 - PipelineLogger - INFO - Starting execution of 'is_article_saved'
2026-03-10 14:13:10,100 - PipelineLogger - INFO - Finished execution of 'is_article_saved' in 0.0003 seconds.
2026-03-10 14:13:10,100 - PipelineLogger - INFO - Starting execution of 'is_article_saved'
2026-03-10 14:13:10,101 - PipelineLogger - INFO - Finished execution of 'is_article_saved' in 0.0003 seconds.
2026-03-10 14:13:10,101 - PipelineLogger - INFO - Starting execution of 'is_article_saved'
2026-03-10 14:13:10,101 - PipelineLogger - INFO - Finished execution of 'is_article_saved' in 0.0002 seconds.
2026-03-10 14:13:10,101 - PipelineLogger - INFO - Starting execution of 'is_article_saved'
2026-03-10 14:13:10,101 - PipelineLogger - INFO - Finished execution of 'is_article_saved' in 0.0002 seconds.
2026-03-10 14:13:10,101 - PipelineLogger - INFO - Starting execution of 'is_article_saved'
2026-03-10 14:13:10,102 - PipelineLogger - INFO - Finished execution of 'is_article_saved' in 0.0002 seconds.
2026-03-10 14:13:10,102 - PipelineLogger - INFO - Starting execution of 'is_article_saved'
2026-03-10 14:13:10,102 - PipelineLogger - INFO - Finished execution of 'is_article_saved' in 0.0002 seconds.
2026-03-10 14:13:10,102 - PipelineLogger - INFO - Starting execution of 'is_article_saved'
2026-03-10 14:13:10,102 - PipelineLogger - INFO - Finished execution of 'is_article_saved' in 0.0002 seconds.
2026-03-10 14:13:10,102 - PipelineLogger - INFO - Starting execution of 'is_article_saved'
2026-03-10 14:13:10,103 - PipelineLogger - INFO - Finished execution of 'is_article_saved' in 0.0002 seconds.
2026-03-10 14:13:10,103 - PipelineLogger - INFO - Starting execution of 'is_article_saved'
2026-03-10 14:13:10,103 - PipelineLogger - INFO - Finished execution of 'is_article_saved' in 0.0002 seconds.
2026-03-10 14:13:10,103 - PipelineLogger - INFO - Starting execution of 'is_article_saved'
2026-03-10 14:13:10,103 - PipelineLogger - INFO - Finished execution of 'is_article_saved' in 0.0002 seconds.
2026-03-10 14:13:10,103 - PipelineLogger - INFO - Starting execution of 'is_article_saved'
2026-03-10 14:13:10,104 - PipelineLogger - INFO - Finished execution of 'is_article_saved' in 0.0002 seconds.
2026-03-10 14:13:10,104 - PipelineLogger - INFO - Starting execution of 'is_article_saved'
2026-03-10 14:13:10,104 - PipelineLogger - INFO - Finished execution of 'is_article_saved' in 0.0002 seconds.
2026-03-10 14:13:10,104 - PipelineLogger - INFO - Starting execution of 'is_article_saved'
2026-03-10 14:13:10,104 - PipelineLogger - INFO - Finished execution of 'is_article_saved' in 0.0002 seconds.
2026-03-10 14:13:10,104 - PipelineLogger - INFO - Starting execution of 'is_article_saved'
2026-03-10 14:13:10,105 - PipelineLogger - INFO - Finished execution of 'is_article_saved' in 0.0002 seconds.
2026-03-10 14:13:11,940 - PipelineLogger - INFO - Starting execution of 'is_article_saved'
2026-03-10 14:13:11,940 - PipelineLogger - INFO - Finished execution of 'is_article_saved' in 0.0006 seconds.
2026-03-10 14:13:11,941 - PipelineLogger - INFO - Starting execution of 'is_article_saved'
2026-03-10 14:13:11,941 - PipelineLogger - INFO - Finished execution of 'is_article_saved' in 0.0003 seconds.
2026-03-10 14:13:11,941 - PipelineLogger - INFO - Starting execution of 'is_article_saved'
2026-03-10 14:13:11,941 - PipelineLogger - INFO - Finished execution of 'is_article_saved' in 0.0002 seconds.
2026-03-10 14:13:11,942 - PipelineLogger - INFO - Starting execution of 'is_article_saved'
2026-03-10 14:13:11,942 - PipelineLogger - INFO - Finished execution of 'is_article_saved' in 0.0002 seconds.
2026-03-10 14:13:11,942 - PipelineLogger - INFO - Starting execution of 'is_article_saved'
2026-03-10 14:13:11,942 - PipelineLogger - INFO - Finished execution of 'is_article_saved' in 0.0002 seconds.
2026-03-10 14:13:11,942 - PipelineLogger - INFO - Starting execution of 'is_article_saved'
2026-03-10 14:13:11,942 - PipelineLogger - INFO - Finished execution of 'is_article_saved' in 0.0002 seconds.
2026-03-10 14:13:11,943 - PipelineLogger - INFO - Starting execution of 'is_article_saved'
2026-03-10 14:13:11,943 - PipelineLogger - INFO - Finished execution of 'is_article_saved' in 0.0002 seconds.
2026-03-10 14:13:11,943 - PipelineLogger - INFO - Starting execution of 'is_article_saved'
2026-03-10 14:13:11,943 - PipelineLogger - INFO - Finished execution of 'is_article_saved' in 0.0002 seconds.
2026-03-10 14:13:11,943 - PipelineLogger - INFO - Starting execution of 'is_article_saved'
2026-03-10 14:13:11,943 - PipelineLogger - INFO - Finished execution of 'is_article_saved' in 0.0002 seconds.
2026-03-10 14:13:11,944 - PipelineLogger - INFO - Starting execution of 'is_article_saved'
2026-03-10 14:13:11,944 - PipelineLogger - INFO - Finished execution of 'is_article_saved' in 0.0002 seconds.
2026-03-10 14:13:11,944 - PipelineLogger - INFO - Starting execution of 'is_article_saved'
2026-03-10 14:13:11,944 - PipelineLogger - INFO - Finished execution of 'is_article_saved' in 0.0002 seconds.
2026-03-10 14:13:11,944 - PipelineLogger - INFO - Starting execution of 'is_article_saved'
2026-03-10 14:13:11,944 - PipelineLogger - INFO - Finished execution of 'is_article_saved' in 0.0002 seconds.
2026-03-10 14:13:11,944 - PipelineLogger - INFO - Starting execution of 'is_article_saved'
2026-03-10 14:13:11,945 - PipelineLogger - INFO - Finished execution of 'is_article_saved' in 0.0002 seconds.
2026-03-10 14:13:11,945 - PipelineLogger - INFO - Starting execution of 'is_article_saved'
2026-03-10 14:13:11,945 - PipelineLogger - INFO - Finished execution of 'is_article_saved' in 0.0002 seconds.
2026-03-10 14:13:11,945 - PipelineLogger - INFO - Starting execution of 'is_article_saved'
2026-03-10 14:13:11,945 - PipelineLogger - INFO - Finished execution of 'is_article_saved' in 0.0002 seconds.
2026-03-10 14:13:12,477 - PipelineLogger - INFO - Starting execution of 'is_article_saved'
2026-03-10 14:13:12,478 - PipelineLogger - INFO - Finished execution of 'is_article_saved' in 0.0004 seconds.
2026-03-10 14:13:12,478 - PipelineLogger - INFO - Starting execution of 'is_article_saved'
2026-03-10 14:13:12,478 - PipelineLogger - INFO - Finished execution of 'is_article_saved' in 0.0003 seconds.
2026-03-10 14:13:12,479 - PipelineLogger - INFO - Starting execution of 'is_article_saved'
2026-03-10 14:13:12,479 - PipelineLogger - INFO - Finished execution of 'is_article_saved' in 0.0002 seconds.
2026-03-10 14:13:12,479 - PipelineLogger - INFO - Starting execution of 'is_article_saved'
2026-03-10 14:13:12,479 - PipelineLogger - INFO - Finished execution of 'is_article_saved' in 0.0002 seconds.
2026-03-10 14:13:12,479 - PipelineLogger - INFO - Starting execution of 'is_article_saved'
2026-03-10 14:13:12,480 - PipelineLogger - INFO - Finished execution of 'is_article_saved' in 0.0002 seconds.
2026-03-10 14:13:12,480 - PipelineLogger - INFO - Starting execution of 'is_article_saved'
2026-03-10 14:13:12,480 - PipelineLogger - INFO - Finished execution of 'is_article_saved' in 0.0002 seconds.
2026-03-10 14:13:12,480 - PipelineLogger - INFO - Starting execution of 'is_article_saved'
2026-03-10 14:13:12,480 - PipelineLogger - INFO - Finished execution of 'is_article_saved' in 0.0002 seconds.
2026-03-10 14:13:12,480 - PipelineLogger - INFO - Starting execution of 'is_article_saved'
2026-03-10 14:13:12,480 - PipelineLogger - INFO - Finished execution of 'is_article_saved' in 0.0002 seconds.
2026-03-10 14:13:12,481 - PipelineLogger - INFO - Starting execution of 'is_article_saved'
2026-03-10 14:13:12,481 - PipelineLogger - INFO - Finished execution of 'is_article_saved' in 0.0002 seconds.
2026-03-10 14:13:12,481 - PipelineLogger - INFO - Starting execution of 'is_article_saved'
2026-03-10 14:13:12,481 - PipelineLogger - INFO - Finished execution of 'is_article_saved' in 0.0002 seconds.
2026-03-10 14:13:12,481 - PipelineLogger - INFO - Starting execution of 'is_article_saved'
2026-03-10 14:13:12,481 - PipelineLogger - INFO - Finished execution of 'is_article_saved' in 0.0002 seconds.
2026-03-10 14:13:12,481 - PipelineLogger - INFO - Starting execution of 'is_article_saved'
2026-03-10 14:13:12,482 - PipelineLogger - INFO - Finished execution of 'is_article_saved' in 0.0002 seconds.
2026-03-10 14:13:12,482 - PipelineLogger - INFO - Starting execution of 'is_article_saved'
2026-03-10 14:13:12,482 - PipelineLogger - INFO - Finished execution of 'is_article_saved' in 0.0002 seconds.
2026-03-10 14:13:12,482 - PipelineLogger - INFO - Starting execution of 'is_article_saved'
2026-03-10 14:13:12,482 - PipelineLogger - INFO - Finished execution of 'is_article_saved' in 0.0002 seconds.
2026-03-10 14:13:12,482 - PipelineLogger - INFO - Starting execution of 'is_article_saved'
2026-03-10 14:13:12,483 - PipelineLogger - INFO - Finished execution of 'is_article_saved' in 0.0002 seconds.
2026-03-10 14:13:12,723 - PipelineLogger - INFO - Starting execution of 'is_article_saved'
2026-03-10 14:13:12,724 - PipelineLogger - INFO - Finished execution of 'is_article_saved' in 0.0005 seconds.
2026-03-10 14:13:12,724 - PipelineLogger - INFO - Starting execution of 'is_article_saved'
2026-03-10 14:13:12,725 - PipelineLogger - INFO - Finished execution of 'is_article_saved' in 0.0003 seconds.
2026-03-10 14:13:12,725 - PipelineLogger - INFO - Starting execution of 'is_article_saved'
2026-03-10 14:13:12,725 - PipelineLogger - INFO - Finished execution of 'is_article_saved' in 0.0002 seconds.
2026-03-10 14:13:12,725 - PipelineLogger - INFO - Starting execution of 'is_article_saved'
2026-03-10 14:13:12,725 - PipelineLogger - INFO - Finished execution of 'is_article_saved' in 0.0002 seconds.
2026-03-10 14:13:12,725 - PipelineLogger - INFO - Starting execution of 'is_article_saved'
2026-03-10 14:13:12,726 - PipelineLogger - INFO - Finished execution of 'is_article_saved' in 0.0002 seconds.
2026-03-10 14:13:12,726 - PipelineLogger - INFO - Starting execution of 'is_article_saved'
2026-03-10 14:13:12,726 - PipelineLogger - INFO - Finished execution of 'is_article_saved' in 0.0002 seconds.
2026-03-10 14:13:12,726 - PipelineLogger - INFO - Starting execution of 'is_article_saved'
2026-03-10 14:13:12,726 - PipelineLogger - INFO - Finished execution of 'is_article_saved' in 0.0002 seconds.
2026-03-10 14:13:12,726 - PipelineLogger - INFO - Starting execution of 'is_article_saved'
2026-03-10 14:13:12,727 - PipelineLogger - INFO - Finished execution of 'is_article_saved' in 0.0002 seconds.
2026-03-10 14:13:12,727 - PipelineLogger - INFO - Starting execution of 'is_article_saved'
2026-03-10 14:13:12,727 - PipelineLogger - INFO - Finished execution of 'is_article_saved' in 0.0002 seconds.
2026-03-10 14:13:12,727 - PipelineLogger - INFO - Starting execution of 'is_article_saved'
2026-03-10 14:13:12,727 - PipelineLogger - INFO - Finished execution of 'is_article_saved' in 0.0002 seconds.
2026-03-10 14:13:12,727 - PipelineLogger - INFO - Starting execution of 'is_article_saved'
2026-03-10 14:13:12,728 - PipelineLogger - INFO - Finished execution of 'is_article_saved' in 0.0002 seconds.
2026-03-10 14:13:12,728 - PipelineLogger - INFO - Starting execution of 'is_article_saved'
2026-03-10 14:13:12,728 - PipelineLogger - INFO - Finished execution of 'is_article_saved' in 0.0002 seconds.
2026-03-10 14:13:12,728 - PipelineLogger - INFO - Starting execution of 'is_article_saved'
2026-03-10 14:13:12,728 - PipelineLogger - INFO - Finished execution of 'is_article_saved' in 0.0002 seconds.
2026-03-10 14:13:12,728 - PipelineLogger - INFO - Starting execution of 'is_article_saved'
2026-03-10 14:13:12,729 - PipelineLogger - INFO - Finished execution of 'is_article_saved' in 0.0002 seconds.
2026-03-10 14:13:12,729 - PipelineLogger - INFO - Starting execution of 'is_article_saved'
2026-03-10 14:13:12,729 - PipelineLogger - INFO - Finished execution of 'is_article_saved' in 0.0002 seconds.
2026-03-10 14:13:14,249 - PipelineLogger - INFO - Starting execution of 'is_article_saved'
2026-03-10 14:13:14,250 - PipelineLogger - INFO - Finished execution of 'is_article_saved' in 0.0005 seconds.
2026-03-10 14:13:14,250 - PipelineLogger - INFO - Starting execution of 'is_article_saved'
2026-03-10 14:13:14,250 - PipelineLogger - INFO - Finished execution of 'is_article_saved' in 0.0003 seconds.
2026-03-10 14:13:14,251 - PipelineLogger - INFO - Starting execution of 'is_article_saved'
2026-03-10 14:13:14,251 - PipelineLogger - INFO - Finished execution of 'is_article_saved' in 0.0003 seconds.
2026-03-10 14:13:14,251 - PipelineLogger - INFO - Starting execution of 'is_article_saved'
2026-03-10 14:13:14,251 - PipelineLogger - INFO - Finished execution of 'is_article_saved' in 0.0002 seconds.
2026-03-10 14:13:14,251 - PipelineLogger - INFO - Starting execution of 'is_article_saved'
2026-03-10 14:13:14,252 - PipelineLogger - INFO - Finished execution of 'is_article_saved' in 0.0002 seconds.
2026-03-10 14:13:29,257 - PipelineLogger - INFO - Starting execution of 'is_article_saved'
2026-03-10 14:13:29,259 - PipelineLogger - INFO - Finished execution of 'is_article_saved' in 0.0007 seconds.
2026-03-10 14:13:34,532 - PipelineLogger - INFO - Starting execution of 'is_article_saved'
2026-03-10 14:13:34,533 - PipelineLogger - INFO - Finished execution of 'is_article_saved' in 0.0007 seconds.
2026-03-10 14:13:34,533 - PipelineLogger - INFO - Starting execution of 'is_article_saved'
2026-03-10 14:13:34,534 - PipelineLogger - INFO - Finished execution of 'is_article_saved' in 0.0005 seconds.
2026-03-10 14:13:41,575 - PipelineLogger - INFO - Starting execution of 'is_article_saved'
2026-03-10 14:13:41,576 - PipelineLogger - INFO - Finished execution of 'is_article_saved' in 0.0006 seconds.
2026-03-10 14:13:44,307 - PipelineLogger - INFO - Starting execution of 'is_article_saved'
2026-03-10 14:13:44,308 - PipelineLogger - INFO - Finished execution of 'is_article_saved' in 0.0007 seconds.
2026-03-10 14:13:46,667 - PipelineLogger - INFO - Starting execution of 'is_article_saved'
2026-03-10 14:13:46,668 - PipelineLogger - INFO - Finished execution of 'is_article_saved' in 0.0006 seconds.
2026-03-10 14:13:48,777 - PipelineLogger - INFO - Starting execution of 'is_article_saved'
2026-03-10 14:13:48,778 - PipelineLogger - INFO - Finished execution of 'is_article_saved' in 0.0007 seconds.
2026-03-10 14:13:48,778 - PipelineLogger - INFO - Starting execution of 'is_article_saved'
2026-03-10 14:13:48,778 - PipelineLogger - INFO - Finished execution of 'is_article_saved' in 0.0004 seconds.
2026-03-10 14:13:51,467 - PipelineLogger - INFO - Starting execution of 'is_article_saved'
2026-03-10 14:13:51,468 - PipelineLogger - INFO - Finished execution of 'is_article_saved' in 0.0007 seconds.
2026-03-10 14:13:52,808 - PipelineLogger - INFO - Starting execution of 'is_article_saved'
2026-03-10 14:13:52,809 - PipelineLogger - INFO - Finished execution of 'is_article_saved' in 0.0006 seconds.
2026-03-10 14:14:04,303 - PipelineLogger - INFO - Starting execution of 'is_article_saved'
2026-03-10 14:14:04,304 - PipelineLogger - INFO - Finished execution of 'is_article_saved' in 0.0005 seconds.
2026-03-10 14:14:04,304 - PipelineLogger - INFO - Starting execution of 'is_article_saved'
2026-03-10 14:14:04,305 - PipelineLogger - INFO - Finished execution of 'is_article_saved' in 0.0004 seconds.
2026-03-10 14:14:04,305 - PipelineLogger - INFO - Starting execution of 'is_article_saved'
2026-03-10 14:14:04,305 - PipelineLogger - INFO - Finished execution of 'is_article_saved' in 0.0003 seconds.
2026-03-10 14:14:04,305 - PipelineLogger - INFO - Starting execution of 'is_article_saved'
2026-03-10 14:14:04,306 - PipelineLogger - INFO - Finished execution of 'is_article_saved' in 0.0003 seconds.
2026-03-10 14:14:04,306 - PipelineLogger - INFO - Starting execution of 'is_article_saved'
2026-03-10 14:14:04,306 - PipelineLogger - INFO - Finished execution of 'is_article_saved' in 0.0003 seconds.
2026-03-10 14:14:04,887 - PipelineLogger - INFO - Starting execution of 'is_article_saved'
2026-03-10 14:14:04,888 - PipelineLogger - INFO - Finished execution of 'is_article_saved' in 0.0005 seconds.
2026-03-10 14:14:04,888 - PipelineLogger - INFO - Starting execution of 'is_article_saved'
2026-03-10 14:14:04,888 - PipelineLogger - INFO - Finished execution of 'is_article_saved' in 0.0003 seconds.
2026-03-10 14:14:04,888 - PipelineLogger - INFO - Starting execution of 'is_article_saved'
2026-03-10 14:14:04,889 - PipelineLogger - INFO - Finished execution of 'is_article_saved' in 0.0003 seconds.
2026-03-10 14:14:04,889 - PipelineLogger - INFO - Starting execution of 'is_article_saved'
2026-03-10 14:14:04,889 - PipelineLogger - INFO - Finished execution of 'is_article_saved' in 0.0003 seconds.
2026-03-10 14:14:06,631 - PipelineLogger - INFO - Starting execution of 'is_article_saved'
2026-03-10 14:14:06,632 - PipelineLogger - INFO - Finished execution of 'is_article_saved' in 0.0004 seconds.
2026-03-10 14:14:06,632 - PipelineLogger - INFO - Starting execution of 'is_article_saved'
2026-03-10 14:14:06,632 - PipelineLogger - INFO - Finished execution of 'is_article_saved' in 0.0002 seconds.
2026-03-10 14:14:06,632 - PipelineLogger - INFO - Starting execution of 'is_article_saved'
2026-03-10 14:14:06,633 - PipelineLogger - INFO - Finished execution of 'is_article_saved' in 0.0002 seconds.
2026-03-10 14:14:06,633 - PipelineLogger - INFO - Starting execution of 'is_article_saved'
2026-03-10 14:14:06,633 - PipelineLogger - INFO - Finished execution of 'is_article_saved' in 0.0002 seconds.
2026-03-10 14:14:06,633 - PipelineLogger - INFO - Starting execution of 'is_article_saved'
2026-03-10 14:14:06,633 - PipelineLogger - INFO - Finished execution of 'is_article_saved' in 0.0002 seconds.
2026-03-10 14:14:06,633 - PipelineLogger - INFO - Starting execution of 'is_article_saved'
2026-03-10 14:14:06,634 - PipelineLogger - INFO - Finished execution of 'is_article_saved' in 0.0002 seconds.
2026-03-10 14:14:06,634 - PipelineLogger - INFO - Starting execution of 'is_article_saved'
2026-03-10 14:14:06,634 - PipelineLogger - INFO - Finished execution of 'is_article_saved' in 0.0002 seconds.
2026-03-10 14:14:06,634 - PipelineLogger - INFO - Starting execution of 'is_article_saved'
2026-03-10 14:14:06,634 - PipelineLogger - INFO - Finished execution of 'is_article_saved' in 0.0002 seconds.
2026-03-10 14:14:06,634 - PipelineLogger - INFO - Starting execution of 'is_article_saved'
2026-03-10 14:14:06,635 - PipelineLogger - INFO - Finished execution of 'is_article_saved' in 0.0002 seconds.
2026-03-10 14:14:06,635 - PipelineLogger - INFO - Starting execution of 'is_article_saved'
2026-03-10 14:14:06,635 - PipelineLogger - INFO - Finished execution of 'is_article_saved' in 0.0002 seconds.
2026-03-10 14:14:06,635 - PipelineLogger - INFO - Starting execution of 'is_article_saved'
2026-03-10 14:14:06,635 - PipelineLogger - INFO - Finished execution of 'is_article_saved' in 0.0002 seconds.
2026-03-10 14:14:08,415 - PipelineLogger - INFO - Finished execution of 'fetch_rss_news' in 88.9774 seconds.
2026-03-10 14:14:08,415 - PipelineLogger - INFO - Starting execution of 'fetch_newsapi_news'
2026-03-10 14:14:09,828 - PipelineLogger - INFO - Starting execution of 'is_article_saved'
2026-03-10 14:14:09,830 - PipelineLogger - INFO - Finished execution of 'is_article_saved' in 0.0007 seconds.
2026-03-10 14:14:13,073 - PipelineLogger - INFO - Starting execution of 'is_article_saved'
2026-03-10 14:14:13,074 - PipelineLogger - INFO - Finished execution of 'is_article_saved' in 0.0007 seconds.
2026-03-10 14:14:15,862 - PipelineLogger - INFO - Starting execution of 'is_article_saved'
2026-03-10 14:14:15,863 - PipelineLogger - INFO - Finished execution of 'is_article_saved' in 0.0006 seconds.
2026-03-10 14:14:16,575 - PipelineLogger - INFO - Starting execution of 'is_article_saved'
2026-03-10 14:14:16,576 - PipelineLogger - INFO - Finished execution of 'is_article_saved' in 0.0006 seconds.
2026-03-10 14:14:17,728 - PipelineLogger - INFO - Starting execution of 'is_article_saved'
2026-03-10 14:14:17,729 - PipelineLogger - INFO - Finished execution of 'is_article_saved' in 0.0007 seconds.
2026-03-10 14:14:18,533 - PipelineLogger - INFO - Starting execution of 'is_article_saved'
2026-03-10 14:14:18,534 - PipelineLogger - INFO - Finished execution of 'is_article_saved' in 0.0007 seconds.
2026-03-10 14:14:19,923 - PipelineLogger - INFO - Starting execution of 'is_article_saved'
2026-03-10 14:14:19,924 - PipelineLogger - INFO - Finished execution of 'is_article_saved' in 0.0007 seconds.
2026-03-10 14:14:26,202 - PipelineLogger - INFO - Starting execution of 'is_article_saved'
2026-03-10 14:14:26,203 - PipelineLogger - INFO - Finished execution of 'is_article_saved' in 0.0007 seconds.
2026-03-10 14:14:36,376 - PipelineLogger - INFO - Starting execution of 'is_article_saved'
2026-03-10 14:14:36,377 - PipelineLogger - INFO - Finished execution of 'is_article_saved' in 0.0006 seconds.
2026-03-10 14:14:38,245 - PipelineLogger - INFO - Starting execution of 'is_article_saved'
2026-03-10 14:14:38,246 - PipelineLogger - INFO - Finished execution of 'is_article_saved' in 0.0006 seconds.
2026-03-10 14:14:40,525 - PipelineLogger - INFO - Starting execution of 'is_article_saved'
2026-03-10 14:14:40,526 - PipelineLogger - INFO - Finished execution of 'is_article_saved' in 0.0003 seconds.
2026-03-10 14:14:41,860 - PipelineLogger - INFO - Starting execution of 'is_article_saved'
2026-03-10 14:14:41,861 - PipelineLogger - INFO - Finished execution of 'is_article_saved' in 0.0006 seconds.
2026-03-10 14:14:42,885 - PipelineLogger - INFO - Starting execution of 'is_article_saved'
2026-03-10 14:14:42,886 - PipelineLogger - INFO - Finished execution of 'is_article_saved' in 0.0006 seconds.
2026-03-10 14:14:43,700 - PipelineLogger - INFO - Starting execution of 'is_article_saved'
2026-03-10 14:14:43,701 - PipelineLogger - INFO - Finished execution of 'is_article_saved' in 0.0007 seconds.
2026-03-10 14:14:44,026 - PipelineLogger - INFO - Starting execution of 'is_article_saved'
2026-03-10 14:14:44,027 - PipelineLogger - INFO - Finished execution of 'is_article_saved' in 0.0007 seconds.
2026-03-10 14:14:44,430 - PipelineLogger - INFO - Starting execution of 'is_article_saved'
2026-03-10 14:14:44,431 - PipelineLogger - INFO - Finished execution of 'is_article_saved' in 0.0007 seconds.
2026-03-10 14:14:45,829 - PipelineLogger - INFO - Starting execution of 'is_article_saved'
2026-03-10 14:14:45,830 - PipelineLogger - INFO - Finished execution of 'is_article_saved' in 0.0007 seconds.
2026-03-10 14:14:45,830 - PipelineLogger - INFO - Starting execution of 'is_article_saved'
2026-03-10 14:14:45,831 - PipelineLogger - INFO - Finished execution of 'is_article_saved' in 0.0005 seconds.
2026-03-10 14:14:49,251 - PipelineLogger - INFO - Starting execution of 'is_article_saved'
2026-03-10 14:14:49,251 - PipelineLogger - INFO - Finished execution of 'is_article_saved' in 0.0004 seconds.
2026-03-10 14:14:50,662 - PipelineLogger - INFO - Starting execution of 'is_article_saved'
2026-03-10 14:14:50,663 - PipelineLogger - INFO - Finished execution of 'is_article_saved' in 0.0006 seconds.
2026-03-10 14:14:53,540 - PipelineLogger - INFO - Starting execution of 'is_article_saved'
2026-03-10 14:14:53,541 - PipelineLogger - INFO - Finished execution of 'is_article_saved' in 0.0006 seconds.
2026-03-10 14:14:59,574 - PipelineLogger - INFO - Starting execution of 'is_article_saved'
2026-03-10 14:14:59,575 - PipelineLogger - INFO - Finished execution of 'is_article_saved' in 0.0006 seconds.
2026-03-10 14:15:00,537 - PipelineLogger - INFO - Starting execution of 'is_article_saved'
2026-03-10 14:15:00,538 - PipelineLogger - INFO - Finished execution of 'is_article_saved' in 0.0007 seconds.
2026-03-10 14:15:03,592 - PipelineLogger - INFO - Starting execution of 'is_article_saved'
2026-03-10 14:15:03,593 - PipelineLogger - INFO - Finished execution of 'is_article_saved' in 0.0006 seconds.
2026-03-10 14:15:03,593 - PipelineLogger - INFO - Starting execution of 'is_article_saved'
2026-03-10 14:15:03,594 - PipelineLogger - INFO - Finished execution of 'is_article_saved' in 0.0003 seconds.
2026-03-10 14:15:05,645 - PipelineLogger - INFO - Starting execution of 'is_article_saved'
2026-03-10 14:15:05,646 - PipelineLogger - INFO - Finished execution of 'is_article_saved' in 0.0006 seconds.
2026-03-10 14:15:05,646 - PipelineLogger - INFO - Starting execution of 'is_article_saved'
2026-03-10 14:15:05,647 - PipelineLogger - INFO - Finished execution of 'is_article_saved' in 0.0004 seconds.
2026-03-10 14:15:05,647 - PipelineLogger - INFO - Starting execution of 'is_article_saved'
2026-03-10 14:15:05,648 - PipelineLogger - INFO - Finished execution of 'is_article_saved' in 0.0003 seconds.
2026-03-10 14:15:06,953 - PipelineLogger - INFO - Starting execution of 'is_article_saved'
2026-03-10 14:15:06,954 - PipelineLogger - INFO - Finished execution of 'is_article_saved' in 0.0007 seconds.
2026-03-10 14:15:08,392 - PipelineLogger - INFO - Starting execution of 'is_article_saved'
2026-03-10 14:15:08,392 - PipelineLogger - INFO - Finished execution of 'is_article_saved' in 0.0005 seconds.
2026-03-10 14:15:11,620 - PipelineLogger - INFO - Starting execution of 'is_article_saved'
2026-03-10 14:15:11,621 - PipelineLogger - INFO - Finished execution of 'is_article_saved' in 0.0006 seconds.
2026-03-10 14:15:27,444 - PipelineLogger - INFO - Starting execution of 'is_article_saved'
2026-03-10 14:15:27,445 - PipelineLogger - INFO - Finished execution of 'is_article_saved' in 0.0007 seconds.
2026-03-10 14:15:30,635 - PipelineLogger - INFO - Starting execution of 'is_article_saved'
2026-03-10 14:15:30,636 - PipelineLogger - INFO - Finished execution of 'is_article_saved' in 0.0006 seconds.
2026-03-10 14:15:36,996 - PipelineLogger - INFO - Starting execution of 'is_article_saved'
2026-03-10 14:15:36,997 - PipelineLogger - INFO - Finished execution of 'is_article_saved' in 0.0004 seconds.
2026-03-10 14:15:38,559 - PipelineLogger - INFO - Starting execution of 'is_article_saved'
2026-03-10 14:15:38,560 - PipelineLogger - INFO - Finished execution of 'is_article_saved' in 0.0008 seconds.
2026-03-10 14:15:38,560 - PipelineLogger - INFO - Starting execution of 'is_article_saved'
2026-03-10 14:15:38,561 - PipelineLogger - INFO - Finished execution of 'is_article_saved' in 0.0005 seconds.
2026-03-10 14:15:40,089 - PipelineLogger - INFO - Starting execution of 'is_article_saved'
2026-03-10 14:15:40,090 - PipelineLogger - INFO - Finished execution of 'is_article_saved' in 0.0008 seconds.
2026-03-10 14:15:40,090 - PipelineLogger - INFO - Starting execution of 'is_article_saved'
2026-03-10 14:15:40,091 - PipelineLogger - INFO - Finished execution of 'is_article_saved' in 0.0005 seconds.
2026-03-10 14:15:40,745 - PipelineLogger - INFO - Starting execution of 'is_article_saved'
2026-03-10 14:15:40,746 - PipelineLogger - INFO - Finished execution of 'is_article_saved' in 0.0007 seconds.
2026-03-10 14:15:41,249 - PipelineLogger - INFO - Starting execution of 'is_article_saved'
2026-03-10 14:15:41,250 - PipelineLogger - INFO - Finished execution of 'is_article_saved' in 0.0007 seconds.
2026-03-10 14:15:53,048 - PipelineLogger - INFO - Starting execution of 'is_article_saved'
2026-03-10 14:15:53,049 - PipelineLogger - INFO - Finished execution of 'is_article_saved' in 0.0004 seconds.
2026-03-10 14:15:55,636 - PipelineLogger - INFO - Starting execution of 'is_article_saved'
2026-03-10 14:15:55,637 - PipelineLogger - INFO - Finished execution of 'is_article_saved' in 0.0003 seconds.
2026-03-10 14:15:57,220 - PipelineLogger - INFO - Starting execution of 'is_article_saved'
2026-03-10 14:15:57,221 - PipelineLogger - INFO - Finished execution of 'is_article_saved' in 0.0006 seconds.
2026-03-10 14:15:58,960 - PipelineLogger - INFO - Starting execution of 'is_article_saved'
2026-03-10 14:15:58,961 - PipelineLogger - INFO - Finished execution of 'is_article_saved' in 0.0006 seconds.
2026-03-10 14:16:07,588 - PipelineLogger - INFO - Starting execution of 'is_article_saved'
2026-03-10 14:16:07,589 - PipelineLogger - INFO - Finished execution of 'is_article_saved' in 0.0007 seconds.
2026-03-10 14:16:09,424 - PipelineLogger - INFO - Starting execution of 'is_article_saved'
2026-03-10 14:16:09,424 - PipelineLogger - INFO - Finished execution of 'is_article_saved' in 0.0004 seconds.
2026-03-10 14:16:10,780 - PipelineLogger - INFO - Starting execution of 'is_article_saved'
2026-03-10 14:16:10,781 - PipelineLogger - INFO - Finished execution of 'is_article_saved' in 0.0005 seconds.
2026-03-10 14:16:22,782 - PipelineLogger - INFO - Starting execution of 'is_article_saved'
2026-03-10 14:16:22,783 - PipelineLogger - INFO - Finished execution of 'is_article_saved' in 0.0007 seconds.
2026-03-10 14:16:26,065 - PipelineLogger - INFO - Starting execution of 'is_article_saved'
2026-03-10 14:16:26,066 - PipelineLogger - INFO - Finished execution of 'is_article_saved' in 0.0005 seconds.
2026-03-10 14:16:26,862 - PipelineLogger - INFO - Starting execution of 'is_article_saved'
2026-03-10 14:16:26,863 - PipelineLogger - INFO - Finished execution of 'is_article_saved' in 0.0003 seconds.
2026-03-10 14:16:28,242 - PipelineLogger - INFO - Starting execution of 'is_article_saved'
2026-03-10 14:16:28,242 - PipelineLogger - INFO - Finished execution of 'is_article_saved' in 0.0003 seconds.
2026-03-10 14:16:28,781 - PipelineLogger - INFO - Starting execution of 'is_article_saved'
2026-03-10 14:16:28,782 - PipelineLogger - INFO - Finished execution of 'is_article_saved' in 0.0006 seconds.
2026-03-10 14:16:30,790 - PipelineLogger - INFO - Starting execution of 'is_article_saved'
2026-03-10 14:16:30,791 - PipelineLogger - INFO - Finished execution of 'is_article_saved' in 0.0004 seconds.
2026-03-10 14:16:30,791 - PipelineLogger - INFO - Starting execution of 'is_article_saved'
2026-03-10 14:16:30,791 - PipelineLogger - INFO - Finished execution of 'is_article_saved' in 0.0002 seconds.
2026-03-10 14:16:30,791 - PipelineLogger - INFO - Starting execution of 'is_article_saved'
2026-03-10 14:16:30,792 - PipelineLogger - INFO - Finished execution of 'is_article_saved' in 0.0002 seconds.
2026-03-10 14:16:30,792 - PipelineLogger - INFO - Starting execution of 'is_article_saved'
2026-03-10 14:16:30,792 - PipelineLogger - INFO - Finished execution of 'is_article_saved' in 0.0002 seconds.
2026-03-10 14:16:31,258 - PipelineLogger - INFO - Starting execution of 'is_article_saved'
2026-03-10 14:16:31,258 - PipelineLogger - INFO - Finished execution of 'is_article_saved' in 0.0004 seconds.
2026-03-10 14:16:31,258 - PipelineLogger - INFO - Starting execution of 'is_article_saved'
2026-03-10 14:16:31,259 - PipelineLogger - INFO - Finished execution of 'is_article_saved' in 0.0002 seconds.
2026-03-10 14:16:32,419 - PipelineLogger - INFO - Starting execution of 'is_article_saved'
2026-03-10 14:16:32,419 - PipelineLogger - INFO - Finished execution of 'is_article_saved' in 0.0004 seconds.
2026-03-10 14:16:33,284 - PipelineLogger - INFO - Starting execution of 'is_article_saved'
2026-03-10 14:16:33,285 - PipelineLogger - INFO - Finished execution of 'is_article_saved' in 0.0006 seconds.
2026-03-10 14:16:33,285 - PipelineLogger - INFO - Starting execution of 'is_article_saved'
2026-03-10 14:16:33,286 - PipelineLogger - INFO - Finished execution of 'is_article_saved' in 0.0004 seconds.
2026-03-10 14:16:33,286 - PipelineLogger - INFO - Starting execution of 'is_article_saved'
2026-03-10 14:16:33,286 - PipelineLogger - INFO - Finished execution of 'is_article_saved' in 0.0004 seconds.
2026-03-10 14:16:33,286 - PipelineLogger - INFO - Starting execution of 'is_article_saved'
2026-03-10 14:16:33,287 - PipelineLogger - INFO - Finished execution of 'is_article_saved' in 0.0003 seconds.
2026-03-10 14:16:33,287 - PipelineLogger - INFO - Starting execution of 'is_article_saved'
2026-03-10 14:16:33,287 - PipelineLogger - INFO - Finished execution of 'is_article_saved' in 0.0003 seconds.
2026-03-10 14:16:33,288 - PipelineLogger - INFO - Starting execution of 'is_article_saved'
2026-03-10 14:16:33,288 - PipelineLogger - INFO - Finished execution of 'is_article_saved' in 0.0003 seconds.
2026-03-10 14:16:33,288 - PipelineLogger - INFO - Starting execution of 'is_article_saved'
2026-03-10 14:16:33,288 - PipelineLogger - INFO - Finished execution of 'is_article_saved' in 0.0003 seconds.
2026-03-10 14:16:33,903 - PipelineLogger - INFO - Starting execution of 'is_article_saved'
2026-03-10 14:16:33,904 - PipelineLogger - INFO - Finished execution of 'is_article_saved' in 0.0006 seconds.
2026-03-10 14:16:36,121 - PipelineLogger - INFO - Starting execution of 'is_article_saved'
2026-03-10 14:16:36,122 - PipelineLogger - INFO - Finished execution of 'is_article_saved' in 0.0004 seconds.
2026-03-10 14:16:37,108 - PipelineLogger - INFO - Starting execution of 'is_article_saved'
2026-03-10 14:16:37,109 - PipelineLogger - INFO - Finished execution of 'is_article_saved' in 0.0004 seconds.
2026-03-10 14:16:37,562 - PipelineLogger - INFO - Starting execution of 'is_article_saved'
2026-03-10 14:16:37,562 - PipelineLogger - INFO - Finished execution of 'is_article_saved' in 0.0004 seconds.
2026-03-10 14:16:37,908 - PipelineLogger - INFO - Starting execution of 'is_article_saved'
2026-03-10 14:16:37,908 - PipelineLogger - INFO - Finished execution of 'is_article_saved' in 0.0004 seconds.
2026-03-10 14:16:39,026 - PipelineLogger - INFO - Starting execution of 'is_article_saved'
2026-03-10 14:16:39,027 - PipelineLogger - INFO - Finished execution of 'is_article_saved' in 0.0004 seconds.
2026-03-10 14:16:39,027 - PipelineLogger - INFO - Starting execution of 'is_article_saved'
2026-03-10 14:16:39,027 - PipelineLogger - INFO - Finished execution of 'is_article_saved' in 0.0002 seconds.
2026-03-10 14:16:39,028 - PipelineLogger - INFO - Starting execution of 'is_article_saved'
2026-03-10 14:16:39,028 - PipelineLogger - INFO - Finished execution of 'is_article_saved' in 0.0002 seconds.
2026-03-10 14:16:39,028 - PipelineLogger - INFO - Starting execution of 'is_article_saved'
2026-03-10 14:16:39,028 - PipelineLogger - INFO - Finished execution of 'is_article_saved' in 0.0002 seconds.
2026-03-10 14:16:39,762 - PipelineLogger - INFO - Starting execution of 'is_article_saved'
2026-03-10 14:16:39,762 - PipelineLogger - INFO - Finished execution of 'is_article_saved' in 0.0003 seconds.
2026-03-10 14:16:39,763 - PipelineLogger - INFO - Starting execution of 'is_article_saved'
2026-03-10 14:16:39,763 - PipelineLogger - INFO - Finished execution of 'is_article_saved' in 0.0002 seconds.
2026-03-10 14:16:39,763 - PipelineLogger - INFO - Starting execution of 'is_article_saved'
2026-03-10 14:16:39,763 - PipelineLogger - INFO - Finished execution of 'is_article_saved' in 0.0002 seconds.
2026-03-10 14:16:39,763 - PipelineLogger - INFO - Starting execution of 'is_article_saved'
2026-03-10 14:16:39,763 - PipelineLogger - INFO - Finished execution of 'is_article_saved' in 0.0002 seconds.
2026-03-10 14:16:39,763 - PipelineLogger - INFO - Starting execution of 'is_article_saved'
2026-03-10 14:16:39,764 - PipelineLogger - INFO - Finished execution of 'is_article_saved' in 0.0002 seconds.
2026-03-10 14:16:39,764 - PipelineLogger - INFO - Starting execution of 'is_article_saved'
2026-03-10 14:16:39,764 - PipelineLogger - INFO - Finished execution of 'is_article_saved' in 0.0002 seconds.
2026-03-10 14:16:39,764 - PipelineLogger - INFO - Starting execution of 'is_article_saved'
2026-03-10 14:16:39,764 - PipelineLogger - INFO - Finished execution of 'is_article_saved' in 0.0002 seconds.
2026-03-10 14:16:39,764 - PipelineLogger - INFO - Starting execution of 'is_article_saved'
2026-03-10 14:16:39,765 - PipelineLogger - INFO - Finished execution of 'is_article_saved' in 0.0001 seconds.
2026-03-10 14:16:39,765 - PipelineLogger - INFO - Starting execution of 'is_article_saved'
2026-03-10 14:16:39,765 - PipelineLogger - INFO - Finished execution of 'is_article_saved' in 0.0002 seconds.
2026-03-10 14:16:39,765 - PipelineLogger - INFO - Starting execution of 'is_article_saved'
2026-03-10 14:16:39,765 - PipelineLogger - INFO - Finished execution of 'is_article_saved' in 0.0002 seconds.
2026-03-10 14:16:40,313 - PipelineLogger - INFO - Starting execution of 'is_article_saved'
2026-03-10 14:16:40,313 - PipelineLogger - INFO - Finished execution of 'is_article_saved' in 0.0004 seconds.
2026-03-10 14:16:41,415 - PipelineLogger - INFO - Starting execution of 'is_article_saved'
2026-03-10 14:16:41,416 - PipelineLogger - INFO - Finished execution of 'is_article_saved' in 0.0002 seconds.
2026-03-10 14:16:42,110 - PipelineLogger - INFO - Starting execution of 'is_article_saved'
2026-03-10 14:16:42,110 - PipelineLogger - INFO - Finished execution of 'is_article_saved' in 0.0002 seconds.
2026-03-10 14:16:42,485 - PipelineLogger - INFO - Starting execution of 'is_article_saved'
2026-03-10 14:16:42,485 - PipelineLogger - INFO - Finished execution of 'is_article_saved' in 0.0002 seconds.
2026-03-10 14:16:44,466 - PipelineLogger - INFO - Starting execution of 'is_article_saved'
2026-03-10 14:16:44,467 - PipelineLogger - INFO - Finished execution of 'is_article_saved' in 0.0002 seconds.
2026-03-10 14:16:45,860 - PipelineLogger - INFO - Starting execution of 'is_article_saved'
2026-03-10 14:16:45,861 - PipelineLogger - INFO - Finished execution of 'is_article_saved' in 0.0002 seconds.
2026-03-10 14:16:47,778 - PipelineLogger - INFO - Starting execution of 'is_article_saved'
2026-03-10 14:16:47,778 - PipelineLogger - INFO - Finished execution of 'is_article_saved' in 0.0002 seconds.
2026-03-10 14:16:50,001 - PipelineLogger - INFO - Starting execution of 'is_article_saved'
2026-03-10 14:16:50,002 - PipelineLogger - INFO - Finished execution of 'is_article_saved' in 0.0002 seconds.
2026-03-10 14:16:51,270 - PipelineLogger - INFO - Starting execution of 'is_article_saved'
2026-03-10 14:16:51,270 - PipelineLogger - INFO - Finished execution of 'is_article_saved' in 0.0002 seconds.
2026-03-10 14:16:52,383 - PipelineLogger - INFO - Starting execution of 'is_article_saved'
2026-03-10 14:16:52,384 - PipelineLogger - INFO - Finished execution of 'is_article_saved' in 0.0004 seconds.
2026-03-10 14:16:53,367 - PipelineLogger - INFO - Starting execution of 'is_article_saved'
2026-03-10 14:16:53,367 - PipelineLogger - INFO - Finished execution of 'is_article_saved' in 0.0003 seconds.
2026-03-10 14:16:53,367 - PipelineLogger - INFO - Starting execution of 'is_article_saved'
2026-03-10 14:16:53,367 - PipelineLogger - INFO - Finished execution of 'is_article_saved' in 0.0001 seconds.
2026-03-10 14:16:53,367 - PipelineLogger - INFO - Starting execution of 'is_article_saved'
2026-03-10 14:16:53,368 - PipelineLogger - INFO - Finished execution of 'is_article_saved' in 0.0001 seconds.
2026-03-10 14:16:53,368 - PipelineLogger - INFO - Starting execution of 'is_article_saved'
2026-03-10 14:16:53,368 - PipelineLogger - INFO - Finished execution of 'is_article_saved' in 0.0001 seconds.
2026-03-10 14:16:53,368 - PipelineLogger - INFO - Starting execution of 'is_article_saved'
2026-03-10 14:16:53,368 - PipelineLogger - INFO - Finished execution of 'is_article_saved' in 0.0001 seconds.
2026-03-10 14:16:53,368 - PipelineLogger - INFO - Starting execution of 'is_article_saved'
2026-03-10 14:16:53,368 - PipelineLogger - INFO - Finished execution of 'is_article_saved' in 0.0001 seconds.
2026-03-10 14:16:53,368 - PipelineLogger - INFO - Starting execution of 'is_article_saved'
2026-03-10 14:16:53,368 - PipelineLogger - INFO - Finished execution of 'is_article_saved' in 0.0001 seconds.
2026-03-10 14:16:53,368 - PipelineLogger - INFO - Starting execution of 'is_article_saved'
2026-03-10 14:16:53,368 - PipelineLogger - INFO - Finished execution of 'is_article_saved' in 0.0001 seconds.
2026-03-10 14:16:53,368 - PipelineLogger - INFO - Starting execution of 'is_article_saved'
2026-03-10 14:16:53,368 - PipelineLogger - INFO - Finished execution of 'is_article_saved' in 0.0001 seconds.
2026-03-10 14:16:54,339 - PipelineLogger - INFO - Starting execution of 'is_article_saved'
2026-03-10 14:16:54,339 - PipelineLogger - INFO - Finished execution of 'is_article_saved' in 0.0005 seconds.
2026-03-10 14:16:55,016 - PipelineLogger - INFO - Starting execution of 'is_article_saved'
2026-03-10 14:16:55,016 - PipelineLogger - INFO - Finished execution of 'is_article_saved' in 0.0002 seconds.
2026-03-10 14:16:55,016 - PipelineLogger - INFO - Starting execution of 'is_article_saved'
2026-03-10 14:16:55,016 - PipelineLogger - INFO - Finished execution of 'is_article_saved' in 0.0001 seconds.
2026-03-10 14:16:55,016 - PipelineLogger - INFO - Starting execution of 'is_article_saved'
2026-03-10 14:16:55,016 - PipelineLogger - INFO - Finished execution of 'is_article_saved' in 0.0001 seconds.
2026-03-10 14:16:55,016 - PipelineLogger - INFO - Starting execution of 'is_article_saved'
2026-03-10 14:16:55,016 - PipelineLogger - INFO - Finished execution of 'is_article_saved' in 0.0001 seconds.
2026-03-10 14:16:55,016 - PipelineLogger - INFO - Starting execution of 'is_article_saved'
2026-03-10 14:16:55,016 - PipelineLogger - INFO - Finished execution of 'is_article_saved' in 0.0001 seconds.
2026-03-10 14:16:55,017 - PipelineLogger - INFO - Starting execution of 'is_article_saved'
2026-03-10 14:16:55,017 - PipelineLogger - INFO - Finished execution of 'is_article_saved' in 0.0001 seconds.
2026-03-10 14:16:55,017 - PipelineLogger - INFO - Starting execution of 'is_article_saved'
2026-03-10 14:16:55,017 - PipelineLogger - INFO - Finished execution of 'is_article_saved' in 0.0001 seconds.
2026-03-10 14:16:55,556 - PipelineLogger - INFO - Starting execution of 'is_article_saved'
2026-03-10 14:16:55,556 - PipelineLogger - INFO - Finished execution of 'is_article_saved' in 0.0002 seconds.
2026-03-10 14:16:56,272 - PipelineLogger - INFO - Starting execution of 'is_article_saved'
2026-03-10 14:16:56,272 - PipelineLogger - INFO - Finished execution of 'is_article_saved' in 0.0003 seconds.
2026-03-10 14:16:56,787 - PipelineLogger - INFO - Starting execution of 'is_article_saved'
2026-03-10 14:16:56,787 - PipelineLogger - INFO - Finished execution of 'is_article_saved' in 0.0002 seconds.
2026-03-10 14:16:57,832 - PipelineLogger - INFO - Starting execution of 'is_article_saved'
2026-03-10 14:16:57,832 - PipelineLogger - INFO - Finished execution of 'is_article_saved' in 0.0002 seconds.
2026-03-10 14:16:57,832 - PipelineLogger - INFO - Starting execution of 'is_article_saved'
2026-03-10 14:16:57,832 - PipelineLogger - INFO - Finished execution of 'is_article_saved' in 0.0001 seconds.
2026-03-10 14:16:58,674 - PipelineLogger - INFO - Starting execution of 'is_article_saved'
2026-03-10 14:16:58,675 - PipelineLogger - INFO - Finished execution of 'is_article_saved' in 0.0002 seconds.
2026-03-10 14:16:59,688 - PipelineLogger - INFO - Starting execution of 'is_article_saved'
2026-03-10 14:16:59,689 - PipelineLogger - INFO - Finished execution of 'is_article_saved' in 0.0002 seconds.
2026-03-10 14:17:00,050 - PipelineLogger - INFO - Starting execution of 'is_article_saved'
2026-03-10 14:17:00,050 - PipelineLogger - INFO - Finished execution of 'is_article_saved' in 0.0002 seconds.
2026-03-10 14:17:00,050 - PipelineLogger - INFO - Starting execution of 'is_article_saved'
2026-03-10 14:17:00,050 - PipelineLogger - INFO - Finished execution of 'is_article_saved' in 0.0001 seconds.
2026-03-10 14:17:00,455 - PipelineLogger - INFO - Starting execution of 'is_article_saved'
2026-03-10 14:17:00,455 - PipelineLogger - INFO - Finished execution of 'is_article_saved' in 0.0003 seconds.
2026-03-10 14:17:00,455 - PipelineLogger - INFO - Starting execution of 'is_article_saved'
2026-03-10 14:17:00,456 - PipelineLogger - INFO - Finished execution of 'is_article_saved' in 0.0001 seconds.
2026-03-10 14:17:00,456 - PipelineLogger - INFO - Finished execution of 'fetch_newsapi_news' in 172.0412 seconds.
2026-03-10 14:17:00,456 - PipelineLogger - INFO - Finished execution of 'scrape_all_sources' in 261.0192 seconds.
2026-03-10 14:17:00,456 - PipelineLogger - INFO - Extracted 61 relevant articles.
2026-03-10 14:17:00,456 - PipelineLogger - INFO - Saving articles to the database...
2026-03-10 14:17:00,456 - PipelineLogger - INFO - Starting execution of 'save_articles'
2026-03-10 14:17:00,490 - PipelineLogger - INFO - Finished execution of 'save_articles' in 0.0339 seconds.
2026-03-10 14:17:00,490 - PipelineLogger - INFO - Extracting data from database for analysis...
2026-03-10 14:17:00,491 - PipelineLogger - INFO - Starting execution of 'get_all_articles'
2026-03-10 14:17:00,500 - PipelineLogger - INFO - Finished execution of 'get_all_articles' in 0.0098 seconds.
2026-03-10 14:17:00,500 - PipelineLogger - INFO - Firing up the SQLite EDA module...
2026-03-10 14:17:00,500 - PipelineLogger - INFO - Starting execution of 'run_eda'
2026-03-10 14:17:00,501 - PipelineLogger - INFO - Generating EDA charts...
2026-03-10 14:17:00,681 - PipelineLogger - INFO - Saved top sources chart.
2026-03-10 14:17:01,471 - PipelineLogger - INFO - Saved top keywords chart.
2026-03-10 14:17:01,644 - PipelineLogger - INFO - Saved timeline chart.
2026-03-10 14:17:01,874 - PipelineLogger - INFO - Saved article length distribution chart.
2026-03-10 14:17:01,874 - PipelineLogger - INFO - EDA execution completed successfully.
2026-03-10 14:17:01,881 - PipelineLogger - INFO - Finished execution of 'run_eda' in 1.3804 seconds.
2026-03-10 14:17:01,881 - PipelineLogger - INFO - Launching Vector Database Embedding Sequence...
2026-03-10 14:17:01,881 - PipelineLogger - INFO - Starting execution of 'store_articles_in_vector_db'
2026-03-10 14:17:01,881 - PipelineLogger - INFO - [VectorDB] Initializing ChromaDB persistent client...
2026-03-10 14:17:01,890 - chromadb.telemetry.product.posthog - INFO - Anonymized telemetry enabled. See                     https://docs.trychroma.com/telemetry for more information.
2026-03-10 14:17:01,958 - PipelineLogger - INFO - [VectorDB] Configuring native Ollama Embedding Function (nomic-embed-text)...
2026-03-10 14:17:02,016 - PipelineLogger - INFO - [VectorDB] Chunking articles manually and preparing for insertion...
2026-03-10 14:17:02,097 - PipelineLogger - INFO - [VectorDB] Sending 18155 chunked items to Ollama & saving to ChromaDB...
2026-03-10 14:17:06,048 - httpx - INFO - HTTP Request: POST http://localhost:11434/api/embed "HTTP/1.1 200 OK"
2026-03-10 14:17:11,140 - httpx - INFO - HTTP Request: POST http://localhost:11434/api/embed "HTTP/1.1 200 OK"
2026-03-10 14:17:16,020 - httpx - INFO - HTTP Request: POST http://localhost:11434/api/embed "HTTP/1.1 200 OK"
2026-03-10 14:17:20,405 - httpx - INFO - HTTP Request: POST http://localhost:11434/api/embed "HTTP/1.1 200 OK"
2026-03-10 14:17:25,255 - httpx - INFO - HTTP Request: POST http://localhost:11434/api/embed "HTTP/1.1 200 OK"
2026-03-10 14:17:30,339 - httpx - INFO - HTTP Request: POST http://localhost:11434/api/embed "HTTP/1.1 200 OK"
2026-03-10 14:17:36,816 - httpx - INFO - HTTP Request: POST http://localhost:11434/api/embed "HTTP/1.1 200 OK"
2026-03-10 14:17:42,864 - httpx - INFO - HTTP Request: POST http://localhost:11434/api/embed "HTTP/1.1 200 OK"
2026-03-10 14:17:49,495 - httpx - INFO - HTTP Request: POST http://localhost:11434/api/embed "HTTP/1.1 200 OK"
2026-03-10 14:17:55,896 - httpx - INFO - HTTP Request: POST http://localhost:11434/api/embed "HTTP/1.1 200 OK"
2026-03-10 14:18:01,831 - httpx - INFO - HTTP Request: POST http://localhost:11434/api/embed "HTTP/1.1 200 OK"
2026-03-10 14:18:07,115 - httpx - INFO - HTTP Request: POST http://localhost:11434/api/embed "HTTP/1.1 200 OK"
2026-03-10 14:18:12,918 - httpx - INFO - HTTP Request: POST http://localhost:11434/api/embed "HTTP/1.1 200 OK"
2026-03-10 14:18:18,390 - httpx - INFO - HTTP Request: POST http://localhost:11434/api/embed "HTTP/1.1 200 OK"
2026-03-10 14:18:24,181 - httpx - INFO - HTTP Request: POST http://localhost:11434/api/embed "HTTP/1.1 200 OK"
2026-03-10 14:18:29,706 - httpx - INFO - HTTP Request: POST http://localhost:11434/api/embed "HTTP/1.1 200 OK"
2026-03-10 14:18:35,148 - httpx - INFO - HTTP Request: POST http://localhost:11434/api/embed "HTTP/1.1 200 OK"
2026-03-10 14:18:40,792 - httpx - INFO - HTTP Request: POST http://localhost:11434/api/embed "HTTP/1.1 200 OK"
2026-03-10 14:18:45,990 - httpx - INFO - HTTP Request: POST http://localhost:11434/api/embed "HTTP/1.1 200 OK"
2026-03-10 14:18:51,655 - httpx - INFO - HTTP Request: POST http://localhost:11434/api/embed "HTTP/1.1 200 OK"
2026-03-10 14:18:57,566 - httpx - INFO - HTTP Request: POST http://localhost:11434/api/embed "HTTP/1.1 200 OK"
2026-03-10 14:19:03,628 - httpx - INFO - HTTP Request: POST http://localhost:11434/api/embed "HTTP/1.1 200 OK"
2026-03-10 14:19:09,589 - httpx - INFO - HTTP Request: POST http://localhost:11434/api/embed "HTTP/1.1 200 OK"
2026-03-10 14:19:15,287 - httpx - INFO - HTTP Request: POST http://localhost:11434/api/embed "HTTP/1.1 200 OK"
2026-03-10 14:19:20,325 - httpx - INFO - HTTP Request: POST http://localhost:11434/api/embed "HTTP/1.1 200 OK"
2026-03-10 14:19:26,242 - httpx - INFO - HTTP Request: POST http://localhost:11434/api/embed "HTTP/1.1 200 OK"
2026-03-10 14:19:31,993 - httpx - INFO - HTTP Request: POST http://localhost:11434/api/embed "HTTP/1.1 200 OK"
2026-03-10 14:19:37,174 - httpx - INFO - HTTP Request: POST http://localhost:11434/api/embed "HTTP/1.1 200 OK"
2026-03-10 14:19:42,898 - httpx - INFO - HTTP Request: POST http://localhost:11434/api/embed "HTTP/1.1 200 OK"
2026-03-10 14:19:48,931 - httpx - INFO - HTTP Request: POST http://localhost:11434/api/embed "HTTP/1.1 200 OK"
2026-03-10 14:19:54,841 - httpx - INFO - HTTP Request: POST http://localhost:11434/api/embed "HTTP/1.1 200 OK"
2026-03-10 14:20:00,967 - httpx - INFO - HTTP Request: POST http://localhost:11434/api/embed "HTTP/1.1 200 OK"
2026-03-10 14:20:06,857 - httpx - INFO - HTTP Request: POST http://localhost:11434/api/embed "HTTP/1.1 200 OK"
2026-03-10 14:20:12,790 - httpx - INFO - HTTP Request: POST http://localhost:11434/api/embed "HTTP/1.1 200 OK"
2026-03-10 14:20:18,598 - httpx - INFO - HTTP Request: POST http://localhost:11434/api/embed "HTTP/1.1 200 OK"
2026-03-10 14:20:24,796 - httpx - INFO - HTTP Request: POST http://localhost:11434/api/embed "HTTP/1.1 200 OK"
2026-03-10 14:20:30,977 - httpx - INFO - HTTP Request: POST http://localhost:11434/api/embed "HTTP/1.1 200 OK"
2026-03-10 14:20:37,600 - httpx - INFO - HTTP Request: POST http://localhost:11434/api/embed "HTTP/1.1 200 OK"
2026-03-10 14:20:43,314 - httpx - INFO - HTTP Request: POST http://localhost:11434/api/embed "HTTP/1.1 200 OK"
2026-03-10 14:20:49,229 - httpx - INFO - HTTP Request: POST http://localhost:11434/api/embed "HTTP/1.1 200 OK"
2026-03-10 14:20:55,165 - httpx - INFO - HTTP Request: POST http://localhost:11434/api/embed "HTTP/1.1 200 OK"
2026-03-10 14:21:00,400 - httpx - INFO - HTTP Request: POST http://localhost:11434/api/embed "HTTP/1.1 200 OK"
2026-03-10 14:21:06,301 - httpx - INFO - HTTP Request: POST http://localhost:11434/api/embed "HTTP/1.1 200 OK"
2026-03-10 14:21:11,575 - httpx - INFO - HTTP Request: POST http://localhost:11434/api/embed "HTTP/1.1 200 OK"
2026-03-10 14:21:17,047 - httpx - INFO - HTTP Request: POST http://localhost:11434/api/embed "HTTP/1.1 200 OK"
2026-03-10 14:21:22,953 - httpx - INFO - HTTP Request: POST http://localhost:11434/api/embed "HTTP/1.1 200 OK"
2026-03-10 14:21:28,764 - httpx - INFO - HTTP Request: POST http://localhost:11434/api/embed "HTTP/1.1 200 OK"
2026-03-10 14:21:33,930 - httpx - INFO - HTTP Request: POST http://localhost:11434/api/embed "HTTP/1.1 200 OK"
2026-03-10 14:21:39,325 - httpx - INFO - HTTP Request: POST http://localhost:11434/api/embed "HTTP/1.1 200 OK"
2026-03-10 14:21:44,583 - httpx - INFO - HTTP Request: POST http://localhost:11434/api/embed "HTTP/1.1 200 OK"
2026-03-10 14:21:50,306 - httpx - INFO - HTTP Request: POST http://localhost:11434/api/embed "HTTP/1.1 200 OK"
2026-03-10 14:21:56,070 - httpx - INFO - HTTP Request: POST http://localhost:11434/api/embed "HTTP/1.1 200 OK"
2026-03-10 14:22:01,376 - httpx - INFO - HTTP Request: POST http://localhost:11434/api/embed "HTTP/1.1 200 OK"
2026-03-10 14:22:07,051 - httpx - INFO - HTTP Request: POST http://localhost:11434/api/embed "HTTP/1.1 200 OK"
2026-03-10 14:22:12,945 - httpx - INFO - HTTP Request: POST http://localhost:11434/api/embed "HTTP/1.1 200 OK"
2026-03-10 14:22:19,099 - httpx - INFO - HTTP Request: POST http://localhost:11434/api/embed "HTTP/1.1 200 OK"
2026-03-10 14:22:24,957 - httpx - INFO - HTTP Request: POST http://localhost:11434/api/embed "HTTP/1.1 200 OK"
2026-03-10 14:22:30,656 - httpx - INFO - HTTP Request: POST http://localhost:11434/api/embed "HTTP/1.1 200 OK"
2026-03-10 14:22:37,155 - httpx - INFO - HTTP Request: POST http://localhost:11434/api/embed "HTTP/1.1 200 OK"
2026-03-10 14:22:43,275 - httpx - INFO - HTTP Request: POST http://localhost:11434/api/embed "HTTP/1.1 200 OK"
2026-03-10 14:22:48,713 - httpx - INFO - HTTP Request: POST http://localhost:11434/api/embed "HTTP/1.1 200 OK"
2026-03-10 14:22:54,467 - httpx - INFO - HTTP Request: POST http://localhost:11434/api/embed "HTTP/1.1 200 OK"
2026-03-10 14:23:00,714 - httpx - INFO - HTTP Request: POST http://localhost:11434/api/embed "HTTP/1.1 200 OK"
2026-03-10 14:23:06,344 - httpx - INFO - HTTP Request: POST http://localhost:11434/api/embed "HTTP/1.1 200 OK"
2026-03-10 14:23:12,235 - httpx - INFO - HTTP Request: POST http://localhost:11434/api/embed "HTTP/1.1 200 OK"
2026-03-10 14:23:18,058 - httpx - INFO - HTTP Request: POST http://localhost:11434/api/embed "HTTP/1.1 200 OK"
2026-03-10 14:23:24,062 - httpx - INFO - HTTP Request: POST http://localhost:11434/api/embed "HTTP/1.1 200 OK"
2026-03-10 14:23:29,983 - httpx - INFO - HTTP Request: POST http://localhost:11434/api/embed "HTTP/1.1 200 OK"
2026-03-10 14:23:36,306 - httpx - INFO - HTTP Request: POST http://localhost:11434/api/embed "HTTP/1.1 200 OK"
2026-03-10 14:23:42,419 - httpx - INFO - HTTP Request: POST http://localhost:11434/api/embed "HTTP/1.1 200 OK"
2026-03-10 14:23:49,798 - httpx - INFO - HTTP Request: POST http://localhost:11434/api/embed "HTTP/1.1 200 OK"
2026-03-10 14:23:55,802 - httpx - INFO - HTTP Request: POST http://localhost:11434/api/embed "HTTP/1.1 200 OK"
2026-03-10 14:24:01,186 - httpx - INFO - HTTP Request: POST http://localhost:11434/api/embed "HTTP/1.1 200 OK"
2026-03-10 14:24:06,938 - httpx - INFO - HTTP Request: POST http://localhost:11434/api/embed "HTTP/1.1 200 OK"
2026-03-10 14:24:13,201 - httpx - INFO - HTTP Request: POST http://localhost:11434/api/embed "HTTP/1.1 200 OK"
2026-03-10 14:24:19,523 - httpx - INFO - HTTP Request: POST http://localhost:11434/api/embed "HTTP/1.1 200 OK"
2026-03-10 14:24:24,579 - httpx - INFO - HTTP Request: POST http://localhost:11434/api/embed "HTTP/1.1 200 OK"
2026-03-10 14:24:29,983 - httpx - INFO - HTTP Request: POST http://localhost:11434/api/embed "HTTP/1.1 200 OK"
2026-03-10 14:24:36,150 - httpx - INFO - HTTP Request: POST http://localhost:11434/api/embed "HTTP/1.1 200 OK"
2026-03-10 14:24:42,405 - httpx - INFO - HTTP Request: POST http://localhost:11434/api/embed "HTTP/1.1 200 OK"
2026-03-10 14:24:48,370 - httpx - INFO - HTTP Request: POST http://localhost:11434/api/embed "HTTP/1.1 200 OK"
2026-03-10 14:24:53,950 - httpx - INFO - HTTP Request: POST http://localhost:11434/api/embed "HTTP/1.1 200 OK"
2026-03-10 14:25:01,443 - httpx - INFO - HTTP Request: POST http://localhost:11434/api/embed "HTTP/1.1 200 OK"
2026-03-10 14:25:07,693 - httpx - INFO - HTTP Request: POST http://localhost:11434/api/embed "HTTP/1.1 200 OK"
2026-03-10 14:25:13,574 - httpx - INFO - HTTP Request: POST http://localhost:11434/api/embed "HTTP/1.1 200 OK"
2026-03-10 14:25:20,254 - httpx - INFO - HTTP Request: POST http://localhost:11434/api/embed "HTTP/1.1 200 OK"
2026-03-10 14:25:26,145 - httpx - INFO - HTTP Request: POST http://localhost:11434/api/embed "HTTP/1.1 200 OK"
2026-03-10 14:25:34,099 - httpx - INFO - HTTP Request: POST http://localhost:11434/api/embed "HTTP/1.1 200 OK"
2026-03-10 14:25:40,815 - httpx - INFO - HTTP Request: POST http://localhost:11434/api/embed "HTTP/1.1 200 OK"
2026-03-10 14:25:47,080 - httpx - INFO - HTTP Request: POST http://localhost:11434/api/embed "HTTP/1.1 200 OK"
2026-03-10 14:25:53,519 - httpx - INFO - HTTP Request: POST http://localhost:11434/api/embed "HTTP/1.1 200 OK"
2026-03-10 14:26:00,126 - httpx - INFO - HTTP Request: POST http://localhost:11434/api/embed "HTTP/1.1 200 OK"
2026-03-10 14:26:06,325 - httpx - INFO - HTTP Request: POST http://localhost:11434/api/embed "HTTP/1.1 200 OK"
2026-03-10 14:26:12,853 - httpx - INFO - HTTP Request: POST http://localhost:11434/api/embed "HTTP/1.1 200 OK"
2026-03-10 14:26:25,809 - httpx - INFO - HTTP Request: POST http://localhost:11434/api/embed "HTTP/1.1 200 OK"
2026-03-10 14:26:43,690 - httpx - INFO - HTTP Request: POST http://localhost:11434/api/embed "HTTP/1.1 200 OK"
2026-03-10 14:26:55,501 - httpx - INFO - HTTP Request: POST http://localhost:11434/api/embed "HTTP/1.1 200 OK"
2026-03-10 14:27:02,299 - httpx - INFO - HTTP Request: POST http://localhost:11434/api/embed "HTTP/1.1 200 OK"
2026-03-10 14:27:09,837 - httpx - INFO - HTTP Request: POST http://localhost:11434/api/embed "HTTP/1.1 200 OK"
2026-03-10 14:27:16,062 - httpx - INFO - HTTP Request: POST http://localhost:11434/api/embed "HTTP/1.1 200 OK"
2026-03-10 14:27:22,441 - httpx - INFO - HTTP Request: POST http://localhost:11434/api/embed "HTTP/1.1 200 OK"
2026-03-10 14:27:29,257 - httpx - INFO - HTTP Request: POST http://localhost:11434/api/embed "HTTP/1.1 200 OK"
2026-03-10 14:27:36,245 - httpx - INFO - HTTP Request: POST http://localhost:11434/api/embed "HTTP/1.1 200 OK"
2026-03-10 14:27:42,969 - httpx - INFO - HTTP Request: POST http://localhost:11434/api/embed "HTTP/1.1 200 OK"
2026-03-10 14:27:49,556 - httpx - INFO - HTTP Request: POST http://localhost:11434/api/embed "HTTP/1.1 200 OK"
2026-03-10 14:27:56,483 - httpx - INFO - HTTP Request: POST http://localhost:11434/api/embed "HTTP/1.1 200 OK"
2026-03-10 14:28:03,144 - httpx - INFO - HTTP Request: POST http://localhost:11434/api/embed "HTTP/1.1 200 OK"
2026-03-10 14:28:09,711 - httpx - INFO - HTTP Request: POST http://localhost:11434/api/embed "HTTP/1.1 200 OK"
2026-03-10 14:28:15,034 - httpx - INFO - HTTP Request: POST http://localhost:11434/api/embed "HTTP/1.1 200 OK"
2026-03-10 14:28:22,118 - httpx - INFO - HTTP Request: POST http://localhost:11434/api/embed "HTTP/1.1 200 OK"
2026-03-10 14:28:29,083 - httpx - INFO - HTTP Request: POST http://localhost:11434/api/embed "HTTP/1.1 200 OK"
2026-03-10 14:28:35,085 - httpx - INFO - HTTP Request: POST http://localhost:11434/api/embed "HTTP/1.1 200 OK"
2026-03-10 14:28:40,777 - httpx - INFO - HTTP Request: POST http://localhost:11434/api/embed "HTTP/1.1 200 OK"
2026-03-10 14:28:46,988 - httpx - INFO - HTTP Request: POST http://localhost:11434/api/embed "HTTP/1.1 200 OK"
2026-03-10 14:28:53,516 - httpx - INFO - HTTP Request: POST http://localhost:11434/api/embed "HTTP/1.1 200 OK"
2026-03-10 14:28:59,998 - httpx - INFO - HTTP Request: POST http://localhost:11434/api/embed "HTTP/1.1 200 OK"
2026-03-10 14:29:06,642 - httpx - INFO - HTTP Request: POST http://localhost:11434/api/embed "HTTP/1.1 200 OK"
2026-03-10 14:29:13,587 - httpx - INFO - HTTP Request: POST http://localhost:11434/api/embed "HTTP/1.1 200 OK"
2026-03-10 14:29:20,697 - httpx - INFO - HTTP Request: POST http://localhost:11434/api/embed "HTTP/1.1 200 OK"
2026-03-10 14:29:26,805 - httpx - INFO - HTTP Request: POST http://localhost:11434/api/embed "HTTP/1.1 200 OK"
2026-03-10 14:29:33,145 - httpx - INFO - HTTP Request: POST http://localhost:11434/api/embed "HTTP/1.1 200 OK"
2026-03-10 14:29:40,092 - httpx - INFO - HTTP Request: POST http://localhost:11434/api/embed "HTTP/1.1 200 OK"
2026-03-10 14:29:46,689 - httpx - INFO - HTTP Request: POST http://localhost:11434/api/embed "HTTP/1.1 200 OK"
2026-03-10 14:29:54,326 - httpx - INFO - HTTP Request: POST http://localhost:11434/api/embed "HTTP/1.1 200 OK"
2026-03-10 14:30:00,681 - httpx - INFO - HTTP Request: POST http://localhost:11434/api/embed "HTTP/1.1 200 OK"
2026-03-10 14:30:07,106 - httpx - INFO - HTTP Request: POST http://localhost:11434/api/embed "HTTP/1.1 200 OK"
2026-03-10 14:30:14,203 - httpx - INFO - HTTP Request: POST http://localhost:11434/api/embed "HTTP/1.1 200 OK"
2026-03-10 14:30:20,022 - httpx - INFO - HTTP Request: POST http://localhost:11434/api/embed "HTTP/1.1 200 OK"
2026-03-10 14:30:26,406 - httpx - INFO - HTTP Request: POST http://localhost:11434/api/embed "HTTP/1.1 200 OK"
2026-03-10 14:30:33,112 - httpx - INFO - HTTP Request: POST http://localhost:11434/api/embed "HTTP/1.1 200 OK"
2026-03-10 14:30:46,192 - httpx - INFO - HTTP Request: POST http://localhost:11434/api/embed "HTTP/1.1 200 OK"
2026-03-10 14:31:00,374 - httpx - INFO - HTTP Request: POST http://localhost:11434/api/embed "HTTP/1.1 200 OK"
2026-03-10 14:31:13,078 - httpx - INFO - HTTP Request: POST http://localhost:11434/api/embed "HTTP/1.1 200 OK"
2026-03-10 14:31:27,758 - httpx - INFO - HTTP Request: POST http://localhost:11434/api/embed "HTTP/1.1 200 OK"
2026-03-10 14:31:41,549 - httpx - INFO - HTTP Request: POST http://localhost:11434/api/embed "HTTP/1.1 200 OK"
2026-03-10 14:31:57,487 - httpx - INFO - HTTP Request: POST http://localhost:11434/api/embed "HTTP/1.1 200 OK"
2026-03-10 14:32:07,995 - httpx - INFO - HTTP Request: POST http://localhost:11434/api/embed "HTTP/1.1 200 OK"
2026-03-10 14:32:15,839 - httpx - INFO - HTTP Request: POST http://localhost:11434/api/embed "HTTP/1.1 200 OK"
2026-03-10 14:32:23,549 - httpx - INFO - HTTP Request: POST http://localhost:11434/api/embed "HTTP/1.1 200 OK"
2026-03-10 14:32:30,653 - httpx - INFO - HTTP Request: POST http://localhost:11434/api/embed "HTTP/1.1 200 OK"
2026-03-10 14:32:37,508 - httpx - INFO - HTTP Request: POST http://localhost:11434/api/embed "HTTP/1.1 200 OK"
2026-03-10 14:32:53,971 - httpx - INFO - HTTP Request: POST http://localhost:11434/api/embed "HTTP/1.1 200 OK"
2026-03-10 14:33:09,087 - httpx - INFO - HTTP Request: POST http://localhost:11434/api/embed "HTTP/1.1 200 OK"
2026-03-10 14:33:22,127 - httpx - INFO - HTTP Request: POST http://localhost:11434/api/embed "HTTP/1.1 200 OK"
2026-03-10 14:33:35,279 - httpx - INFO - HTTP Request: POST http://localhost:11434/api/embed "HTTP/1.1 200 OK"
2026-03-10 14:33:47,974 - httpx - INFO - HTTP Request: POST http://localhost:11434/api/embed "HTTP/1.1 200 OK"
2026-03-10 14:34:00,629 - httpx - INFO - HTTP Request: POST http://localhost:11434/api/embed "HTTP/1.1 200 OK"
2026-03-10 14:34:10,416 - httpx - INFO - HTTP Request: POST http://localhost:11434/api/embed "HTTP/1.1 200 OK"
2026-03-10 14:34:21,388 - httpx - INFO - HTTP Request: POST http://localhost:11434/api/embed "HTTP/1.1 200 OK"
2026-03-10 14:34:34,968 - httpx - INFO - HTTP Request: POST http://localhost:11434/api/embed "HTTP/1.1 200 OK"
2026-03-10 14:34:49,207 - httpx - INFO - HTTP Request: POST http://localhost:11434/api/embed "HTTP/1.1 200 OK"
2026-03-10 14:35:01,755 - httpx - INFO - HTTP Request: POST http://localhost:11434/api/embed "HTTP/1.1 200 OK"
2026-03-10 14:35:14,888 - httpx - INFO - HTTP Request: POST http://localhost:11434/api/embed "HTTP/1.1 200 OK"
2026-03-10 14:35:29,176 - httpx - INFO - HTTP Request: POST http://localhost:11434/api/embed "HTTP/1.1 200 OK"
2026-03-10 14:35:40,868 - httpx - INFO - HTTP Request: POST http://localhost:11434/api/embed "HTTP/1.1 200 OK"
2026-03-10 14:35:53,159 - httpx - INFO - HTTP Request: POST http://localhost:11434/api/embed "HTTP/1.1 200 OK"
2026-03-10 14:36:05,063 - httpx - INFO - HTTP Request: POST http://localhost:11434/api/embed "HTTP/1.1 200 OK"
2026-03-10 14:36:11,020 - httpx - INFO - HTTP Request: POST http://localhost:11434/api/embed "HTTP/1.1 200 OK"
2026-03-10 14:36:16,646 - httpx - INFO - HTTP Request: POST http://localhost:11434/api/embed "HTTP/1.1 200 OK"
2026-03-10 14:36:22,974 - httpx - INFO - HTTP Request: POST http://localhost:11434/api/embed "HTTP/1.1 200 OK"
2026-03-10 14:36:29,193 - httpx - INFO - HTTP Request: POST http://localhost:11434/api/embed "HTTP/1.1 200 OK"
2026-03-10 14:36:35,757 - httpx - INFO - HTTP Request: POST http://localhost:11434/api/embed "HTTP/1.1 200 OK"
2026-03-10 14:36:41,623 - httpx - INFO - HTTP Request: POST http://localhost:11434/api/embed "HTTP/1.1 200 OK"
2026-03-10 14:36:48,256 - httpx - INFO - HTTP Request: POST http://localhost:11434/api/embed "HTTP/1.1 200 OK"
2026-03-10 14:36:54,428 - httpx - INFO - HTTP Request: POST http://localhost:11434/api/embed "HTTP/1.1 200 OK"
2026-03-10 14:37:00,806 - httpx - INFO - HTTP Request: POST http://localhost:11434/api/embed "HTTP/1.1 200 OK"
2026-03-10 14:37:07,228 - httpx - INFO - HTTP Request: POST http://localhost:11434/api/embed "HTTP/1.1 200 OK"
2026-03-10 14:37:14,609 - httpx - INFO - HTTP Request: POST http://localhost:11434/api/embed "HTTP/1.1 200 OK"
2026-03-10 14:37:19,777 - httpx - INFO - HTTP Request: POST http://localhost:11434/api/embed "HTTP/1.1 200 OK"
2026-03-10 14:37:26,314 - httpx - INFO - HTTP Request: POST http://localhost:11434/api/embed "HTTP/1.1 200 OK"
2026-03-10 14:37:33,074 - httpx - INFO - HTTP Request: POST http://localhost:11434/api/embed "HTTP/1.1 200 OK"
2026-03-10 14:37:39,630 - httpx - INFO - HTTP Request: POST http://localhost:11434/api/embed "HTTP/1.1 200 OK"
2026-03-10 14:37:45,462 - httpx - INFO - HTTP Request: POST http://localhost:11434/api/embed "HTTP/1.1 200 OK"
2026-03-10 14:37:51,121 - httpx - INFO - HTTP Request: POST http://localhost:11434/api/embed "HTTP/1.1 200 OK"
2026-03-10 14:37:57,604 - httpx - INFO - HTTP Request: POST http://localhost:11434/api/embed "HTTP/1.1 200 OK"
2026-03-10 14:38:03,860 - httpx - INFO - HTTP Request: POST http://localhost:11434/api/embed "HTTP/1.1 200 OK"
2026-03-10 14:38:12,096 - httpx - INFO - HTTP Request: POST http://localhost:11434/api/embed "HTTP/1.1 200 OK"
2026-03-10 14:38:20,150 - httpx - INFO - HTTP Request: POST http://localhost:11434/api/embed "HTTP/1.1 200 OK"
2026-03-10 14:38:27,432 - httpx - INFO - HTTP Request: POST http://localhost:11434/api/embed "HTTP/1.1 200 OK"
2026-03-10 14:38:35,041 - httpx - INFO - HTTP Request: POST http://localhost:11434/api/embed "HTTP/1.1 200 OK"
2026-03-10 14:38:41,317 - httpx - INFO - HTTP Request: POST http://localhost:11434/api/embed "HTTP/1.1 200 OK"
2026-03-10 14:38:47,745 - httpx - INFO - HTTP Request: POST http://localhost:11434/api/embed "HTTP/1.1 200 OK"
2026-03-10 14:38:55,476 - httpx - INFO - HTTP Request: POST http://localhost:11434/api/embed "HTTP/1.1 200 OK"
2026-03-10 14:39:02,394 - httpx - INFO - HTTP Request: POST http://localhost:11434/api/embed "HTTP/1.1 200 OK"
2026-03-10 14:39:09,525 - httpx - INFO - HTTP Request: POST http://localhost:11434/api/embed "HTTP/1.1 200 OK"
2026-03-10 14:39:16,162 - httpx - INFO - HTTP Request: POST http://localhost:11434/api/embed "HTTP/1.1 200 OK"
2026-03-10 14:39:23,073 - httpx - INFO - HTTP Request: POST http://localhost:11434/api/embed "HTTP/1.1 200 OK"
2026-03-10 14:39:32,439 - httpx - INFO - HTTP Request: POST http://localhost:11434/api/embed "HTTP/1.1 200 OK"
2026-03-10 14:39:40,720 - httpx - INFO - HTTP Request: POST http://localhost:11434/api/embed "HTTP/1.1 200 OK"
2026-03-10 14:39:47,239 - httpx - INFO - HTTP Request: POST http://localhost:11434/api/embed "HTTP/1.1 200 OK"
2026-03-10 14:39:54,660 - httpx - INFO - HTTP Request: POST http://localhost:11434/api/embed "HTTP/1.1 200 OK"
2026-03-10 14:40:01,318 - httpx - INFO - HTTP Request: POST http://localhost:11434/api/embed "HTTP/1.1 200 OK"
2026-03-10 14:40:07,437 - httpx - INFO - HTTP Request: POST http://localhost:11434/api/embed "HTTP/1.1 200 OK"
2026-03-10 14:40:14,531 - httpx - INFO - HTTP Request: POST http://localhost:11434/api/embed "HTTP/1.1 200 OK"
2026-03-10 14:40:20,750 - httpx - INFO - HTTP Request: POST http://localhost:11434/api/embed "HTTP/1.1 200 OK"
2026-03-10 14:40:27,006 - httpx - INFO - HTTP Request: POST http://localhost:11434/api/embed "HTTP/1.1 200 OK"
2026-03-10 14:40:32,882 - httpx - INFO - HTTP Request: POST http://localhost:11434/api/embed "HTTP/1.1 200 OK"
2026-03-10 14:40:38,720 - httpx - INFO - HTTP Request: POST http://localhost:11434/api/embed "HTTP/1.1 200 OK"
2026-03-10 14:40:44,801 - httpx - INFO - HTTP Request: POST http://localhost:11434/api/embed "HTTP/1.1 200 OK"
2026-03-10 14:40:50,576 - httpx - INFO - HTTP Request: POST http://localhost:11434/api/embed "HTTP/1.1 200 OK"
2026-03-10 14:40:56,435 - httpx - INFO - HTTP Request: POST http://localhost:11434/api/embed "HTTP/1.1 200 OK"
2026-03-10 14:41:02,182 - httpx - INFO - HTTP Request: POST http://localhost:11434/api/embed "HTTP/1.1 200 OK"
2026-03-10 14:41:08,454 - httpx - INFO - HTTP Request: POST http://localhost:11434/api/embed "HTTP/1.1 200 OK"
2026-03-10 14:41:15,026 - httpx - INFO - HTTP Request: POST http://localhost:11434/api/embed "HTTP/1.1 200 OK"
2026-03-10 14:41:22,152 - httpx - INFO - HTTP Request: POST http://localhost:11434/api/embed "HTTP/1.1 200 OK"
2026-03-10 14:41:28,921 - httpx - INFO - HTTP Request: POST http://localhost:11434/api/embed "HTTP/1.1 200 OK"
2026-03-10 14:41:34,544 - httpx - INFO - HTTP Request: POST http://localhost:11434/api/embed "HTTP/1.1 200 OK"
2026-03-10 14:41:40,347 - httpx - INFO - HTTP Request: POST http://localhost:11434/api/embed "HTTP/1.1 200 OK"
2026-03-10 14:41:45,992 - httpx - INFO - HTTP Request: POST http://localhost:11434/api/embed "HTTP/1.1 200 OK"
2026-03-10 14:41:52,032 - httpx - INFO - HTTP Request: POST http://localhost:11434/api/embed "HTTP/1.1 200 OK"
2026-03-10 14:41:58,782 - httpx - INFO - HTTP Request: POST http://localhost:11434/api/embed "HTTP/1.1 200 OK"
2026-03-10 14:42:04,801 - httpx - INFO - HTTP Request: POST http://localhost:11434/api/embed "HTTP/1.1 200 OK"
2026-03-10 14:42:10,710 - httpx - INFO - HTTP Request: POST http://localhost:11434/api/embed "HTTP/1.1 200 OK"
2026-03-10 14:42:17,438 - httpx - INFO - HTTP Request: POST http://localhost:11434/api/embed "HTTP/1.1 200 OK"
2026-03-10 14:42:23,708 - httpx - INFO - HTTP Request: POST http://localhost:11434/api/embed "HTTP/1.1 200 OK"
2026-03-10 14:42:30,057 - httpx - INFO - HTTP Request: POST http://localhost:11434/api/embed "HTTP/1.1 200 OK"
2026-03-10 14:42:36,255 - httpx - INFO - HTTP Request: POST http://localhost:11434/api/embed "HTTP/1.1 200 OK"
2026-03-10 14:42:43,183 - httpx - INFO - HTTP Request: POST http://localhost:11434/api/embed "HTTP/1.1 200 OK"
2026-03-10 14:42:49,144 - httpx - INFO - HTTP Request: POST http://localhost:11434/api/embed "HTTP/1.1 200 OK"
2026-03-10 14:42:56,002 - httpx - INFO - HTTP Request: POST http://localhost:11434/api/embed "HTTP/1.1 200 OK"
2026-03-10 14:43:01,776 - httpx - INFO - HTTP Request: POST http://localhost:11434/api/embed "HTTP/1.1 200 OK"
2026-03-10 14:43:07,682 - httpx - INFO - HTTP Request: POST http://localhost:11434/api/embed "HTTP/1.1 200 OK"
2026-03-10 14:43:13,352 - httpx - INFO - HTTP Request: POST http://localhost:11434/api/embed "HTTP/1.1 200 OK"
2026-03-10 14:43:19,373 - httpx - INFO - HTTP Request: POST http://localhost:11434/api/embed "HTTP/1.1 200 OK"
2026-03-10 14:43:25,324 - httpx - INFO - HTTP Request: POST http://localhost:11434/api/embed "HTTP/1.1 200 OK"
2026-03-10 14:43:31,064 - httpx - INFO - HTTP Request: POST http://localhost:11434/api/embed "HTTP/1.1 200 OK"
2026-03-10 14:43:37,345 - httpx - INFO - HTTP Request: POST http://localhost:11434/api/embed "HTTP/1.1 200 OK"
2026-03-10 14:43:45,915 - httpx - INFO - HTTP Request: POST http://localhost:11434/api/embed "HTTP/1.1 200 OK"
2026-03-10 14:43:54,267 - httpx - INFO - HTTP Request: POST http://localhost:11434/api/embed "HTTP/1.1 200 OK"
2026-03-10 14:44:03,132 - httpx - INFO - HTTP Request: POST http://localhost:11434/api/embed "HTTP/1.1 200 OK"
2026-03-10 14:44:11,989 - httpx - INFO - HTTP Request: POST http://localhost:11434/api/embed "HTTP/1.1 200 OK"
2026-03-10 14:44:18,274 - httpx - INFO - HTTP Request: POST http://localhost:11434/api/embed "HTTP/1.1 200 OK"
2026-03-10 14:44:25,800 - httpx - INFO - HTTP Request: POST http://localhost:11434/api/embed "HTTP/1.1 200 OK"
2026-03-10 14:44:31,833 - httpx - INFO - HTTP Request: POST http://localhost:11434/api/embed "HTTP/1.1 200 OK"
2026-03-10 14:44:37,752 - httpx - INFO - HTTP Request: POST http://localhost:11434/api/embed "HTTP/1.1 200 OK"
2026-03-10 14:44:43,257 - httpx - INFO - HTTP Request: POST http://localhost:11434/api/embed "HTTP/1.1 200 OK"
2026-03-10 14:44:49,638 - httpx - INFO - HTTP Request: POST http://localhost:11434/api/embed "HTTP/1.1 200 OK"
2026-03-10 14:44:56,112 - httpx - INFO - HTTP Request: POST http://localhost:11434/api/embed "HTTP/1.1 200 OK"
2026-03-10 14:45:01,661 - httpx - INFO - HTTP Request: POST http://localhost:11434/api/embed "HTTP/1.1 200 OK"
2026-03-10 14:45:08,878 - httpx - INFO - HTTP Request: POST http://localhost:11434/api/embed "HTTP/1.1 200 OK"
2026-03-10 14:45:15,235 - httpx - INFO - HTTP Request: POST http://localhost:11434/api/embed "HTTP/1.1 200 OK"
2026-03-10 14:45:27,050 - httpx - INFO - HTTP Request: POST http://localhost:11434/api/embed "HTTP/1.1 200 OK"
2026-03-10 14:45:40,165 - httpx - INFO - HTTP Request: POST http://localhost:11434/api/embed "HTTP/1.1 200 OK"
2026-03-10 14:45:54,061 - httpx - INFO - HTTP Request: POST http://localhost:11434/api/embed "HTTP/1.1 200 OK"
2026-03-10 14:46:06,721 - httpx - INFO - HTTP Request: POST http://localhost:11434/api/embed "HTTP/1.1 200 OK"
2026-03-10 14:46:18,917 - httpx - INFO - HTTP Request: POST http://localhost:11434/api/embed "HTTP/1.1 200 OK"
2026-03-10 14:46:32,377 - httpx - INFO - HTTP Request: POST http://localhost:11434/api/embed "HTTP/1.1 200 OK"
2026-03-10 14:46:46,958 - httpx - INFO - HTTP Request: POST http://localhost:11434/api/embed "HTTP/1.1 200 OK"
2026-03-10 14:46:58,409 - httpx - INFO - HTTP Request: POST http://localhost:11434/api/embed "HTTP/1.1 200 OK"
2026-03-10 14:47:10,708 - httpx - INFO - HTTP Request: POST http://localhost:11434/api/embed "HTTP/1.1 200 OK"
2026-03-10 14:47:22,564 - httpx - INFO - HTTP Request: POST http://localhost:11434/api/embed "HTTP/1.1 200 OK"
2026-03-10 14:47:39,653 - httpx - INFO - HTTP Request: POST http://localhost:11434/api/embed "HTTP/1.1 200 OK"
2026-03-10 14:47:50,167 - httpx - INFO - HTTP Request: POST http://localhost:11434/api/embed "HTTP/1.1 200 OK"
2026-03-10 14:47:59,703 - httpx - INFO - HTTP Request: POST http://localhost:11434/api/embed "HTTP/1.1 200 OK"
2026-03-10 14:48:06,427 - httpx - INFO - HTTP Request: POST http://localhost:11434/api/embed "HTTP/1.1 200 OK"
2026-03-10 14:48:12,743 - httpx - INFO - HTTP Request: POST http://localhost:11434/api/embed "HTTP/1.1 200 OK"
2026-03-10 14:48:18,861 - httpx - INFO - HTTP Request: POST http://localhost:11434/api/embed "HTTP/1.1 200 OK"
2026-03-10 14:48:24,824 - httpx - INFO - HTTP Request: POST http://localhost:11434/api/embed "HTTP/1.1 200 OK"
2026-03-10 14:48:31,211 - httpx - INFO - HTTP Request: POST http://localhost:11434/api/embed "HTTP/1.1 200 OK"
2026-03-10 14:48:37,705 - httpx - INFO - HTTP Request: POST http://localhost:11434/api/embed "HTTP/1.1 200 OK"
2026-03-10 14:48:44,071 - httpx - INFO - HTTP Request: POST http://localhost:11434/api/embed "HTTP/1.1 200 OK"
2026-03-10 14:48:50,031 - httpx - INFO - HTTP Request: POST http://localhost:11434/api/embed "HTTP/1.1 200 OK"
2026-03-10 14:48:56,797 - httpx - INFO - HTTP Request: POST http://localhost:11434/api/embed "HTTP/1.1 200 OK"
2026-03-10 14:49:03,472 - httpx - INFO - HTTP Request: POST http://localhost:11434/api/embed "HTTP/1.1 200 OK"
2026-03-10 14:49:09,720 - httpx - INFO - HTTP Request: POST http://localhost:11434/api/embed "HTTP/1.1 200 OK"
2026-03-10 14:49:15,310 - httpx - INFO - HTTP Request: POST http://localhost:11434/api/embed "HTTP/1.1 200 OK"
2026-03-10 14:49:21,132 - httpx - INFO - HTTP Request: POST http://localhost:11434/api/embed "HTTP/1.1 200 OK"
2026-03-10 14:49:27,306 - httpx - INFO - HTTP Request: POST http://localhost:11434/api/embed "HTTP/1.1 200 OK"
2026-03-10 14:49:33,505 - httpx - INFO - HTTP Request: POST http://localhost:11434/api/embed "HTTP/1.1 200 OK"
2026-03-10 14:49:39,907 - httpx - INFO - HTTP Request: POST http://localhost:11434/api/embed "HTTP/1.1 200 OK"
2026-03-10 14:49:45,633 - httpx - INFO - HTTP Request: POST http://localhost:11434/api/embed "HTTP/1.1 200 OK"
2026-03-10 14:49:51,411 - httpx - INFO - HTTP Request: POST http://localhost:11434/api/embed "HTTP/1.1 200 OK"
2026-03-10 14:49:57,142 - httpx - INFO - HTTP Request: POST http://localhost:11434/api/embed "HTTP/1.1 200 OK"
2026-03-10 14:50:03,115 - httpx - INFO - HTTP Request: POST http://localhost:11434/api/embed "HTTP/1.1 200 OK"
2026-03-10 14:50:09,100 - httpx - INFO - HTTP Request: POST http://localhost:11434/api/embed "HTTP/1.1 200 OK"
2026-03-10 14:50:14,985 - httpx - INFO - HTTP Request: POST http://localhost:11434/api/embed "HTTP/1.1 200 OK"
2026-03-10 14:50:20,299 - httpx - INFO - HTTP Request: POST http://localhost:11434/api/embed "HTTP/1.1 200 OK"
2026-03-10 14:50:25,557 - httpx - INFO - HTTP Request: POST http://localhost:11434/api/embed "HTTP/1.1 200 OK"
2026-03-10 14:50:30,840 - httpx - INFO - HTTP Request: POST http://localhost:11434/api/embed "HTTP/1.1 200 OK"
2026-03-10 14:50:36,136 - httpx - INFO - HTTP Request: POST http://localhost:11434/api/embed "HTTP/1.1 200 OK"
2026-03-10 14:50:41,639 - httpx - INFO - HTTP Request: POST http://localhost:11434/api/embed "HTTP/1.1 200 OK"
2026-03-10 14:50:47,799 - httpx - INFO - HTTP Request: POST http://localhost:11434/api/embed "HTTP/1.1 200 OK"
2026-03-10 14:50:53,339 - httpx - INFO - HTTP Request: POST http://localhost:11434/api/embed "HTTP/1.1 200 OK"
2026-03-10 14:50:59,074 - httpx - INFO - HTTP Request: POST http://localhost:11434/api/embed "HTTP/1.1 200 OK"
2026-03-10 14:51:04,595 - httpx - INFO - HTTP Request: POST http://localhost:11434/api/embed "HTTP/1.1 200 OK"
2026-03-10 14:51:10,439 - httpx - INFO - HTTP Request: POST http://localhost:11434/api/embed "HTTP/1.1 200 OK"
2026-03-10 14:51:16,966 - httpx - INFO - HTTP Request: POST http://localhost:11434/api/embed "HTTP/1.1 200 OK"
2026-03-10 14:51:22,996 - httpx - INFO - HTTP Request: POST http://localhost:11434/api/embed "HTTP/1.1 200 OK"
2026-03-10 14:51:29,206 - httpx - INFO - HTTP Request: POST http://localhost:11434/api/embed "HTTP/1.1 200 OK"
2026-03-10 14:51:35,271 - httpx - INFO - HTTP Request: POST http://localhost:11434/api/embed "HTTP/1.1 200 OK"
2026-03-10 14:51:41,337 - httpx - INFO - HTTP Request: POST http://localhost:11434/api/embed "HTTP/1.1 200 OK"
2026-03-10 14:51:47,378 - httpx - INFO - HTTP Request: POST http://localhost:11434/api/embed "HTTP/1.1 200 OK"
2026-03-10 14:51:54,193 - httpx - INFO - HTTP Request: POST http://localhost:11434/api/embed "HTTP/1.1 200 OK"
2026-03-10 14:52:00,598 - httpx - INFO - HTTP Request: POST http://localhost:11434/api/embed "HTTP/1.1 200 OK"
2026-03-10 14:52:06,298 - httpx - INFO - HTTP Request: POST http://localhost:11434/api/embed "HTTP/1.1 200 OK"
2026-03-10 14:52:11,985 - httpx - INFO - HTTP Request: POST http://localhost:11434/api/embed "HTTP/1.1 200 OK"
2026-03-10 14:52:17,763 - httpx - INFO - HTTP Request: POST http://localhost:11434/api/embed "HTTP/1.1 200 OK"
2026-03-10 14:52:23,605 - httpx - INFO - HTTP Request: POST http://localhost:11434/api/embed "HTTP/1.1 200 OK"
2026-03-10 14:52:29,261 - httpx - INFO - HTTP Request: POST http://localhost:11434/api/embed "HTTP/1.1 200 OK"
2026-03-10 14:52:35,067 - httpx - INFO - HTTP Request: POST http://localhost:11434/api/embed "HTTP/1.1 200 OK"
2026-03-10 14:52:41,228 - httpx - INFO - HTTP Request: POST http://localhost:11434/api/embed "HTTP/1.1 200 OK"
2026-03-10 14:52:46,983 - httpx - INFO - HTTP Request: POST http://localhost:11434/api/embed "HTTP/1.1 200 OK"
2026-03-10 14:52:52,631 - httpx - INFO - HTTP Request: POST http://localhost:11434/api/embed "HTTP/1.1 200 OK"
2026-03-10 14:52:58,008 - httpx - INFO - HTTP Request: POST http://localhost:11434/api/embed "HTTP/1.1 200 OK"
2026-03-10 14:53:03,606 - httpx - INFO - HTTP Request: POST http://localhost:11434/api/embed "HTTP/1.1 200 OK"
2026-03-10 14:53:09,292 - httpx - INFO - HTTP Request: POST http://localhost:11434/api/embed "HTTP/1.1 200 OK"
2026-03-10 14:53:15,207 - httpx - INFO - HTTP Request: POST http://localhost:11434/api/embed "HTTP/1.1 200 OK"
2026-03-10 14:53:21,332 - httpx - INFO - HTTP Request: POST http://localhost:11434/api/embed "HTTP/1.1 200 OK"
2026-03-10 14:53:27,662 - httpx - INFO - HTTP Request: POST http://localhost:11434/api/embed "HTTP/1.1 200 OK"
2026-03-10 14:53:33,144 - httpx - INFO - HTTP Request: POST http://localhost:11434/api/embed "HTTP/1.1 200 OK"
2026-03-10 14:53:39,090 - httpx - INFO - HTTP Request: POST http://localhost:11434/api/embed "HTTP/1.1 200 OK"
2026-03-10 14:53:44,373 - httpx - INFO - HTTP Request: POST http://localhost:11434/api/embed "HTTP/1.1 200 OK"
2026-03-10 14:53:49,808 - httpx - INFO - HTTP Request: POST http://localhost:11434/api/embed "HTTP/1.1 200 OK"
2026-03-10 14:53:56,046 - httpx - INFO - HTTP Request: POST http://localhost:11434/api/embed "HTTP/1.1 200 OK"
2026-03-10 14:54:02,077 - httpx - INFO - HTTP Request: POST http://localhost:11434/api/embed "HTTP/1.1 200 OK"
2026-03-10 14:54:08,267 - httpx - INFO - HTTP Request: POST http://localhost:11434/api/embed "HTTP/1.1 200 OK"
2026-03-10 14:54:14,022 - httpx - INFO - HTTP Request: POST http://localhost:11434/api/embed "HTTP/1.1 200 OK"
2026-03-10 14:54:19,796 - httpx - INFO - HTTP Request: POST http://localhost:11434/api/embed "HTTP/1.1 200 OK"
2026-03-10 14:54:26,368 - httpx - INFO - HTTP Request: POST http://localhost:11434/api/embed "HTTP/1.1 200 OK"
2026-03-10 14:54:33,090 - httpx - INFO - HTTP Request: POST http://localhost:11434/api/embed "HTTP/1.1 200 OK"
2026-03-10 14:54:39,520 - httpx - INFO - HTTP Request: POST http://localhost:11434/api/embed "HTTP/1.1 200 OK"
2026-03-10 14:54:45,785 - httpx - INFO - HTTP Request: POST http://localhost:11434/api/embed "HTTP/1.1 200 OK"
2026-03-10 14:54:51,848 - httpx - INFO - HTTP Request: POST http://localhost:11434/api/embed "HTTP/1.1 200 OK"
2026-03-10 14:54:58,009 - httpx - INFO - HTTP Request: POST http://localhost:11434/api/embed "HTTP/1.1 200 OK"
2026-03-10 14:55:04,376 - httpx - INFO - HTTP Request: POST http://localhost:11434/api/embed "HTTP/1.1 200 OK"
2026-03-10 14:55:11,338 - httpx - INFO - HTTP Request: POST http://localhost:11434/api/embed "HTTP/1.1 200 OK"
2026-03-10 14:55:17,749 - httpx - INFO - HTTP Request: POST http://localhost:11434/api/embed "HTTP/1.1 200 OK"
2026-03-10 14:55:24,202 - httpx - INFO - HTTP Request: POST http://localhost:11434/api/embed "HTTP/1.1 200 OK"
2026-03-10 14:55:31,292 - httpx - INFO - HTTP Request: POST http://localhost:11434/api/embed "HTTP/1.1 200 OK"
2026-03-10 14:55:38,220 - httpx - INFO - HTTP Request: POST http://localhost:11434/api/embed "HTTP/1.1 200 OK"
2026-03-10 14:55:45,073 - httpx - INFO - HTTP Request: POST http://localhost:11434/api/embed "HTTP/1.1 200 OK"
2026-03-10 14:55:52,903 - httpx - INFO - HTTP Request: POST http://localhost:11434/api/embed "HTTP/1.1 200 OK"
2026-03-10 14:56:00,172 - httpx - INFO - HTTP Request: POST http://localhost:11434/api/embed "HTTP/1.1 200 OK"
2026-03-10 14:56:09,638 - httpx - INFO - HTTP Request: POST http://localhost:11434/api/embed "HTTP/1.1 200 OK"
2026-03-10 14:56:17,550 - httpx - INFO - HTTP Request: POST http://localhost:11434/api/embed "HTTP/1.1 200 OK"
2026-03-10 14:56:24,973 - httpx - INFO - HTTP Request: POST http://localhost:11434/api/embed "HTTP/1.1 200 OK"
2026-03-10 14:56:32,043 - httpx - INFO - HTTP Request: POST http://localhost:11434/api/embed "HTTP/1.1 200 OK"
2026-03-10 14:56:38,699 - httpx - INFO - HTTP Request: POST http://localhost:11434/api/embed "HTTP/1.1 200 OK"
2026-03-10 14:56:45,543 - httpx - INFO - HTTP Request: POST http://localhost:11434/api/embed "HTTP/1.1 200 OK"
2026-03-10 14:56:53,495 - httpx - INFO - HTTP Request: POST http://localhost:11434/api/embed "HTTP/1.1 200 OK"
2026-03-10 14:57:01,024 - httpx - INFO - HTTP Request: POST http://localhost:11434/api/embed "HTTP/1.1 200 OK"
2026-03-10 14:57:08,304 - httpx - INFO - HTTP Request: POST http://localhost:11434/api/embed "HTTP/1.1 200 OK"
2026-03-10 14:57:15,215 - httpx - INFO - HTTP Request: POST http://localhost:11434/api/embed "HTTP/1.1 200 OK"
2026-03-10 14:57:22,421 - httpx - INFO - HTTP Request: POST http://localhost:11434/api/embed "HTTP/1.1 200 OK"
2026-03-10 14:57:28,675 - httpx - INFO - HTTP Request: POST http://localhost:11434/api/embed "HTTP/1.1 200 OK"
2026-03-10 14:57:34,724 - httpx - INFO - HTTP Request: POST http://localhost:11434/api/embed "HTTP/1.1 200 OK"
2026-03-10 14:57:41,843 - httpx - INFO - HTTP Request: POST http://localhost:11434/api/embed "HTTP/1.1 200 OK"
2026-03-10 14:57:49,303 - httpx - INFO - HTTP Request: POST http://localhost:11434/api/embed "HTTP/1.1 200 OK"
2026-03-10 14:57:56,768 - httpx - INFO - HTTP Request: POST http://localhost:11434/api/embed "HTTP/1.1 200 OK"
2026-03-10 14:58:03,888 - httpx - INFO - HTTP Request: POST http://localhost:11434/api/embed "HTTP/1.1 200 OK"
2026-03-10 14:58:11,166 - httpx - INFO - HTTP Request: POST http://localhost:11434/api/embed "HTTP/1.1 200 OK"
2026-03-10 14:58:18,493 - httpx - INFO - HTTP Request: POST http://localhost:11434/api/embed "HTTP/1.1 200 OK"
2026-03-10 14:58:26,202 - httpx - INFO - HTTP Request: POST http://localhost:11434/api/embed "HTTP/1.1 200 OK"
2026-03-10 14:58:33,358 - httpx - INFO - HTTP Request: POST http://localhost:11434/api/embed "HTTP/1.1 200 OK"
2026-03-10 14:58:40,434 - httpx - INFO - HTTP Request: POST http://localhost:11434/api/embed "HTTP/1.1 200 OK"
2026-03-10 14:58:46,681 - httpx - INFO - HTTP Request: POST http://localhost:11434/api/embed "HTTP/1.1 200 OK"
2026-03-10 14:58:53,507 - httpx - INFO - HTTP Request: POST http://localhost:11434/api/embed "HTTP/1.1 200 OK"
2026-03-10 14:59:00,415 - httpx - INFO - HTTP Request: POST http://localhost:11434/api/embed "HTTP/1.1 200 OK"
2026-03-10 14:59:08,074 - httpx - INFO - HTTP Request: POST http://localhost:11434/api/embed "HTTP/1.1 200 OK"
2026-03-10 14:59:15,820 - httpx - INFO - HTTP Request: POST http://localhost:11434/api/embed "HTTP/1.1 200 OK"
2026-03-10 14:59:23,934 - httpx - INFO - HTTP Request: POST http://localhost:11434/api/embed "HTTP/1.1 200 OK"
2026-03-10 14:59:32,179 - httpx - INFO - HTTP Request: POST http://localhost:11434/api/embed "HTTP/1.1 200 OK"
2026-03-10 14:59:40,022 - httpx - INFO - HTTP Request: POST http://localhost:11434/api/embed "HTTP/1.1 200 OK"
2026-03-10 14:59:40,837 - httpx - INFO - HTTP Request: POST http://localhost:11434/api/embed "HTTP/1.1 200 OK"
2026-03-10 14:59:40,893 - PipelineLogger - INFO - [VectorDB] Insertion complete! Your articles are now embedded.
2026-03-10 14:59:40,899 - PipelineLogger - INFO - Finished execution of 'store_articles_in_vector_db' in 2559.0174 seconds.
2026-03-10 14:59:40,899 - PipelineLogger - INFO - Generating Vector Search EDA Metrics...
2026-03-10 14:59:40,899 - PipelineLogger - INFO - Starting execution of 'run_vector_eda'
2026-03-10 14:59:40,899 - PipelineLogger - INFO - [Vector EDA] Initializing ChromaDB persistent client...
2026-03-10 14:59:40,911 - PipelineLogger - INFO - [Vector EDA] Querying themes...
2026-03-10 14:59:40,986 - httpx - INFO - HTTP Request: POST http://localhost:11434/api/embed "HTTP/1.1 200 OK"
2026-03-10 14:59:41,086 - httpx - INFO - HTTP Request: POST http://localhost:11434/api/embed "HTTP/1.1 200 OK"
2026-03-10 14:59:41,168 - httpx - INFO - HTTP Request: POST http://localhost:11434/api/embed "HTTP/1.1 200 OK"
2026-03-10 14:59:41,241 - httpx - INFO - HTTP Request: POST http://localhost:11434/api/embed "HTTP/1.1 200 OK"
2026-03-10 14:59:41,312 - httpx - INFO - HTTP Request: POST http://localhost:11434/api/embed "HTTP/1.1 200 OK"
2026-03-10 14:59:41,379 - httpx - INFO - HTTP Request: POST http://localhost:11434/api/embed "HTTP/1.1 200 OK"
2026-03-10 14:59:41,466 - httpx - INFO - HTTP Request: POST http://localhost:11434/api/embed "HTTP/1.1 200 OK"
2026-03-10 14:59:41,476 - PipelineLogger - INFO - [Vector EDA] Generating Vector DB Charts...
2026-03-10 14:59:41,790 - PipelineLogger - INFO - Saved vector theme volume chart.
2026-03-10 14:59:42,096 - PipelineLogger - INFO - Saved vector theme relevance chart.
2026-03-10 14:59:42,096 - PipelineLogger - INFO - [Vector EDA] Execution completed.
2026-03-10 14:59:42,097 - PipelineLogger - INFO - Finished execution of 'run_vector_eda' in 1.1984 seconds.
2026-03-10 14:59:42,098 - PipelineLogger - INFO - Building HTML Dashboard...
2026-03-10 14:59:42,098 - PipelineLogger - INFO - Starting execution of 'generate_html_report'
2026-03-10 14:59:42,098 - PipelineLogger - INFO - [Report] Successfully generated HTML Dashboard at: eda_output/report.html
2026-03-10 14:59:42,098 - PipelineLogger - INFO - Finished execution of 'generate_html_report' in 0.0002 seconds.
2026-03-10 14:59:42,098 - PipelineLogger - INFO - =============================================
2026-03-10 14:59:42,098 - PipelineLogger - INFO -            PIPELINE EXECUTION COMPLETE       
2026-03-10 14:59:42,098 - PipelineLogger - INFO -   Please open 'eda_output/report.html' to view it  
2026-03-10 14:59:42,098 - PipelineLogger - INFO - =============================================
2026-03-10 14:59:42,100 - PipelineLogger - INFO - Finished execution of 'main' in 2822.6632 seconds.
2026-03-11 22:29:37,242 - matplotlib.font_manager - INFO - Failed to extract font properties from /usr/share/fonts/noto/NotoColorEmoji.ttf: Can not load face (unknown file format; error code 0x2)
2026-03-11 22:29:38,039 - matplotlib.font_manager - INFO - generated new fontManager
2026-03-11 22:29:38,199 - PipelineLogger - WARNING - [EDA] textblob not installed — sentiment analysis will be skipped.
2026-03-11 22:29:38,200 - PipelineLogger - WARNING - [EDA] scikit-learn not installed — n-gram / TF-IDF analyses will be skipped.
2026-03-11 22:29:38,560 - PipelineLogger - INFO - Starting execution of 'main'
2026-03-11 22:29:38,560 - PipelineLogger - INFO - =============================================
2026-03-11 22:29:38,560 - PipelineLogger - INFO -  Geopolitical News Pipeline / WW3 Context Analyzer 
2026-03-11 22:29:38,560 - PipelineLogger - INFO - =============================================
2026-03-11 22:29:38,560 - PipelineLogger - INFO - Initializing SQLite database...
2026-03-11 22:29:38,561 - PipelineLogger - INFO - Starting execution of 'init_db'
2026-03-11 22:29:38,570 - PipelineLogger - INFO - Finished execution of 'init_db' in 0.0096 seconds.
2026-03-11 22:29:38,570 - PipelineLogger - INFO - Scraping recent geopolitical articles...
2026-03-11 22:29:38,570 - PipelineLogger - INFO - Starting execution of 'scrape_all_sources'
2026-03-11 22:29:38,570 - PipelineLogger - INFO - Starting execution of 'fetch_rss_news'
2026-03-11 22:29:39,235 - PipelineLogger - INFO - Starting execution of 'is_article_saved'
2026-03-11 22:29:39,245 - PipelineLogger - INFO - Finished execution of 'is_article_saved' in 0.0097 seconds.
2026-03-11 22:29:39,247 - PipelineLogger - INFO - Starting execution of 'is_article_saved'
2026-03-11 22:29:39,247 - PipelineLogger - INFO - Finished execution of 'is_article_saved' in 0.0003 seconds.
2026-03-11 22:29:39,248 - PipelineLogger - INFO - Starting execution of 'is_article_saved'
2026-03-11 22:29:39,248 - PipelineLogger - INFO - Finished execution of 'is_article_saved' in 0.0001 seconds.
2026-03-11 22:29:39,249 - PipelineLogger - INFO - Starting execution of 'is_article_saved'
2026-03-11 22:29:39,249 - PipelineLogger - INFO - Finished execution of 'is_article_saved' in 0.0001 seconds.
2026-03-11 22:29:39,250 - PipelineLogger - INFO - Starting execution of 'is_article_saved'
2026-03-11 22:29:39,250 - PipelineLogger - INFO - Finished execution of 'is_article_saved' in 0.0001 seconds.
2026-03-11 22:29:39,250 - PipelineLogger - INFO - Starting execution of 'is_article_saved'
2026-03-11 22:29:39,250 - PipelineLogger - INFO - Finished execution of 'is_article_saved' in 0.0001 seconds.
2026-03-11 22:29:39,251 - PipelineLogger - INFO - Starting execution of 'is_article_saved'
2026-03-11 22:29:39,251 - PipelineLogger - INFO - Finished execution of 'is_article_saved' in 0.0001 seconds.
2026-03-11 22:29:39,252 - PipelineLogger - INFO - Starting execution of 'is_article_saved'
2026-03-11 22:29:39,252 - PipelineLogger - INFO - Finished execution of 'is_article_saved' in 0.0001 seconds.
2026-03-11 22:29:39,252 - PipelineLogger - INFO - Starting execution of 'is_article_saved'
2026-03-11 22:29:39,252 - PipelineLogger - INFO - Finished execution of 'is_article_saved' in 0.0001 seconds.
2026-03-11 22:29:39,253 - PipelineLogger - INFO - Starting execution of 'is_article_saved'
2026-03-11 22:29:39,253 - PipelineLogger - INFO - Finished execution of 'is_article_saved' in 0.0001 seconds.
2026-03-11 22:29:39,253 - PipelineLogger - INFO - Starting execution of 'is_article_saved'
2026-03-11 22:29:39,253 - PipelineLogger - INFO - Finished execution of 'is_article_saved' in 0.0001 seconds.
2026-03-11 22:29:39,254 - PipelineLogger - INFO - Starting execution of 'is_article_saved'
2026-03-11 22:29:39,254 - PipelineLogger - INFO - Finished execution of 'is_article_saved' in 0.0001 seconds.
2026-03-11 22:29:39,254 - PipelineLogger - INFO - Starting execution of 'is_article_saved'
2026-03-11 22:29:39,254 - PipelineLogger - INFO - Finished execution of 'is_article_saved' in 0.0001 seconds.
2026-03-11 22:29:39,255 - PipelineLogger - INFO - Starting execution of 'is_article_saved'
2026-03-11 22:29:39,255 - PipelineLogger - INFO - Finished execution of 'is_article_saved' in 0.0001 seconds.
2026-03-11 22:29:39,255 - PipelineLogger - INFO - Starting execution of 'is_article_saved'
2026-03-11 22:29:39,256 - PipelineLogger - INFO - Finished execution of 'is_article_saved' in 0.0001 seconds.
2026-03-11 22:29:41,109 - PipelineLogger - INFO - Starting execution of 'is_article_saved'
2026-03-11 22:29:41,119 - PipelineLogger - INFO - Finished execution of 'is_article_saved' in 0.0097 seconds.
2026-03-11 22:29:41,363 - PipelineLogger - INFO - Starting execution of 'is_article_saved'
2026-03-11 22:29:41,363 - PipelineLogger - INFO - Finished execution of 'is_article_saved' in 0.0002 seconds.
2026-03-11 22:29:42,809 - PipelineLogger - INFO - Starting execution of 'is_article_saved'
2026-03-11 22:29:42,809 - PipelineLogger - INFO - Finished execution of 'is_article_saved' in 0.0002 seconds.
2026-03-11 22:29:43,886 - PipelineLogger - INFO - Starting execution of 'is_article_saved'
2026-03-11 22:29:43,886 - PipelineLogger - INFO - Finished execution of 'is_article_saved' in 0.0002 seconds.
2026-03-11 22:29:44,922 - PipelineLogger - INFO - Starting execution of 'is_article_saved'
2026-03-11 22:29:44,923 - PipelineLogger - INFO - Finished execution of 'is_article_saved' in 0.0002 seconds.
2026-03-11 22:29:45,153 - PipelineLogger - INFO - Starting execution of 'is_article_saved'
2026-03-11 22:29:45,153 - PipelineLogger - INFO - Finished execution of 'is_article_saved' in 0.0002 seconds.
2026-03-11 22:29:55,182 - PipelineLogger - INFO - Starting execution of 'is_article_saved'
2026-03-11 22:29:55,183 - PipelineLogger - INFO - Finished execution of 'is_article_saved' in 0.0005 seconds.
2026-03-11 22:29:55,841 - PipelineLogger - INFO - Starting execution of 'is_article_saved'
2026-03-11 22:29:55,842 - PipelineLogger - INFO - Finished execution of 'is_article_saved' in 0.0002 seconds.
2026-03-11 22:29:56,089 - PipelineLogger - INFO - Starting execution of 'is_article_saved'
2026-03-11 22:29:56,089 - PipelineLogger - INFO - Finished execution of 'is_article_saved' in 0.0002 seconds.
2026-03-11 22:29:56,301 - PipelineLogger - INFO - Starting execution of 'is_article_saved'
2026-03-11 22:29:56,301 - PipelineLogger - INFO - Finished execution of 'is_article_saved' in 0.0002 seconds.
2026-03-11 22:29:56,979 - PipelineLogger - INFO - Starting execution of 'is_article_saved'
2026-03-11 22:29:56,989 - PipelineLogger - INFO - Finished execution of 'is_article_saved' in 0.0096 seconds.
2026-03-11 22:29:57,162 - PipelineLogger - INFO - Starting execution of 'is_article_saved'
2026-03-11 22:29:57,162 - PipelineLogger - INFO - Finished execution of 'is_article_saved' in 0.0002 seconds.
2026-03-11 22:29:57,326 - PipelineLogger - INFO - Starting execution of 'is_article_saved'
2026-03-11 22:29:57,336 - PipelineLogger - INFO - Finished execution of 'is_article_saved' in 0.0097 seconds.
2026-03-11 22:29:57,487 - PipelineLogger - INFO - Starting execution of 'is_article_saved'
2026-03-11 22:29:57,487 - PipelineLogger - INFO - Finished execution of 'is_article_saved' in 0.0002 seconds.
2026-03-11 22:29:57,712 - PipelineLogger - INFO - Starting execution of 'is_article_saved'
2026-03-11 22:29:57,713 - PipelineLogger - INFO - Finished execution of 'is_article_saved' in 0.0002 seconds.
2026-03-11 22:29:57,891 - PipelineLogger - INFO - Starting execution of 'is_article_saved'
2026-03-11 22:29:57,892 - PipelineLogger - INFO - Finished execution of 'is_article_saved' in 0.0002 seconds.
2026-03-11 22:29:58,111 - PipelineLogger - INFO - Starting execution of 'is_article_saved'
2026-03-11 22:29:58,111 - PipelineLogger - INFO - Finished execution of 'is_article_saved' in 0.0002 seconds.
2026-03-11 22:29:58,306 - PipelineLogger - INFO - Starting execution of 'is_article_saved'
2026-03-11 22:29:58,307 - PipelineLogger - INFO - Finished execution of 'is_article_saved' in 0.0002 seconds.
2026-03-11 22:29:59,401 - PipelineLogger - INFO - Starting execution of 'is_article_saved'
2026-03-11 22:29:59,401 - PipelineLogger - INFO - Finished execution of 'is_article_saved' in 0.0002 seconds.
2026-03-11 22:29:59,574 - PipelineLogger - INFO - Starting execution of 'is_article_saved'
2026-03-11 22:29:59,574 - PipelineLogger - INFO - Finished execution of 'is_article_saved' in 0.0002 seconds.
2026-03-11 22:29:59,733 - PipelineLogger - INFO - Starting execution of 'is_article_saved'
2026-03-11 22:29:59,733 - PipelineLogger - INFO - Finished execution of 'is_article_saved' in 0.0002 seconds.
2026-03-11 22:29:59,913 - PipelineLogger - INFO - Starting execution of 'is_article_saved'
2026-03-11 22:29:59,914 - PipelineLogger - INFO - Finished execution of 'is_article_saved' in 0.0002 seconds.
2026-03-11 22:30:00,076 - PipelineLogger - INFO - Starting execution of 'is_article_saved'
2026-03-11 22:30:00,077 - PipelineLogger - INFO - Finished execution of 'is_article_saved' in 0.0002 seconds.
2026-03-11 22:30:00,237 - PipelineLogger - INFO - Starting execution of 'is_article_saved'
2026-03-11 22:30:00,237 - PipelineLogger - INFO - Finished execution of 'is_article_saved' in 0.0002 seconds.
2026-03-11 22:30:00,413 - PipelineLogger - INFO - Starting execution of 'is_article_saved'
2026-03-11 22:30:00,413 - PipelineLogger - INFO - Finished execution of 'is_article_saved' in 0.0002 seconds.
2026-03-11 22:30:00,939 - PipelineLogger - INFO - Starting execution of 'is_article_saved'
2026-03-11 22:30:00,949 - PipelineLogger - INFO - Finished execution of 'is_article_saved' in 0.0097 seconds.
2026-03-11 22:30:01,345 - PipelineLogger - INFO - Starting execution of 'is_article_saved'
2026-03-11 22:30:01,345 - PipelineLogger - INFO - Finished execution of 'is_article_saved' in 0.0002 seconds.
2026-03-11 22:30:01,583 - PipelineLogger - INFO - Starting execution of 'is_article_saved'
2026-03-11 22:30:01,592 - PipelineLogger - INFO - Finished execution of 'is_article_saved' in 0.0095 seconds.
2026-03-11 22:30:01,939 - PipelineLogger - INFO - Starting execution of 'is_article_saved'
2026-03-11 22:30:01,949 - PipelineLogger - INFO - Finished execution of 'is_article_saved' in 0.0096 seconds.
2026-03-11 22:30:02,184 - PipelineLogger - INFO - Starting execution of 'is_article_saved'
2026-03-11 22:30:02,184 - PipelineLogger - INFO - Finished execution of 'is_article_saved' in 0.0002 seconds.
2026-03-11 22:30:02,556 - PipelineLogger - INFO - Starting execution of 'is_article_saved'
2026-03-11 22:30:02,557 - PipelineLogger - INFO - Finished execution of 'is_article_saved' in 0.0002 seconds.
2026-03-11 22:30:02,791 - PipelineLogger - INFO - Starting execution of 'is_article_saved'
2026-03-11 22:30:02,791 - PipelineLogger - INFO - Finished execution of 'is_article_saved' in 0.0002 seconds.
2026-03-11 22:30:03,153 - PipelineLogger - INFO - Starting execution of 'is_article_saved'
2026-03-11 22:30:03,153 - PipelineLogger - INFO - Finished execution of 'is_article_saved' in 0.0002 seconds.
2026-03-11 22:30:03,520 - PipelineLogger - INFO - Starting execution of 'is_article_saved'
2026-03-11 22:30:03,520 - PipelineLogger - INFO - Finished execution of 'is_article_saved' in 0.0002 seconds.
2026-03-11 22:30:03,880 - PipelineLogger - INFO - Starting execution of 'is_article_saved'
2026-03-11 22:30:03,881 - PipelineLogger - INFO - Finished execution of 'is_article_saved' in 0.0002 seconds.
2026-03-11 22:30:04,123 - PipelineLogger - INFO - Starting execution of 'is_article_saved'
2026-03-11 22:30:04,123 - PipelineLogger - INFO - Finished execution of 'is_article_saved' in 0.0002 seconds.
2026-03-11 22:30:04,374 - PipelineLogger - INFO - Starting execution of 'is_article_saved'
2026-03-11 22:30:04,374 - PipelineLogger - INFO - Finished execution of 'is_article_saved' in 0.0002 seconds.
2026-03-11 22:30:04,727 - PipelineLogger - INFO - Starting execution of 'is_article_saved'
2026-03-11 22:30:04,727 - PipelineLogger - INFO - Finished execution of 'is_article_saved' in 0.0002 seconds.
2026-03-11 22:30:04,727 - PipelineLogger - INFO - Starting execution of 'is_article_saved'
2026-03-11 22:30:04,727 - PipelineLogger - INFO - Finished execution of 'is_article_saved' in 0.0001 seconds.
2026-03-11 22:30:04,727 - PipelineLogger - INFO - Starting execution of 'is_article_saved'
2026-03-11 22:30:04,727 - PipelineLogger - INFO - Finished execution of 'is_article_saved' in 0.0001 seconds.
2026-03-11 22:30:05,730 - PipelineLogger - INFO - Starting execution of 'is_article_saved'
2026-03-11 22:30:05,740 - PipelineLogger - INFO - Finished execution of 'is_article_saved' in 0.0096 seconds.
2026-03-11 22:30:05,740 - PipelineLogger - INFO - Starting execution of 'is_article_saved'
2026-03-11 22:30:05,740 - PipelineLogger - INFO - Finished execution of 'is_article_saved' in 0.0002 seconds.
2026-03-11 22:30:05,740 - PipelineLogger - INFO - Starting execution of 'is_article_saved'
2026-03-11 22:30:05,741 - PipelineLogger - INFO - Finished execution of 'is_article_saved' in 0.0002 seconds.
2026-03-11 22:30:05,741 - PipelineLogger - INFO - Starting execution of 'is_article_saved'
2026-03-11 22:30:05,741 - PipelineLogger - INFO - Finished execution of 'is_article_saved' in 0.0001 seconds.
2026-03-11 22:30:05,741 - PipelineLogger - INFO - Starting execution of 'is_article_saved'
2026-03-11 22:30:05,741 - PipelineLogger - INFO - Finished execution of 'is_article_saved' in 0.0001 seconds.
2026-03-11 22:30:05,741 - PipelineLogger - INFO - Starting execution of 'is_article_saved'
2026-03-11 22:30:05,741 - PipelineLogger - INFO - Finished execution of 'is_article_saved' in 0.0001 seconds.
2026-03-11 22:30:05,741 - PipelineLogger - INFO - Starting execution of 'is_article_saved'
2026-03-11 22:30:05,741 - PipelineLogger - INFO - Finished execution of 'is_article_saved' in 0.0001 seconds.
2026-03-11 22:30:05,741 - PipelineLogger - INFO - Starting execution of 'is_article_saved'
2026-03-11 22:30:05,742 - PipelineLogger - INFO - Finished execution of 'is_article_saved' in 0.0001 seconds.
2026-03-11 22:30:05,742 - PipelineLogger - INFO - Starting execution of 'is_article_saved'
2026-03-11 22:30:05,742 - PipelineLogger - INFO - Finished execution of 'is_article_saved' in 0.0001 seconds.
2026-03-11 22:30:05,742 - PipelineLogger - INFO - Starting execution of 'is_article_saved'
2026-03-11 22:30:05,742 - PipelineLogger - INFO - Finished execution of 'is_article_saved' in 0.0003 seconds.
2026-03-11 22:30:05,742 - PipelineLogger - INFO - Starting execution of 'is_article_saved'
2026-03-11 22:30:05,743 - PipelineLogger - INFO - Finished execution of 'is_article_saved' in 0.0002 seconds.
2026-03-11 22:30:05,743 - PipelineLogger - INFO - Starting execution of 'is_article_saved'
2026-03-11 22:30:05,743 - PipelineLogger - INFO - Finished execution of 'is_article_saved' in 0.0001 seconds.
2026-03-11 22:30:05,743 - PipelineLogger - INFO - Starting execution of 'is_article_saved'
2026-03-11 22:30:05,743 - PipelineLogger - INFO - Finished execution of 'is_article_saved' in 0.0001 seconds.
2026-03-11 22:30:05,743 - PipelineLogger - INFO - Starting execution of 'is_article_saved'
2026-03-11 22:30:05,743 - PipelineLogger - INFO - Finished execution of 'is_article_saved' in 0.0001 seconds.
2026-03-11 22:30:05,743 - PipelineLogger - INFO - Starting execution of 'is_article_saved'
2026-03-11 22:30:05,743 - PipelineLogger - INFO - Finished execution of 'is_article_saved' in 0.0001 seconds.
2026-03-11 22:30:06,145 - PipelineLogger - INFO - Starting execution of 'is_article_saved'
2026-03-11 22:30:06,155 - PipelineLogger - INFO - Finished execution of 'is_article_saved' in 0.0097 seconds.
2026-03-11 22:30:06,156 - PipelineLogger - INFO - Starting execution of 'is_article_saved'
2026-03-11 22:30:06,156 - PipelineLogger - INFO - Finished execution of 'is_article_saved' in 0.0002 seconds.
2026-03-11 22:30:06,157 - PipelineLogger - INFO - Starting execution of 'is_article_saved'
2026-03-11 22:30:06,157 - PipelineLogger - INFO - Finished execution of 'is_article_saved' in 0.0001 seconds.
2026-03-11 22:30:06,157 - PipelineLogger - INFO - Starting execution of 'is_article_saved'
2026-03-11 22:30:06,158 - PipelineLogger - INFO - Finished execution of 'is_article_saved' in 0.0001 seconds.
2026-03-11 22:30:06,158 - PipelineLogger - INFO - Starting execution of 'is_article_saved'
2026-03-11 22:30:06,159 - PipelineLogger - INFO - Finished execution of 'is_article_saved' in 0.0001 seconds.
2026-03-11 22:30:06,159 - PipelineLogger - INFO - Starting execution of 'is_article_saved'
2026-03-11 22:30:06,159 - PipelineLogger - INFO - Finished execution of 'is_article_saved' in 0.0001 seconds.
2026-03-11 22:30:06,160 - PipelineLogger - INFO - Starting execution of 'is_article_saved'
2026-03-11 22:30:06,160 - PipelineLogger - INFO - Finished execution of 'is_article_saved' in 0.0001 seconds.
2026-03-11 22:30:06,160 - PipelineLogger - INFO - Starting execution of 'is_article_saved'
2026-03-11 22:30:06,160 - PipelineLogger - INFO - Finished execution of 'is_article_saved' in 0.0001 seconds.
2026-03-11 22:30:06,161 - PipelineLogger - INFO - Starting execution of 'is_article_saved'
2026-03-11 22:30:06,161 - PipelineLogger - INFO - Finished execution of 'is_article_saved' in 0.0001 seconds.
2026-03-11 22:30:06,162 - PipelineLogger - INFO - Starting execution of 'is_article_saved'
2026-03-11 22:30:06,162 - PipelineLogger - INFO - Finished execution of 'is_article_saved' in 0.0001 seconds.
2026-03-11 22:30:06,162 - PipelineLogger - INFO - Starting execution of 'is_article_saved'
2026-03-11 22:30:06,162 - PipelineLogger - INFO - Finished execution of 'is_article_saved' in 0.0001 seconds.
2026-03-11 22:30:06,163 - PipelineLogger - INFO - Starting execution of 'is_article_saved'
2026-03-11 22:30:06,163 - PipelineLogger - INFO - Finished execution of 'is_article_saved' in 0.0001 seconds.
2026-03-11 22:30:06,163 - PipelineLogger - INFO - Starting execution of 'is_article_saved'
2026-03-11 22:30:06,163 - PipelineLogger - INFO - Finished execution of 'is_article_saved' in 0.0001 seconds.
2026-03-11 22:30:06,164 - PipelineLogger - INFO - Starting execution of 'is_article_saved'
2026-03-11 22:30:06,164 - PipelineLogger - INFO - Finished execution of 'is_article_saved' in 0.0001 seconds.
2026-03-11 22:30:06,164 - PipelineLogger - INFO - Starting execution of 'is_article_saved'
2026-03-11 22:30:06,164 - PipelineLogger - INFO - Finished execution of 'is_article_saved' in 0.0001 seconds.
2026-03-11 22:30:06,903 - PipelineLogger - INFO - Starting execution of 'is_article_saved'
2026-03-11 22:30:06,913 - PipelineLogger - INFO - Finished execution of 'is_article_saved' in 0.0096 seconds.
2026-03-11 22:30:06,913 - PipelineLogger - INFO - Starting execution of 'is_article_saved'
2026-03-11 22:30:06,913 - PipelineLogger - INFO - Finished execution of 'is_article_saved' in 0.0001 seconds.
2026-03-11 22:30:06,914 - PipelineLogger - INFO - Starting execution of 'is_article_saved'
2026-03-11 22:30:06,914 - PipelineLogger - INFO - Finished execution of 'is_article_saved' in 0.0001 seconds.
2026-03-11 22:30:06,914 - PipelineLogger - INFO - Starting execution of 'is_article_saved'
2026-03-11 22:30:06,914 - PipelineLogger - INFO - Finished execution of 'is_article_saved' in 0.0001 seconds.
2026-03-11 22:30:06,914 - PipelineLogger - INFO - Starting execution of 'is_article_saved'
2026-03-11 22:30:06,914 - PipelineLogger - INFO - Finished execution of 'is_article_saved' in 0.0000 seconds.
2026-03-11 22:30:06,914 - PipelineLogger - INFO - Starting execution of 'is_article_saved'
2026-03-11 22:30:06,914 - PipelineLogger - INFO - Finished execution of 'is_article_saved' in 0.0000 seconds.
2026-03-11 22:30:06,914 - PipelineLogger - INFO - Starting execution of 'is_article_saved'
2026-03-11 22:30:06,914 - PipelineLogger - INFO - Finished execution of 'is_article_saved' in 0.0000 seconds.
2026-03-11 22:30:06,914 - PipelineLogger - INFO - Starting execution of 'is_article_saved'
2026-03-11 22:30:06,914 - PipelineLogger - INFO - Finished execution of 'is_article_saved' in 0.0000 seconds.
2026-03-11 22:30:06,914 - PipelineLogger - INFO - Starting execution of 'is_article_saved'
2026-03-11 22:30:06,914 - PipelineLogger - INFO - Finished execution of 'is_article_saved' in 0.0000 seconds.
2026-03-11 22:30:06,914 - PipelineLogger - INFO - Starting execution of 'is_article_saved'
2026-03-11 22:30:06,914 - PipelineLogger - INFO - Finished execution of 'is_article_saved' in 0.0000 seconds.
2026-03-11 22:30:06,914 - PipelineLogger - INFO - Starting execution of 'is_article_saved'
2026-03-11 22:30:06,914 - PipelineLogger - INFO - Finished execution of 'is_article_saved' in 0.0000 seconds.
2026-03-11 22:30:06,914 - PipelineLogger - INFO - Starting execution of 'is_article_saved'
2026-03-11 22:30:06,914 - PipelineLogger - INFO - Finished execution of 'is_article_saved' in 0.0000 seconds.
2026-03-11 22:30:06,914 - PipelineLogger - INFO - Starting execution of 'is_article_saved'
2026-03-11 22:30:06,914 - PipelineLogger - INFO - Finished execution of 'is_article_saved' in 0.0000 seconds.
2026-03-11 22:30:06,915 - PipelineLogger - INFO - Starting execution of 'is_article_saved'
2026-03-11 22:30:06,915 - PipelineLogger - INFO - Finished execution of 'is_article_saved' in 0.0000 seconds.
2026-03-11 22:30:06,915 - PipelineLogger - INFO - Starting execution of 'is_article_saved'
2026-03-11 22:30:06,915 - PipelineLogger - INFO - Finished execution of 'is_article_saved' in 0.0000 seconds.
2026-03-11 22:30:08,574 - PipelineLogger - INFO - Starting execution of 'is_article_saved'
2026-03-11 22:30:08,584 - PipelineLogger - INFO - Finished execution of 'is_article_saved' in 0.0096 seconds.
2026-03-11 22:30:08,584 - PipelineLogger - INFO - Starting execution of 'is_article_saved'
2026-03-11 22:30:08,584 - PipelineLogger - INFO - Finished execution of 'is_article_saved' in 0.0001 seconds.
2026-03-11 22:30:08,584 - PipelineLogger - INFO - Starting execution of 'is_article_saved'
2026-03-11 22:30:08,584 - PipelineLogger - INFO - Finished execution of 'is_article_saved' in 0.0001 seconds.
2026-03-11 22:30:09,273 - PipelineLogger - INFO - Starting execution of 'is_article_saved'
2026-03-11 22:30:09,273 - PipelineLogger - INFO - Finished execution of 'is_article_saved' in 0.0002 seconds.
2026-03-11 22:30:09,948 - PipelineLogger - INFO - Starting execution of 'is_article_saved'
2026-03-11 22:30:09,948 - PipelineLogger - INFO - Finished execution of 'is_article_saved' in 0.0002 seconds.
2026-03-11 22:30:11,020 - PipelineLogger - INFO - Starting execution of 'is_article_saved'
2026-03-11 22:30:11,021 - PipelineLogger - INFO - Finished execution of 'is_article_saved' in 0.0002 seconds.
2026-03-11 22:30:12,439 - PipelineLogger - INFO - Starting execution of 'is_article_saved'
2026-03-11 22:30:12,440 - PipelineLogger - INFO - Finished execution of 'is_article_saved' in 0.0002 seconds.
2026-03-11 22:30:13,557 - PipelineLogger - INFO - Starting execution of 'is_article_saved'
2026-03-11 22:30:13,557 - PipelineLogger - INFO - Finished execution of 'is_article_saved' in 0.0002 seconds.
2026-03-11 22:30:14,654 - PipelineLogger - INFO - Starting execution of 'is_article_saved'
2026-03-11 22:30:14,655 - PipelineLogger - INFO - Finished execution of 'is_article_saved' in 0.0002 seconds.
2026-03-11 22:30:15,692 - PipelineLogger - INFO - Starting execution of 'is_article_saved'
2026-03-11 22:30:15,692 - PipelineLogger - INFO - Finished execution of 'is_article_saved' in 0.0002 seconds.
2026-03-11 22:30:16,791 - PipelineLogger - INFO - Starting execution of 'is_article_saved'
2026-03-11 22:30:16,791 - PipelineLogger - INFO - Finished execution of 'is_article_saved' in 0.0002 seconds.
2026-03-11 22:30:17,844 - PipelineLogger - INFO - Starting execution of 'is_article_saved'
2026-03-11 22:30:17,844 - PipelineLogger - INFO - Finished execution of 'is_article_saved' in 0.0002 seconds.
2026-03-11 22:30:18,954 - PipelineLogger - INFO - Starting execution of 'is_article_saved'
2026-03-11 22:30:18,954 - PipelineLogger - INFO - Finished execution of 'is_article_saved' in 0.0002 seconds.
2026-03-11 22:30:20,003 - PipelineLogger - INFO - Starting execution of 'is_article_saved'
2026-03-11 22:30:20,003 - PipelineLogger - INFO - Finished execution of 'is_article_saved' in 0.0002 seconds.
2026-03-11 22:30:21,378 - PipelineLogger - INFO - Starting execution of 'is_article_saved'
2026-03-11 22:30:21,379 - PipelineLogger - INFO - Finished execution of 'is_article_saved' in 0.0002 seconds.
2026-03-11 22:30:32,766 - PipelineLogger - INFO - Starting execution of 'is_article_saved'
2026-03-11 22:30:32,776 - PipelineLogger - INFO - Finished execution of 'is_article_saved' in 0.0096 seconds.
2026-03-11 22:30:32,776 - PipelineLogger - INFO - Starting execution of 'is_article_saved'
2026-03-11 22:30:32,776 - PipelineLogger - INFO - Finished execution of 'is_article_saved' in 0.0001 seconds.
2026-03-11 22:30:32,776 - PipelineLogger - INFO - Starting execution of 'is_article_saved'
2026-03-11 22:30:32,776 - PipelineLogger - INFO - Finished execution of 'is_article_saved' in 0.0001 seconds.
2026-03-11 22:30:32,776 - PipelineLogger - INFO - Starting execution of 'is_article_saved'
2026-03-11 22:30:32,776 - PipelineLogger - INFO - Finished execution of 'is_article_saved' in 0.0001 seconds.
2026-03-11 22:30:32,776 - PipelineLogger - INFO - Starting execution of 'is_article_saved'
2026-03-11 22:30:32,777 - PipelineLogger - INFO - Finished execution of 'is_article_saved' in 0.0000 seconds.
2026-03-11 22:30:32,777 - PipelineLogger - INFO - Starting execution of 'is_article_saved'
2026-03-11 22:30:32,777 - PipelineLogger - INFO - Finished execution of 'is_article_saved' in 0.0000 seconds.
2026-03-11 22:30:32,777 - PipelineLogger - INFO - Starting execution of 'is_article_saved'
2026-03-11 22:30:32,777 - PipelineLogger - INFO - Finished execution of 'is_article_saved' in 0.0000 seconds.
2026-03-11 22:30:32,777 - PipelineLogger - INFO - Starting execution of 'is_article_saved'
2026-03-11 22:30:32,777 - PipelineLogger - INFO - Finished execution of 'is_article_saved' in 0.0001 seconds.
2026-03-11 22:30:33,520 - PipelineLogger - INFO - Starting execution of 'is_article_saved'
2026-03-11 22:30:33,530 - PipelineLogger - INFO - Finished execution of 'is_article_saved' in 0.0096 seconds.
2026-03-11 22:30:33,530 - PipelineLogger - INFO - Starting execution of 'is_article_saved'
2026-03-11 22:30:33,530 - PipelineLogger - INFO - Finished execution of 'is_article_saved' in 0.0002 seconds.
2026-03-11 22:30:33,531 - PipelineLogger - INFO - Starting execution of 'is_article_saved'
2026-03-11 22:30:33,531 - PipelineLogger - INFO - Finished execution of 'is_article_saved' in 0.0001 seconds.
2026-03-11 22:30:33,531 - PipelineLogger - INFO - Starting execution of 'is_article_saved'
2026-03-11 22:30:33,531 - PipelineLogger - INFO - Finished execution of 'is_article_saved' in 0.0001 seconds.
2026-03-11 22:30:34,235 - PipelineLogger - INFO - Starting execution of 'is_article_saved'
2026-03-11 22:30:34,236 - PipelineLogger - INFO - Finished execution of 'is_article_saved' in 0.0002 seconds.
2026-03-11 22:30:34,810 - PipelineLogger - INFO - Starting execution of 'is_article_saved'
2026-03-11 22:30:34,820 - PipelineLogger - INFO - Finished execution of 'is_article_saved' in 0.0096 seconds.
2026-03-11 22:30:35,966 - PipelineLogger - INFO - Starting execution of 'is_article_saved'
2026-03-11 22:30:35,966 - PipelineLogger - INFO - Finished execution of 'is_article_saved' in 0.0002 seconds.
2026-03-11 22:30:36,564 - PipelineLogger - INFO - Starting execution of 'is_article_saved'
2026-03-11 22:30:36,573 - PipelineLogger - INFO - Finished execution of 'is_article_saved' in 0.0097 seconds.
2026-03-11 22:30:38,126 - PipelineLogger - INFO - Starting execution of 'is_article_saved'
2026-03-11 22:30:38,127 - PipelineLogger - INFO - Finished execution of 'is_article_saved' in 0.0002 seconds.
2026-03-11 22:30:38,857 - PipelineLogger - INFO - Starting execution of 'is_article_saved'
2026-03-11 22:30:38,857 - PipelineLogger - INFO - Finished execution of 'is_article_saved' in 0.0002 seconds.
2026-03-11 22:30:39,595 - PipelineLogger - INFO - Starting execution of 'is_article_saved'
2026-03-11 22:30:39,595 - PipelineLogger - INFO - Finished execution of 'is_article_saved' in 0.0002 seconds.
2026-03-11 22:30:40,161 - PipelineLogger - INFO - Starting execution of 'is_article_saved'
2026-03-11 22:30:40,171 - PipelineLogger - INFO - Finished execution of 'is_article_saved' in 0.0096 seconds.
2026-03-11 22:30:40,888 - PipelineLogger - INFO - Starting execution of 'is_article_saved'
2026-03-11 22:30:40,889 - PipelineLogger - INFO - Finished execution of 'is_article_saved' in 0.0002 seconds.
2026-03-11 22:30:41,883 - PipelineLogger - INFO - Starting execution of 'is_article_saved'
2026-03-11 22:30:41,883 - PipelineLogger - INFO - Finished execution of 'is_article_saved' in 0.0002 seconds.
2026-03-11 22:30:42,579 - PipelineLogger - INFO - Starting execution of 'is_article_saved'
2026-03-11 22:30:42,579 - PipelineLogger - INFO - Finished execution of 'is_article_saved' in 0.0002 seconds.
2026-03-11 22:30:43,169 - PipelineLogger - INFO - Finished execution of 'fetch_rss_news' in 64.5990 seconds.
2026-03-11 22:30:43,169 - PipelineLogger - INFO - Starting execution of 'fetch_newsapi_news'
2026-03-11 22:30:44,267 - PipelineLogger - INFO - Starting execution of 'is_article_saved'
2026-03-11 22:30:44,267 - PipelineLogger - INFO - Finished execution of 'is_article_saved' in 0.0003 seconds.
2026-03-11 22:30:47,392 - PipelineLogger - INFO - Starting execution of 'is_article_saved'
2026-03-11 22:30:47,402 - PipelineLogger - INFO - Finished execution of 'is_article_saved' in 0.0095 seconds.
2026-03-11 22:30:47,607 - PipelineLogger - INFO - Starting execution of 'is_article_saved'
2026-03-11 22:30:47,607 - PipelineLogger - INFO - Finished execution of 'is_article_saved' in 0.0002 seconds.
2026-03-11 22:30:49,580 - PipelineLogger - INFO - Starting execution of 'is_article_saved'
2026-03-11 22:30:49,590 - PipelineLogger - INFO - Finished execution of 'is_article_saved' in 0.0097 seconds.
2026-03-11 22:30:51,109 - PipelineLogger - INFO - Starting execution of 'is_article_saved'
2026-03-11 22:30:51,109 - PipelineLogger - INFO - Finished execution of 'is_article_saved' in 0.0002 seconds.
2026-03-11 22:30:52,860 - PipelineLogger - INFO - Starting execution of 'is_article_saved'
2026-03-11 22:30:52,860 - PipelineLogger - INFO - Finished execution of 'is_article_saved' in 0.0002 seconds.
2026-03-11 22:30:53,297 - PipelineLogger - INFO - Starting execution of 'is_article_saved'
2026-03-11 22:30:53,307 - PipelineLogger - INFO - Finished execution of 'is_article_saved' in 0.0096 seconds.
2026-03-11 22:30:53,763 - PipelineLogger - INFO - Starting execution of 'is_article_saved'
2026-03-11 22:30:53,773 - PipelineLogger - INFO - Finished execution of 'is_article_saved' in 0.0096 seconds.
2026-03-11 22:30:53,773 - PipelineLogger - INFO - Starting execution of 'is_article_saved'
2026-03-11 22:30:53,774 - PipelineLogger - INFO - Finished execution of 'is_article_saved' in 0.0003 seconds.
2026-03-11 22:30:55,167 - PipelineLogger - INFO - Starting execution of 'is_article_saved'
2026-03-11 22:30:55,167 - PipelineLogger - INFO - Finished execution of 'is_article_saved' in 0.0002 seconds.
2026-03-11 22:30:56,732 - PipelineLogger - INFO - Starting execution of 'is_article_saved'
2026-03-11 22:30:56,733 - PipelineLogger - INFO - Finished execution of 'is_article_saved' in 0.0005 seconds.
2026-03-11 22:30:57,217 - PipelineLogger - INFO - Starting execution of 'is_article_saved'
2026-03-11 22:30:57,218 - PipelineLogger - INFO - Finished execution of 'is_article_saved' in 0.0002 seconds.
2026-03-11 22:30:58,826 - PipelineLogger - INFO - Starting execution of 'is_article_saved'
2026-03-11 22:30:58,827 - PipelineLogger - INFO - Finished execution of 'is_article_saved' in 0.0002 seconds.
2026-03-11 22:30:58,828 - PipelineLogger - INFO - Starting execution of 'is_article_saved'
2026-03-11 22:30:58,828 - PipelineLogger - INFO - Finished execution of 'is_article_saved' in 0.0001 seconds.
2026-03-11 22:31:00,650 - PipelineLogger - INFO - Starting execution of 'is_article_saved'
2026-03-11 22:31:00,650 - PipelineLogger - INFO - Finished execution of 'is_article_saved' in 0.0002 seconds.
2026-03-11 22:31:00,923 - PipelineLogger - INFO - Starting execution of 'is_article_saved'
2026-03-11 22:31:00,924 - PipelineLogger - INFO - Finished execution of 'is_article_saved' in 0.0004 seconds.
2026-03-11 22:31:02,198 - PipelineLogger - INFO - Starting execution of 'is_article_saved'
2026-03-11 22:31:02,199 - PipelineLogger - INFO - Finished execution of 'is_article_saved' in 0.0002 seconds.
2026-03-11 22:31:03,495 - PipelineLogger - INFO - Starting execution of 'is_article_saved'
2026-03-11 22:31:03,495 - PipelineLogger - INFO - Finished execution of 'is_article_saved' in 0.0002 seconds.
2026-03-11 22:31:05,142 - PipelineLogger - INFO - Starting execution of 'is_article_saved'
2026-03-11 22:31:05,142 - PipelineLogger - INFO - Finished execution of 'is_article_saved' in 0.0002 seconds.
2026-03-11 22:31:05,374 - PipelineLogger - INFO - Starting execution of 'is_article_saved'
2026-03-11 22:31:05,374 - PipelineLogger - INFO - Finished execution of 'is_article_saved' in 0.0003 seconds.
2026-03-11 22:31:08,618 - PipelineLogger - INFO - Starting execution of 'is_article_saved'
2026-03-11 22:31:08,619 - PipelineLogger - INFO - Finished execution of 'is_article_saved' in 0.0002 seconds.
2026-03-11 22:31:09,131 - PipelineLogger - INFO - Starting execution of 'is_article_saved'
2026-03-11 22:31:09,131 - PipelineLogger - INFO - Finished execution of 'is_article_saved' in 0.0002 seconds.
2026-03-11 22:31:10,034 - PipelineLogger - INFO - Starting execution of 'is_article_saved'
2026-03-11 22:31:10,035 - PipelineLogger - INFO - Finished execution of 'is_article_saved' in 0.0002 seconds.
2026-03-11 22:31:10,036 - PipelineLogger - INFO - Starting execution of 'is_article_saved'
2026-03-11 22:31:10,036 - PipelineLogger - INFO - Finished execution of 'is_article_saved' in 0.0002 seconds.
2026-03-11 22:31:10,037 - PipelineLogger - INFO - Starting execution of 'is_article_saved'
2026-03-11 22:31:10,037 - PipelineLogger - INFO - Finished execution of 'is_article_saved' in 0.0001 seconds.
2026-03-11 22:31:10,654 - PipelineLogger - INFO - Starting execution of 'is_article_saved'
2026-03-11 22:31:10,654 - PipelineLogger - INFO - Finished execution of 'is_article_saved' in 0.0002 seconds.
2026-03-11 22:31:10,960 - PipelineLogger - INFO - Starting execution of 'is_article_saved'
2026-03-11 22:31:10,960 - PipelineLogger - INFO - Finished execution of 'is_article_saved' in 0.0002 seconds.
2026-03-11 22:31:12,246 - PipelineLogger - INFO - Starting execution of 'is_article_saved'
2026-03-11 22:31:12,246 - PipelineLogger - INFO - Finished execution of 'is_article_saved' in 0.0002 seconds.
2026-03-11 22:31:12,946 - PipelineLogger - INFO - Starting execution of 'is_article_saved'
2026-03-11 22:31:12,955 - PipelineLogger - INFO - Finished execution of 'is_article_saved' in 0.0097 seconds.
2026-03-11 22:31:13,493 - PipelineLogger - INFO - Starting execution of 'is_article_saved'
2026-03-11 22:31:13,494 - PipelineLogger - INFO - Finished execution of 'is_article_saved' in 0.0002 seconds.
2026-03-11 22:31:13,900 - PipelineLogger - INFO - Starting execution of 'is_article_saved'
2026-03-11 22:31:13,901 - PipelineLogger - INFO - Finished execution of 'is_article_saved' in 0.0003 seconds.
2026-03-11 22:31:15,317 - PipelineLogger - INFO - Starting execution of 'is_article_saved'
2026-03-11 22:31:15,327 - PipelineLogger - INFO - Finished execution of 'is_article_saved' in 0.0096 seconds.
2026-03-11 22:31:17,419 - PipelineLogger - INFO - Starting execution of 'is_article_saved'
2026-03-11 22:31:17,419 - PipelineLogger - INFO - Finished execution of 'is_article_saved' in 0.0002 seconds.
2026-03-11 22:31:17,530 - PipelineLogger - INFO - Starting execution of 'is_article_saved'
2026-03-11 22:31:17,530 - PipelineLogger - INFO - Finished execution of 'is_article_saved' in 0.0003 seconds.
2026-03-11 22:31:17,531 - PipelineLogger - INFO - Starting execution of 'is_article_saved'
2026-03-11 22:31:17,532 - PipelineLogger - INFO - Finished execution of 'is_article_saved' in 0.0002 seconds.
2026-03-11 22:31:17,532 - PipelineLogger - INFO - Starting execution of 'is_article_saved'
2026-03-11 22:31:17,532 - PipelineLogger - INFO - Finished execution of 'is_article_saved' in 0.0001 seconds.
2026-03-11 22:31:17,607 - PipelineLogger - INFO - Starting execution of 'is_article_saved'
2026-03-11 22:31:17,608 - PipelineLogger - INFO - Finished execution of 'is_article_saved' in 0.0003 seconds.
2026-03-11 22:31:18,161 - PipelineLogger - INFO - Starting execution of 'is_article_saved'
2026-03-11 22:31:18,171 - PipelineLogger - INFO - Finished execution of 'is_article_saved' in 0.0096 seconds.
2026-03-11 22:31:19,611 - PipelineLogger - INFO - Starting execution of 'is_article_saved'
2026-03-11 22:31:19,612 - PipelineLogger - INFO - Finished execution of 'is_article_saved' in 0.0004 seconds.
2026-03-11 22:31:19,821 - PipelineLogger - INFO - Starting execution of 'is_article_saved'
2026-03-11 22:31:19,821 - PipelineLogger - INFO - Finished execution of 'is_article_saved' in 0.0002 seconds.
2026-03-11 22:31:20,741 - PipelineLogger - INFO - Starting execution of 'is_article_saved'
2026-03-11 22:31:20,751 - PipelineLogger - INFO - Finished execution of 'is_article_saved' in 0.0098 seconds.
2026-03-11 22:31:21,685 - PipelineLogger - INFO - Starting execution of 'is_article_saved'
2026-03-11 22:31:21,686 - PipelineLogger - INFO - Finished execution of 'is_article_saved' in 0.0002 seconds.
2026-03-11 22:31:22,761 - PipelineLogger - INFO - Starting execution of 'is_article_saved'
2026-03-11 22:31:22,761 - PipelineLogger - INFO - Finished execution of 'is_article_saved' in 0.0002 seconds.
2026-03-11 22:31:24,014 - PipelineLogger - INFO - Starting execution of 'is_article_saved'
2026-03-11 22:31:24,014 - PipelineLogger - INFO - Finished execution of 'is_article_saved' in 0.0002 seconds.
2026-03-11 22:31:24,829 - PipelineLogger - INFO - Starting execution of 'is_article_saved'
2026-03-11 22:31:24,839 - PipelineLogger - INFO - Finished execution of 'is_article_saved' in 0.0097 seconds.
2026-03-11 22:31:26,131 - PipelineLogger - INFO - Starting execution of 'is_article_saved'
2026-03-11 22:31:26,132 - PipelineLogger - INFO - Finished execution of 'is_article_saved' in 0.0002 seconds.
2026-03-11 22:31:28,290 - PipelineLogger - INFO - Starting execution of 'is_article_saved'
2026-03-11 22:31:28,290 - PipelineLogger - INFO - Finished execution of 'is_article_saved' in 0.0002 seconds.
2026-03-11 22:31:28,817 - PipelineLogger - INFO - Starting execution of 'is_article_saved'
2026-03-11 22:31:28,818 - PipelineLogger - INFO - Finished execution of 'is_article_saved' in 0.0002 seconds.
2026-03-11 22:31:30,371 - PipelineLogger - INFO - Starting execution of 'is_article_saved'
2026-03-11 22:31:30,371 - PipelineLogger - INFO - Finished execution of 'is_article_saved' in 0.0002 seconds.
2026-03-11 22:31:31,464 - PipelineLogger - INFO - Starting execution of 'is_article_saved'
2026-03-11 22:31:31,465 - PipelineLogger - INFO - Finished execution of 'is_article_saved' in 0.0004 seconds.
2026-03-11 22:31:31,620 - PipelineLogger - INFO - Starting execution of 'is_article_saved'
2026-03-11 22:31:31,621 - PipelineLogger - INFO - Finished execution of 'is_article_saved' in 0.0004 seconds.
2026-03-11 22:31:32,897 - PipelineLogger - INFO - Starting execution of 'is_article_saved'
2026-03-11 22:31:32,898 - PipelineLogger - INFO - Finished execution of 'is_article_saved' in 0.0002 seconds.
2026-03-11 22:31:32,899 - PipelineLogger - INFO - Starting execution of 'is_article_saved'
2026-03-11 22:31:32,899 - PipelineLogger - INFO - Finished execution of 'is_article_saved' in 0.0002 seconds.
2026-03-11 22:31:33,248 - PipelineLogger - INFO - Starting execution of 'is_article_saved'
2026-03-11 22:31:33,249 - PipelineLogger - INFO - Finished execution of 'is_article_saved' in 0.0002 seconds.
2026-03-11 22:31:34,563 - PipelineLogger - INFO - Starting execution of 'is_article_saved'
2026-03-11 22:31:34,564 - PipelineLogger - INFO - Finished execution of 'is_article_saved' in 0.0002 seconds.
2026-03-11 22:31:35,054 - PipelineLogger - INFO - Starting execution of 'is_article_saved'
2026-03-11 22:31:35,054 - PipelineLogger - INFO - Finished execution of 'is_article_saved' in 0.0002 seconds.
2026-03-11 22:31:36,484 - PipelineLogger - INFO - Starting execution of 'is_article_saved'
2026-03-11 22:31:36,484 - PipelineLogger - INFO - Finished execution of 'is_article_saved' in 0.0002 seconds.
2026-03-11 22:31:36,485 - PipelineLogger - INFO - Starting execution of 'is_article_saved'
2026-03-11 22:31:36,485 - PipelineLogger - INFO - Finished execution of 'is_article_saved' in 0.0001 seconds.
2026-03-11 22:31:37,947 - PipelineLogger - INFO - Starting execution of 'is_article_saved'
2026-03-11 22:31:37,948 - PipelineLogger - INFO - Finished execution of 'is_article_saved' in 0.0004 seconds.
2026-03-11 22:31:38,438 - PipelineLogger - INFO - Starting execution of 'is_article_saved'
2026-03-11 22:31:38,439 - PipelineLogger - INFO - Finished execution of 'is_article_saved' in 0.0002 seconds.
2026-03-11 22:31:39,988 - PipelineLogger - INFO - Starting execution of 'is_article_saved'
2026-03-11 22:31:39,988 - PipelineLogger - INFO - Finished execution of 'is_article_saved' in 0.0003 seconds.
2026-03-11 22:31:40,221 - PipelineLogger - INFO - Starting execution of 'is_article_saved'
2026-03-11 22:31:40,222 - PipelineLogger - INFO - Finished execution of 'is_article_saved' in 0.0002 seconds.
2026-03-11 22:31:40,222 - PipelineLogger - INFO - Starting execution of 'is_article_saved'
2026-03-11 22:31:40,223 - PipelineLogger - INFO - Finished execution of 'is_article_saved' in 0.0001 seconds.
2026-03-11 22:31:40,223 - PipelineLogger - INFO - Starting execution of 'is_article_saved'
2026-03-11 22:31:40,223 - PipelineLogger - INFO - Finished execution of 'is_article_saved' in 0.0001 seconds.
2026-03-11 22:31:40,224 - PipelineLogger - INFO - Starting execution of 'is_article_saved'
2026-03-11 22:31:40,224 - PipelineLogger - INFO - Finished execution of 'is_article_saved' in 0.0001 seconds.
2026-03-11 22:31:40,516 - PipelineLogger - INFO - Starting execution of 'is_article_saved'
2026-03-11 22:31:40,517 - PipelineLogger - INFO - Finished execution of 'is_article_saved' in 0.0002 seconds.
2026-03-11 22:31:41,058 - PipelineLogger - INFO - Starting execution of 'is_article_saved'
2026-03-11 22:31:41,058 - PipelineLogger - INFO - Finished execution of 'is_article_saved' in 0.0004 seconds.
2026-03-11 22:31:41,112 - PipelineLogger - INFO - Starting execution of 'is_article_saved'
2026-03-11 22:31:41,112 - PipelineLogger - INFO - Finished execution of 'is_article_saved' in 0.0002 seconds.
2026-03-11 22:31:42,000 - PipelineLogger - INFO - Starting execution of 'is_article_saved'
2026-03-11 22:31:42,001 - PipelineLogger - INFO - Finished execution of 'is_article_saved' in 0.0003 seconds.
2026-03-11 22:31:43,595 - PipelineLogger - INFO - Starting execution of 'is_article_saved'
2026-03-11 22:31:43,595 - PipelineLogger - INFO - Finished execution of 'is_article_saved' in 0.0002 seconds.
2026-03-11 22:31:43,910 - PipelineLogger - INFO - Starting execution of 'is_article_saved'
2026-03-11 22:31:43,910 - PipelineLogger - INFO - Finished execution of 'is_article_saved' in 0.0002 seconds.
2026-03-11 22:31:45,467 - PipelineLogger - INFO - Starting execution of 'is_article_saved'
2026-03-11 22:31:45,468 - PipelineLogger - INFO - Finished execution of 'is_article_saved' in 0.0002 seconds.
2026-03-11 22:31:45,469 - PipelineLogger - INFO - Starting execution of 'is_article_saved'
2026-03-11 22:31:45,469 - PipelineLogger - INFO - Finished execution of 'is_article_saved' in 0.0002 seconds.
2026-03-11 22:31:45,470 - PipelineLogger - INFO - Starting execution of 'is_article_saved'
2026-03-11 22:31:45,470 - PipelineLogger - INFO - Finished execution of 'is_article_saved' in 0.0001 seconds.
2026-03-11 22:31:45,550 - PipelineLogger - INFO - Starting execution of 'is_article_saved'
2026-03-11 22:31:45,550 - PipelineLogger - INFO - Finished execution of 'is_article_saved' in 0.0002 seconds.
2026-03-11 22:31:45,857 - PipelineLogger - INFO - Starting execution of 'is_article_saved'
2026-03-11 22:31:45,857 - PipelineLogger - INFO - Finished execution of 'is_article_saved' in 0.0002 seconds.
2026-03-11 22:31:46,963 - PipelineLogger - INFO - Starting execution of 'is_article_saved'
2026-03-11 22:31:46,963 - PipelineLogger - INFO - Finished execution of 'is_article_saved' in 0.0003 seconds.
2026-03-11 22:31:47,255 - PipelineLogger - INFO - Starting execution of 'is_article_saved'
2026-03-11 22:31:47,256 - PipelineLogger - INFO - Finished execution of 'is_article_saved' in 0.0003 seconds.
2026-03-11 22:31:47,560 - PipelineLogger - INFO - Starting execution of 'is_article_saved'
2026-03-11 22:31:47,560 - PipelineLogger - INFO - Finished execution of 'is_article_saved' in 0.0004 seconds.
2026-03-11 22:31:47,703 - PipelineLogger - INFO - Starting execution of 'is_article_saved'
2026-03-11 22:31:47,704 - PipelineLogger - INFO - Finished execution of 'is_article_saved' in 0.0002 seconds.
2026-03-11 22:31:47,990 - PipelineLogger - INFO - Starting execution of 'is_article_saved'
2026-03-11 22:31:47,991 - PipelineLogger - INFO - Finished execution of 'is_article_saved' in 0.0002 seconds.
2026-03-11 22:31:48,900 - PipelineLogger - INFO - Starting execution of 'is_article_saved'
2026-03-11 22:31:48,900 - PipelineLogger - INFO - Finished execution of 'is_article_saved' in 0.0002 seconds.
2026-03-11 22:31:50,767 - PipelineLogger - INFO - Starting execution of 'is_article_saved'
2026-03-11 22:31:50,767 - PipelineLogger - INFO - Finished execution of 'is_article_saved' in 0.0002 seconds.
2026-03-11 22:31:52,530 - PipelineLogger - INFO - Starting execution of 'is_article_saved'
2026-03-11 22:31:52,531 - PipelineLogger - INFO - Finished execution of 'is_article_saved' in 0.0002 seconds.
2026-03-11 22:31:54,249 - PipelineLogger - INFO - Starting execution of 'is_article_saved'
2026-03-11 22:31:54,250 - PipelineLogger - INFO - Finished execution of 'is_article_saved' in 0.0002 seconds.
2026-03-11 22:31:55,123 - PipelineLogger - INFO - Starting execution of 'is_article_saved'
2026-03-11 22:31:55,123 - PipelineLogger - INFO - Finished execution of 'is_article_saved' in 0.0002 seconds.
2026-03-11 22:31:55,508 - PipelineLogger - INFO - Starting execution of 'is_article_saved'
2026-03-11 22:31:55,508 - PipelineLogger - INFO - Finished execution of 'is_article_saved' in 0.0002 seconds.
2026-03-11 22:31:56,322 - PipelineLogger - INFO - Starting execution of 'is_article_saved'
2026-03-11 22:31:56,322 - PipelineLogger - INFO - Finished execution of 'is_article_saved' in 0.0002 seconds.
2026-03-11 22:31:57,152 - PipelineLogger - INFO - Starting execution of 'is_article_saved'
2026-03-11 22:31:57,153 - PipelineLogger - INFO - Finished execution of 'is_article_saved' in 0.0002 seconds.
2026-03-11 22:31:57,628 - PipelineLogger - INFO - Starting execution of 'is_article_saved'
2026-03-11 22:31:57,629 - PipelineLogger - INFO - Finished execution of 'is_article_saved' in 0.0002 seconds.
2026-03-11 22:31:58,001 - PipelineLogger - INFO - Starting execution of 'is_article_saved'
2026-03-11 22:31:58,002 - PipelineLogger - INFO - Finished execution of 'is_article_saved' in 0.0003 seconds.
2026-03-11 22:31:59,556 - PipelineLogger - INFO - Starting execution of 'is_article_saved'
2026-03-11 22:31:59,556 - PipelineLogger - INFO - Finished execution of 'is_article_saved' in 0.0002 seconds.
2026-03-11 22:31:59,617 - PipelineLogger - INFO - Starting execution of 'is_article_saved'
2026-03-11 22:31:59,618 - PipelineLogger - INFO - Finished execution of 'is_article_saved' in 0.0004 seconds.
2026-03-11 22:31:59,867 - PipelineLogger - INFO - Starting execution of 'is_article_saved'
2026-03-11 22:31:59,868 - PipelineLogger - INFO - Finished execution of 'is_article_saved' in 0.0002 seconds.
2026-03-11 22:32:01,109 - PipelineLogger - INFO - Starting execution of 'is_article_saved'
2026-03-11 22:32:01,119 - PipelineLogger - INFO - Finished execution of 'is_article_saved' in 0.0097 seconds.
2026-03-11 22:32:02,524 - PipelineLogger - INFO - Starting execution of 'is_article_saved'
2026-03-11 22:32:02,525 - PipelineLogger - INFO - Finished execution of 'is_article_saved' in 0.0002 seconds.
2026-03-11 22:32:02,526 - PipelineLogger - INFO - Starting execution of 'is_article_saved'
2026-03-11 22:32:02,526 - PipelineLogger - INFO - Finished execution of 'is_article_saved' in 0.0002 seconds.
2026-03-11 22:32:03,365 - PipelineLogger - INFO - Starting execution of 'is_article_saved'
2026-03-11 22:32:03,366 - PipelineLogger - INFO - Finished execution of 'is_article_saved' in 0.0002 seconds.
2026-03-11 22:32:03,793 - PipelineLogger - INFO - Starting execution of 'is_article_saved'
2026-03-11 22:32:03,793 - PipelineLogger - INFO - Finished execution of 'is_article_saved' in 0.0003 seconds.
2026-03-11 22:32:04,110 - PipelineLogger - INFO - Starting execution of 'is_article_saved'
2026-03-11 22:32:04,110 - PipelineLogger - INFO - Finished execution of 'is_article_saved' in 0.0002 seconds.
2026-03-11 22:32:04,185 - PipelineLogger - INFO - Starting execution of 'is_article_saved'
2026-03-11 22:32:04,186 - PipelineLogger - INFO - Finished execution of 'is_article_saved' in 0.0002 seconds.
2026-03-11 22:32:05,312 - PipelineLogger - INFO - Starting execution of 'is_article_saved'
2026-03-11 22:32:05,312 - PipelineLogger - INFO - Finished execution of 'is_article_saved' in 0.0002 seconds.
2026-03-11 22:32:07,393 - PipelineLogger - INFO - Starting execution of 'is_article_saved'
2026-03-11 22:32:07,393 - PipelineLogger - INFO - Finished execution of 'is_article_saved' in 0.0002 seconds.
2026-03-11 22:32:08,203 - PipelineLogger - INFO - Starting execution of 'is_article_saved'
2026-03-11 22:32:08,204 - PipelineLogger - INFO - Finished execution of 'is_article_saved' in 0.0002 seconds.
2026-03-11 22:32:09,079 - PipelineLogger - INFO - Starting execution of 'is_article_saved'
2026-03-11 22:32:09,079 - PipelineLogger - INFO - Finished execution of 'is_article_saved' in 0.0002 seconds.
2026-03-11 22:32:10,591 - PipelineLogger - INFO - Starting execution of 'is_article_saved'
2026-03-11 22:32:10,591 - PipelineLogger - INFO - Finished execution of 'is_article_saved' in 0.0002 seconds.
2026-03-11 22:32:11,440 - PipelineLogger - INFO - Starting execution of 'is_article_saved'
2026-03-11 22:32:11,440 - PipelineLogger - INFO - Finished execution of 'is_article_saved' in 0.0002 seconds.
2026-03-11 22:32:13,069 - PipelineLogger - INFO - Starting execution of 'is_article_saved'
2026-03-11 22:32:13,070 - PipelineLogger - INFO - Finished execution of 'is_article_saved' in 0.0002 seconds.
2026-03-11 22:32:13,634 - PipelineLogger - INFO - Starting execution of 'is_article_saved'
2026-03-11 22:32:13,635 - PipelineLogger - INFO - Finished execution of 'is_article_saved' in 0.0002 seconds.
2026-03-11 22:32:14,890 - PipelineLogger - INFO - Starting execution of 'is_article_saved'
2026-03-11 22:32:14,891 - PipelineLogger - INFO - Finished execution of 'is_article_saved' in 0.0002 seconds.
2026-03-11 22:32:14,891 - PipelineLogger - INFO - Starting execution of 'is_article_saved'
2026-03-11 22:32:14,891 - PipelineLogger - INFO - Finished execution of 'is_article_saved' in 0.0001 seconds.
2026-03-11 22:32:14,892 - PipelineLogger - INFO - Starting execution of 'is_article_saved'
2026-03-11 22:32:14,892 - PipelineLogger - INFO - Finished execution of 'is_article_saved' in 0.0001 seconds.
2026-03-11 22:32:14,893 - PipelineLogger - INFO - Starting execution of 'is_article_saved'
2026-03-11 22:32:14,893 - PipelineLogger - INFO - Finished execution of 'is_article_saved' in 0.0001 seconds.
2026-03-11 22:32:14,977 - PipelineLogger - INFO - Starting execution of 'is_article_saved'
2026-03-11 22:32:14,977 - PipelineLogger - INFO - Finished execution of 'is_article_saved' in 0.0002 seconds.
2026-03-11 22:32:22,122 - PipelineLogger - INFO - Starting execution of 'is_article_saved'
2026-03-11 22:32:22,122 - PipelineLogger - INFO - Finished execution of 'is_article_saved' in 0.0003 seconds.
2026-03-11 22:32:23,250 - PipelineLogger - INFO - Starting execution of 'is_article_saved'
2026-03-11 22:32:23,250 - PipelineLogger - INFO - Finished execution of 'is_article_saved' in 0.0002 seconds.
2026-03-11 22:32:23,456 - PipelineLogger - INFO - Starting execution of 'is_article_saved'
2026-03-11 22:32:23,456 - PipelineLogger - INFO - Finished execution of 'is_article_saved' in 0.0002 seconds.
2026-03-11 22:32:25,504 - PipelineLogger - INFO - Starting execution of 'is_article_saved'
2026-03-11 22:32:25,504 - PipelineLogger - INFO - Finished execution of 'is_article_saved' in 0.0002 seconds.
2026-03-11 22:32:26,962 - PipelineLogger - INFO - Starting execution of 'is_article_saved'
2026-03-11 22:32:26,963 - PipelineLogger - INFO - Finished execution of 'is_article_saved' in 0.0003 seconds.
2026-03-11 22:32:27,221 - PipelineLogger - INFO - Starting execution of 'is_article_saved'
2026-03-11 22:32:27,221 - PipelineLogger - INFO - Finished execution of 'is_article_saved' in 0.0002 seconds.
2026-03-11 22:32:27,511 - PipelineLogger - INFO - Starting execution of 'is_article_saved'
2026-03-11 22:32:27,511 - PipelineLogger - INFO - Finished execution of 'is_article_saved' in 0.0002 seconds.
2026-03-11 22:32:27,512 - PipelineLogger - INFO - Starting execution of 'is_article_saved'
2026-03-11 22:32:27,522 - PipelineLogger - INFO - Finished execution of 'is_article_saved' in 0.0095 seconds.
2026-03-11 22:32:27,721 - PipelineLogger - INFO - Starting execution of 'is_article_saved'
2026-03-11 22:32:27,722 - PipelineLogger - INFO - Finished execution of 'is_article_saved' in 0.0003 seconds.
2026-03-11 22:32:28,756 - PipelineLogger - INFO - Starting execution of 'is_article_saved'
2026-03-11 22:32:28,756 - PipelineLogger - INFO - Finished execution of 'is_article_saved' in 0.0003 seconds.
2026-03-11 22:32:29,808 - PipelineLogger - INFO - Starting execution of 'is_article_saved'
2026-03-11 22:32:29,809 - PipelineLogger - INFO - Finished execution of 'is_article_saved' in 0.0002 seconds.
2026-03-11 22:32:30,456 - PipelineLogger - INFO - Starting execution of 'is_article_saved'
2026-03-11 22:32:30,457 - PipelineLogger - INFO - Finished execution of 'is_article_saved' in 0.0003 seconds.
2026-03-11 22:32:30,675 - PipelineLogger - INFO - Finished execution of 'fetch_newsapi_news' in 107.5059 seconds.
2026-03-11 22:32:30,675 - PipelineLogger - INFO - Finished execution of 'scrape_all_sources' in 172.1051 seconds.
2026-03-11 22:32:30,675 - PipelineLogger - INFO - Extracted 204 relevant articles.
2026-03-11 22:32:30,675 - PipelineLogger - INFO - Saving articles to the database...
2026-03-11 22:32:30,675 - PipelineLogger - INFO - Starting execution of 'save_articles'
2026-03-11 22:32:30,697 - PipelineLogger - INFO - Finished execution of 'save_articles' in 0.0219 seconds.
2026-03-11 22:32:30,698 - PipelineLogger - INFO - Extracting data from database for analysis...
2026-03-11 22:32:30,698 - PipelineLogger - INFO - Starting execution of 'get_all_articles'
2026-03-11 22:32:30,717 - PipelineLogger - INFO - Finished execution of 'get_all_articles' in 0.0195 seconds.
2026-03-11 22:32:30,717 - PipelineLogger - INFO - Firing up the SQLite EDA module...
2026-03-11 22:32:30,717 - PipelineLogger - INFO - Starting execution of 'run_eda'
2026-03-11 22:32:30,717 - PipelineLogger - INFO - Generating EDA charts...
2026-03-11 22:32:30,852 - PipelineLogger - INFO - [EDA 1/13] Top sources...
2026-03-11 22:32:30,951 - PipelineLogger - INFO - [EDA 2/13] Keyword frequency...
2026-03-11 22:32:31,219 - PipelineLogger - INFO - [EDA 3/13] Timeline...
2026-03-11 22:32:31,327 - PipelineLogger - INFO - [EDA 4/13] Length distribution...
2026-03-11 22:32:31,463 - PipelineLogger - INFO - [EDA 5/13] Actor mentions...
2026-03-11 22:32:31,885 - PipelineLogger - INFO - [EDA 6/13] Conflict theaters...
2026-03-11 22:32:32,153 - PipelineLogger - INFO - [EDA 7/13] Actor co-occurrence heatmap...
2026-03-11 22:32:32,715 - PipelineLogger - ERROR - Error executing 'run_eda' after 1.9974 seconds: underlying array is read-only
2026-03-11 22:32:32,715 - PipelineLogger - ERROR - Error executing 'main' after 174.1545 seconds: underlying array is read-only
2026-03-11 22:36:14,144 - PipelineLogger - WARNING - [EDA] textblob not installed — sentiment analysis will be skipped.
2026-03-11 22:36:14,144 - PipelineLogger - WARNING - [EDA] scikit-learn not installed — n-gram / TF-IDF analyses will be skipped.
2026-03-11 22:36:14,461 - PipelineLogger - INFO - Starting execution of 'main'
2026-03-11 22:36:14,461 - PipelineLogger - INFO - =============================================
2026-03-11 22:36:14,461 - PipelineLogger - INFO -  Geopolitical News Pipeline / WW3 Context Analyzer 
2026-03-11 22:36:14,461 - PipelineLogger - INFO - =============================================
2026-03-11 22:36:14,461 - PipelineLogger - INFO - Initializing SQLite database...
2026-03-11 22:36:14,461 - PipelineLogger - INFO - Starting execution of 'init_db'
2026-03-11 22:36:14,461 - PipelineLogger - INFO - Finished execution of 'init_db' in 0.0002 seconds.
2026-03-11 22:36:14,461 - PipelineLogger - INFO - Scraping recent geopolitical articles...
2026-03-11 22:36:14,461 - PipelineLogger - INFO - Starting execution of 'scrape_all_sources'
2026-03-11 22:36:14,461 - PipelineLogger - INFO - Starting execution of 'fetch_rss_news'
2026-03-11 22:36:14,990 - PipelineLogger - INFO - Starting execution of 'is_article_saved'
2026-03-11 22:36:14,990 - PipelineLogger - INFO - Finished execution of 'is_article_saved' in 0.0002 seconds.
2026-03-11 22:36:14,992 - PipelineLogger - INFO - Starting execution of 'is_article_saved'
2026-03-11 22:36:14,992 - PipelineLogger - INFO - Finished execution of 'is_article_saved' in 0.0001 seconds.
2026-03-11 22:36:14,992 - PipelineLogger - INFO - Starting execution of 'is_article_saved'
2026-03-11 22:36:14,992 - PipelineLogger - INFO - Finished execution of 'is_article_saved' in 0.0001 seconds.
2026-03-11 22:36:14,993 - PipelineLogger - INFO - Starting execution of 'is_article_saved'
2026-03-11 22:36:14,993 - PipelineLogger - INFO - Finished execution of 'is_article_saved' in 0.0001 seconds.
2026-03-11 22:36:14,993 - PipelineLogger - INFO - Starting execution of 'is_article_saved'
2026-03-11 22:36:14,993 - PipelineLogger - INFO - Finished execution of 'is_article_saved' in 0.0001 seconds.
2026-03-11 22:36:14,994 - PipelineLogger - INFO - Starting execution of 'is_article_saved'
2026-03-11 22:36:14,994 - PipelineLogger - INFO - Finished execution of 'is_article_saved' in 0.0001 seconds.
2026-03-11 22:36:14,994 - PipelineLogger - INFO - Starting execution of 'is_article_saved'
2026-03-11 22:36:14,994 - PipelineLogger - INFO - Finished execution of 'is_article_saved' in 0.0001 seconds.
2026-03-11 22:36:14,995 - PipelineLogger - INFO - Starting execution of 'is_article_saved'
2026-03-11 22:36:14,995 - PipelineLogger - INFO - Finished execution of 'is_article_saved' in 0.0001 seconds.
2026-03-11 22:36:14,995 - PipelineLogger - INFO - Starting execution of 'is_article_saved'
2026-03-11 22:36:14,995 - PipelineLogger - INFO - Finished execution of 'is_article_saved' in 0.0001 seconds.
2026-03-11 22:36:14,995 - PipelineLogger - INFO - Starting execution of 'is_article_saved'
2026-03-11 22:36:14,996 - PipelineLogger - INFO - Finished execution of 'is_article_saved' in 0.0001 seconds.
2026-03-11 22:36:14,996 - PipelineLogger - INFO - Starting execution of 'is_article_saved'
2026-03-11 22:36:14,996 - PipelineLogger - INFO - Finished execution of 'is_article_saved' in 0.0001 seconds.
2026-03-11 22:36:14,996 - PipelineLogger - INFO - Starting execution of 'is_article_saved'
2026-03-11 22:36:14,996 - PipelineLogger - INFO - Finished execution of 'is_article_saved' in 0.0001 seconds.
2026-03-11 22:36:14,996 - PipelineLogger - INFO - Starting execution of 'is_article_saved'
2026-03-11 22:36:14,996 - PipelineLogger - INFO - Finished execution of 'is_article_saved' in 0.0000 seconds.
2026-03-11 22:36:14,996 - PipelineLogger - INFO - Starting execution of 'is_article_saved'
2026-03-11 22:36:14,996 - PipelineLogger - INFO - Finished execution of 'is_article_saved' in 0.0000 seconds.
2026-03-11 22:36:14,996 - PipelineLogger - INFO - Starting execution of 'is_article_saved'
2026-03-11 22:36:14,996 - PipelineLogger - INFO - Finished execution of 'is_article_saved' in 0.0000 seconds.
2026-03-11 22:36:16,693 - PipelineLogger - INFO - Starting execution of 'is_article_saved'
2026-03-11 22:36:16,693 - PipelineLogger - INFO - Finished execution of 'is_article_saved' in 0.0001 seconds.
2026-03-11 22:36:16,693 - PipelineLogger - INFO - Starting execution of 'is_article_saved'
2026-03-11 22:36:16,693 - PipelineLogger - INFO - Finished execution of 'is_article_saved' in 0.0001 seconds.
2026-03-11 22:36:16,693 - PipelineLogger - INFO - Starting execution of 'is_article_saved'
2026-03-11 22:36:16,693 - PipelineLogger - INFO - Finished execution of 'is_article_saved' in 0.0001 seconds.
2026-03-11 22:36:16,693 - PipelineLogger - INFO - Starting execution of 'is_article_saved'
2026-03-11 22:36:16,693 - PipelineLogger - INFO - Finished execution of 'is_article_saved' in 0.0001 seconds.
2026-03-11 22:36:16,693 - PipelineLogger - INFO - Starting execution of 'is_article_saved'
2026-03-11 22:36:16,693 - PipelineLogger - INFO - Finished execution of 'is_article_saved' in 0.0000 seconds.
2026-03-11 22:36:16,693 - PipelineLogger - INFO - Starting execution of 'is_article_saved'
2026-03-11 22:36:16,693 - PipelineLogger - INFO - Finished execution of 'is_article_saved' in 0.0000 seconds.
2026-03-11 22:36:16,693 - PipelineLogger - INFO - Starting execution of 'is_article_saved'
2026-03-11 22:36:16,693 - PipelineLogger - INFO - Finished execution of 'is_article_saved' in 0.0000 seconds.
2026-03-11 22:36:16,693 - PipelineLogger - INFO - Starting execution of 'is_article_saved'
2026-03-11 22:36:16,694 - PipelineLogger - INFO - Finished execution of 'is_article_saved' in 0.0000 seconds.
2026-03-11 22:36:16,694 - PipelineLogger - INFO - Starting execution of 'is_article_saved'
2026-03-11 22:36:16,694 - PipelineLogger - INFO - Finished execution of 'is_article_saved' in 0.0000 seconds.
2026-03-11 22:36:16,694 - PipelineLogger - INFO - Starting execution of 'is_article_saved'
2026-03-11 22:36:16,694 - PipelineLogger - INFO - Finished execution of 'is_article_saved' in 0.0000 seconds.
2026-03-11 22:36:16,811 - PipelineLogger - INFO - Starting execution of 'is_article_saved'
2026-03-11 22:36:16,812 - PipelineLogger - INFO - Finished execution of 'is_article_saved' in 0.0002 seconds.
2026-03-11 22:36:16,812 - PipelineLogger - INFO - Starting execution of 'is_article_saved'
2026-03-11 22:36:16,812 - PipelineLogger - INFO - Finished execution of 'is_article_saved' in 0.0001 seconds.
2026-03-11 22:36:16,812 - PipelineLogger - INFO - Starting execution of 'is_article_saved'
2026-03-11 22:36:16,812 - PipelineLogger - INFO - Finished execution of 'is_article_saved' in 0.0001 seconds.
2026-03-11 22:36:16,812 - PipelineLogger - INFO - Starting execution of 'is_article_saved'
2026-03-11 22:36:16,812 - PipelineLogger - INFO - Finished execution of 'is_article_saved' in 0.0001 seconds.
2026-03-11 22:36:16,812 - PipelineLogger - INFO - Starting execution of 'is_article_saved'
2026-03-11 22:36:16,812 - PipelineLogger - INFO - Finished execution of 'is_article_saved' in 0.0001 seconds.
2026-03-11 22:36:16,812 - PipelineLogger - INFO - Starting execution of 'is_article_saved'
2026-03-11 22:36:16,812 - PipelineLogger - INFO - Finished execution of 'is_article_saved' in 0.0001 seconds.
2026-03-11 22:36:16,812 - PipelineLogger - INFO - Starting execution of 'is_article_saved'
2026-03-11 22:36:16,812 - PipelineLogger - INFO - Finished execution of 'is_article_saved' in 0.0001 seconds.
2026-03-11 22:36:16,812 - PipelineLogger - INFO - Starting execution of 'is_article_saved'
2026-03-11 22:36:16,813 - PipelineLogger - INFO - Finished execution of 'is_article_saved' in 0.0001 seconds.
2026-03-11 22:36:16,813 - PipelineLogger - INFO - Starting execution of 'is_article_saved'
2026-03-11 22:36:16,813 - PipelineLogger - INFO - Finished execution of 'is_article_saved' in 0.0001 seconds.
2026-03-11 22:36:16,813 - PipelineLogger - INFO - Starting execution of 'is_article_saved'
2026-03-11 22:36:16,813 - PipelineLogger - INFO - Finished execution of 'is_article_saved' in 0.0001 seconds.
2026-03-11 22:36:16,813 - PipelineLogger - INFO - Starting execution of 'is_article_saved'
2026-03-11 22:36:16,813 - PipelineLogger - INFO - Finished execution of 'is_article_saved' in 0.0001 seconds.
2026-03-11 22:36:16,813 - PipelineLogger - INFO - Starting execution of 'is_article_saved'
2026-03-11 22:36:16,813 - PipelineLogger - INFO - Finished execution of 'is_article_saved' in 0.0001 seconds.
2026-03-11 22:36:16,813 - PipelineLogger - INFO - Starting execution of 'is_article_saved'
2026-03-11 22:36:16,813 - PipelineLogger - INFO - Finished execution of 'is_article_saved' in 0.0001 seconds.
2026-03-11 22:36:16,813 - PipelineLogger - INFO - Starting execution of 'is_article_saved'
2026-03-11 22:36:16,813 - PipelineLogger - INFO - Finished execution of 'is_article_saved' in 0.0000 seconds.
2026-03-11 22:36:16,813 - PipelineLogger - INFO - Starting execution of 'is_article_saved'
2026-03-11 22:36:16,813 - PipelineLogger - INFO - Finished execution of 'is_article_saved' in 0.0001 seconds.
2026-03-11 22:36:17,048 - PipelineLogger - INFO - Starting execution of 'is_article_saved'
2026-03-11 22:36:17,048 - PipelineLogger - INFO - Finished execution of 'is_article_saved' in 0.0002 seconds.
2026-03-11 22:36:17,048 - PipelineLogger - INFO - Starting execution of 'is_article_saved'
2026-03-11 22:36:17,048 - PipelineLogger - INFO - Finished execution of 'is_article_saved' in 0.0001 seconds.
2026-03-11 22:36:17,048 - PipelineLogger - INFO - Starting execution of 'is_article_saved'
2026-03-11 22:36:17,048 - PipelineLogger - INFO - Finished execution of 'is_article_saved' in 0.0001 seconds.
2026-03-11 22:36:17,048 - PipelineLogger - INFO - Starting execution of 'is_article_saved'
2026-03-11 22:36:17,048 - PipelineLogger - INFO - Finished execution of 'is_article_saved' in 0.0001 seconds.
2026-03-11 22:36:17,048 - PipelineLogger - INFO - Starting execution of 'is_article_saved'
2026-03-11 22:36:17,048 - PipelineLogger - INFO - Finished execution of 'is_article_saved' in 0.0000 seconds.
2026-03-11 22:36:17,048 - PipelineLogger - INFO - Starting execution of 'is_article_saved'
2026-03-11 22:36:17,048 - PipelineLogger - INFO - Finished execution of 'is_article_saved' in 0.0000 seconds.
2026-03-11 22:36:17,048 - PipelineLogger - INFO - Starting execution of 'is_article_saved'
2026-03-11 22:36:17,048 - PipelineLogger - INFO - Finished execution of 'is_article_saved' in 0.0000 seconds.
2026-03-11 22:36:17,048 - PipelineLogger - INFO - Starting execution of 'is_article_saved'
2026-03-11 22:36:17,048 - PipelineLogger - INFO - Finished execution of 'is_article_saved' in 0.0000 seconds.
2026-03-11 22:36:17,048 - PipelineLogger - INFO - Starting execution of 'is_article_saved'
2026-03-11 22:36:17,049 - PipelineLogger - INFO - Finished execution of 'is_article_saved' in 0.0000 seconds.
2026-03-11 22:36:17,049 - PipelineLogger - INFO - Starting execution of 'is_article_saved'
2026-03-11 22:36:17,049 - PipelineLogger - INFO - Finished execution of 'is_article_saved' in 0.0000 seconds.
2026-03-11 22:36:17,049 - PipelineLogger - INFO - Starting execution of 'is_article_saved'
2026-03-11 22:36:17,049 - PipelineLogger - INFO - Finished execution of 'is_article_saved' in 0.0000 seconds.
2026-03-11 22:36:17,049 - PipelineLogger - INFO - Starting execution of 'is_article_saved'
2026-03-11 22:36:17,049 - PipelineLogger - INFO - Finished execution of 'is_article_saved' in 0.0000 seconds.
2026-03-11 22:36:17,049 - PipelineLogger - INFO - Starting execution of 'is_article_saved'
2026-03-11 22:36:17,049 - PipelineLogger - INFO - Finished execution of 'is_article_saved' in 0.0000 seconds.
2026-03-11 22:36:17,049 - PipelineLogger - INFO - Starting execution of 'is_article_saved'
2026-03-11 22:36:17,049 - PipelineLogger - INFO - Finished execution of 'is_article_saved' in 0.0000 seconds.
2026-03-11 22:36:17,049 - PipelineLogger - INFO - Starting execution of 'is_article_saved'
2026-03-11 22:36:17,049 - PipelineLogger - INFO - Finished execution of 'is_article_saved' in 0.0000 seconds.
2026-03-11 22:36:18,137 - PipelineLogger - INFO - Starting execution of 'is_article_saved'
2026-03-11 22:36:18,137 - PipelineLogger - INFO - Finished execution of 'is_article_saved' in 0.0002 seconds.
2026-03-11 22:36:18,137 - PipelineLogger - INFO - Starting execution of 'is_article_saved'
2026-03-11 22:36:18,137 - PipelineLogger - INFO - Finished execution of 'is_article_saved' in 0.0001 seconds.
2026-03-11 22:36:18,137 - PipelineLogger - INFO - Starting execution of 'is_article_saved'
2026-03-11 22:36:18,137 - PipelineLogger - INFO - Finished execution of 'is_article_saved' in 0.0001 seconds.
2026-03-11 22:36:18,137 - PipelineLogger - INFO - Starting execution of 'is_article_saved'
2026-03-11 22:36:18,137 - PipelineLogger - INFO - Finished execution of 'is_article_saved' in 0.0000 seconds.
2026-03-11 22:36:18,137 - PipelineLogger - INFO - Starting execution of 'is_article_saved'
2026-03-11 22:36:18,137 - PipelineLogger - INFO - Finished execution of 'is_article_saved' in 0.0000 seconds.
2026-03-11 22:36:18,137 - PipelineLogger - INFO - Starting execution of 'is_article_saved'
2026-03-11 22:36:18,138 - PipelineLogger - INFO - Finished execution of 'is_article_saved' in 0.0000 seconds.
2026-03-11 22:36:18,138 - PipelineLogger - INFO - Starting execution of 'is_article_saved'
2026-03-11 22:36:18,138 - PipelineLogger - INFO - Finished execution of 'is_article_saved' in 0.0000 seconds.
2026-03-11 22:36:18,138 - PipelineLogger - INFO - Starting execution of 'is_article_saved'
2026-03-11 22:36:18,138 - PipelineLogger - INFO - Finished execution of 'is_article_saved' in 0.0000 seconds.
2026-03-11 22:36:18,138 - PipelineLogger - INFO - Starting execution of 'is_article_saved'
2026-03-11 22:36:18,138 - PipelineLogger - INFO - Finished execution of 'is_article_saved' in 0.0000 seconds.
2026-03-11 22:36:18,138 - PipelineLogger - INFO - Starting execution of 'is_article_saved'
2026-03-11 22:36:18,138 - PipelineLogger - INFO - Finished execution of 'is_article_saved' in 0.0000 seconds.
2026-03-11 22:36:18,138 - PipelineLogger - INFO - Starting execution of 'is_article_saved'
2026-03-11 22:36:18,138 - PipelineLogger - INFO - Finished execution of 'is_article_saved' in 0.0000 seconds.
2026-03-11 22:36:18,138 - PipelineLogger - INFO - Starting execution of 'is_article_saved'
2026-03-11 22:36:18,138 - PipelineLogger - INFO - Finished execution of 'is_article_saved' in 0.0000 seconds.
2026-03-11 22:36:18,138 - PipelineLogger - INFO - Starting execution of 'is_article_saved'
2026-03-11 22:36:18,138 - PipelineLogger - INFO - Finished execution of 'is_article_saved' in 0.0000 seconds.
2026-03-11 22:36:18,138 - PipelineLogger - INFO - Starting execution of 'is_article_saved'
2026-03-11 22:36:18,138 - PipelineLogger - INFO - Finished execution of 'is_article_saved' in 0.0000 seconds.
2026-03-11 22:36:18,138 - PipelineLogger - INFO - Starting execution of 'is_article_saved'
2026-03-11 22:36:18,138 - PipelineLogger - INFO - Finished execution of 'is_article_saved' in 0.0000 seconds.
2026-03-11 22:36:18,479 - PipelineLogger - INFO - Starting execution of 'is_article_saved'
2026-03-11 22:36:18,480 - PipelineLogger - INFO - Finished execution of 'is_article_saved' in 0.0002 seconds.
2026-03-11 22:36:18,481 - PipelineLogger - INFO - Starting execution of 'is_article_saved'
2026-03-11 22:36:18,481 - PipelineLogger - INFO - Finished execution of 'is_article_saved' in 0.0001 seconds.
2026-03-11 22:36:18,481 - PipelineLogger - INFO - Starting execution of 'is_article_saved'
2026-03-11 22:36:18,481 - PipelineLogger - INFO - Finished execution of 'is_article_saved' in 0.0001 seconds.
2026-03-11 22:36:18,482 - PipelineLogger - INFO - Starting execution of 'is_article_saved'
2026-03-11 22:36:18,482 - PipelineLogger - INFO - Finished execution of 'is_article_saved' in 0.0001 seconds.
2026-03-11 22:36:18,482 - PipelineLogger - INFO - Starting execution of 'is_article_saved'
2026-03-11 22:36:18,482 - PipelineLogger - INFO - Finished execution of 'is_article_saved' in 0.0001 seconds.
2026-03-11 22:36:18,482 - PipelineLogger - INFO - Starting execution of 'is_article_saved'
2026-03-11 22:36:18,482 - PipelineLogger - INFO - Finished execution of 'is_article_saved' in 0.0000 seconds.
2026-03-11 22:36:18,482 - PipelineLogger - INFO - Starting execution of 'is_article_saved'
2026-03-11 22:36:18,482 - PipelineLogger - INFO - Finished execution of 'is_article_saved' in 0.0000 seconds.
2026-03-11 22:36:18,482 - PipelineLogger - INFO - Starting execution of 'is_article_saved'
2026-03-11 22:36:18,482 - PipelineLogger - INFO - Finished execution of 'is_article_saved' in 0.0000 seconds.
2026-03-11 22:36:18,482 - PipelineLogger - INFO - Starting execution of 'is_article_saved'
2026-03-11 22:36:18,482 - PipelineLogger - INFO - Finished execution of 'is_article_saved' in 0.0000 seconds.
2026-03-11 22:36:18,482 - PipelineLogger - INFO - Starting execution of 'is_article_saved'
2026-03-11 22:36:18,482 - PipelineLogger - INFO - Finished execution of 'is_article_saved' in 0.0000 seconds.
2026-03-11 22:36:18,482 - PipelineLogger - INFO - Starting execution of 'is_article_saved'
2026-03-11 22:36:18,482 - PipelineLogger - INFO - Finished execution of 'is_article_saved' in 0.0000 seconds.
2026-03-11 22:36:18,482 - PipelineLogger - INFO - Starting execution of 'is_article_saved'
2026-03-11 22:36:18,483 - PipelineLogger - INFO - Finished execution of 'is_article_saved' in 0.0000 seconds.
2026-03-11 22:36:18,483 - PipelineLogger - INFO - Starting execution of 'is_article_saved'
2026-03-11 22:36:18,483 - PipelineLogger - INFO - Finished execution of 'is_article_saved' in 0.0001 seconds.
2026-03-11 22:36:18,484 - PipelineLogger - INFO - Starting execution of 'is_article_saved'
2026-03-11 22:36:18,484 - PipelineLogger - INFO - Finished execution of 'is_article_saved' in 0.0001 seconds.
2026-03-11 22:36:18,484 - PipelineLogger - INFO - Starting execution of 'is_article_saved'
2026-03-11 22:36:18,484 - PipelineLogger - INFO - Finished execution of 'is_article_saved' in 0.0001 seconds.
2026-03-11 22:36:18,667 - PipelineLogger - INFO - Starting execution of 'is_article_saved'
2026-03-11 22:36:18,667 - PipelineLogger - INFO - Finished execution of 'is_article_saved' in 0.0003 seconds.
2026-03-11 22:36:18,667 - PipelineLogger - INFO - Starting execution of 'is_article_saved'
2026-03-11 22:36:18,667 - PipelineLogger - INFO - Finished execution of 'is_article_saved' in 0.0001 seconds.
2026-03-11 22:36:18,667 - PipelineLogger - INFO - Starting execution of 'is_article_saved'
2026-03-11 22:36:18,667 - PipelineLogger - INFO - Finished execution of 'is_article_saved' in 0.0001 seconds.
2026-03-11 22:36:18,667 - PipelineLogger - INFO - Starting execution of 'is_article_saved'
2026-03-11 22:36:18,667 - PipelineLogger - INFO - Finished execution of 'is_article_saved' in 0.0000 seconds.
2026-03-11 22:36:18,668 - PipelineLogger - INFO - Starting execution of 'is_article_saved'
2026-03-11 22:36:18,668 - PipelineLogger - INFO - Finished execution of 'is_article_saved' in 0.0001 seconds.
2026-03-11 22:36:18,668 - PipelineLogger - INFO - Starting execution of 'is_article_saved'
2026-03-11 22:36:18,668 - PipelineLogger - INFO - Finished execution of 'is_article_saved' in 0.0001 seconds.
2026-03-11 22:36:18,668 - PipelineLogger - INFO - Starting execution of 'is_article_saved'
2026-03-11 22:36:18,668 - PipelineLogger - INFO - Finished execution of 'is_article_saved' in 0.0000 seconds.
2026-03-11 22:36:18,668 - PipelineLogger - INFO - Starting execution of 'is_article_saved'
2026-03-11 22:36:18,668 - PipelineLogger - INFO - Finished execution of 'is_article_saved' in 0.0000 seconds.
2026-03-11 22:36:18,668 - PipelineLogger - INFO - Starting execution of 'is_article_saved'
2026-03-11 22:36:18,668 - PipelineLogger - INFO - Finished execution of 'is_article_saved' in 0.0000 seconds.
2026-03-11 22:36:18,668 - PipelineLogger - INFO - Starting execution of 'is_article_saved'
2026-03-11 22:36:18,668 - PipelineLogger - INFO - Finished execution of 'is_article_saved' in 0.0000 seconds.
2026-03-11 22:36:18,668 - PipelineLogger - INFO - Starting execution of 'is_article_saved'
2026-03-11 22:36:18,668 - PipelineLogger - INFO - Finished execution of 'is_article_saved' in 0.0000 seconds.
2026-03-11 22:36:18,668 - PipelineLogger - INFO - Starting execution of 'is_article_saved'
2026-03-11 22:36:18,668 - PipelineLogger - INFO - Finished execution of 'is_article_saved' in 0.0000 seconds.
2026-03-11 22:36:18,668 - PipelineLogger - INFO - Starting execution of 'is_article_saved'
2026-03-11 22:36:18,668 - PipelineLogger - INFO - Finished execution of 'is_article_saved' in 0.0000 seconds.
2026-03-11 22:36:18,668 - PipelineLogger - INFO - Starting execution of 'is_article_saved'
2026-03-11 22:36:18,668 - PipelineLogger - INFO - Finished execution of 'is_article_saved' in 0.0000 seconds.
2026-03-11 22:36:18,668 - PipelineLogger - INFO - Starting execution of 'is_article_saved'
2026-03-11 22:36:18,668 - PipelineLogger - INFO - Finished execution of 'is_article_saved' in 0.0000 seconds.
2026-03-11 22:36:20,092 - PipelineLogger - INFO - Starting execution of 'is_article_saved'
2026-03-11 22:36:20,093 - PipelineLogger - INFO - Finished execution of 'is_article_saved' in 0.0002 seconds.
2026-03-11 22:36:20,093 - PipelineLogger - INFO - Starting execution of 'is_article_saved'
2026-03-11 22:36:20,093 - PipelineLogger - INFO - Finished execution of 'is_article_saved' in 0.0001 seconds.
2026-03-11 22:36:20,093 - PipelineLogger - INFO - Starting execution of 'is_article_saved'
2026-03-11 22:36:20,093 - PipelineLogger - INFO - Finished execution of 'is_article_saved' in 0.0001 seconds.
2026-03-11 22:36:20,093 - PipelineLogger - INFO - Starting execution of 'is_article_saved'
2026-03-11 22:36:20,093 - PipelineLogger - INFO - Finished execution of 'is_article_saved' in 0.0000 seconds.
2026-03-11 22:36:20,093 - PipelineLogger - INFO - Starting execution of 'is_article_saved'
2026-03-11 22:36:20,093 - PipelineLogger - INFO - Finished execution of 'is_article_saved' in 0.0000 seconds.
2026-03-11 22:36:21,199 - PipelineLogger - INFO - Starting execution of 'is_article_saved'
2026-03-11 22:36:21,200 - PipelineLogger - INFO - Finished execution of 'is_article_saved' in 0.0003 seconds.
2026-03-11 22:36:22,261 - PipelineLogger - INFO - Starting execution of 'is_article_saved'
2026-03-11 22:36:22,262 - PipelineLogger - INFO - Finished execution of 'is_article_saved' in 0.0002 seconds.
2026-03-11 22:36:23,437 - PipelineLogger - INFO - Starting execution of 'is_article_saved'
2026-03-11 22:36:23,437 - PipelineLogger - INFO - Finished execution of 'is_article_saved' in 0.0003 seconds.
2026-03-11 22:36:24,506 - PipelineLogger - INFO - Starting execution of 'is_article_saved'
2026-03-11 22:36:24,506 - PipelineLogger - INFO - Finished execution of 'is_article_saved' in 0.0002 seconds.
2026-03-11 22:36:24,506 - PipelineLogger - INFO - Starting execution of 'is_article_saved'
2026-03-11 22:36:24,506 - PipelineLogger - INFO - Finished execution of 'is_article_saved' in 0.0001 seconds.
2026-03-11 22:36:25,554 - PipelineLogger - INFO - Starting execution of 'is_article_saved'
2026-03-11 22:36:25,554 - PipelineLogger - INFO - Finished execution of 'is_article_saved' in 0.0002 seconds.
2026-03-11 22:36:26,650 - PipelineLogger - INFO - Starting execution of 'is_article_saved'
2026-03-11 22:36:26,651 - PipelineLogger - INFO - Finished execution of 'is_article_saved' in 0.0003 seconds.
2026-03-11 22:36:27,730 - PipelineLogger - INFO - Starting execution of 'is_article_saved'
2026-03-11 22:36:27,730 - PipelineLogger - INFO - Finished execution of 'is_article_saved' in 0.0002 seconds.
2026-03-11 22:36:59,832 - PipelineLogger - WARNING - [EDA] textblob not installed — sentiment analysis will be skipped.
2026-03-11 22:36:59,833 - PipelineLogger - WARNING - [EDA] scikit-learn not installed — n-gram / TF-IDF analyses will be skipped.
2026-03-11 22:37:00,133 - PipelineLogger - INFO - Starting execution of 'main'
2026-03-11 22:37:00,133 - PipelineLogger - INFO - =============================================
2026-03-11 22:37:00,133 - PipelineLogger - INFO -  Geopolitical News Pipeline / WW3 Context Analyzer 
2026-03-11 22:37:00,133 - PipelineLogger - INFO - =============================================
2026-03-11 22:37:00,133 - PipelineLogger - INFO - Initializing SQLite database...
2026-03-11 22:37:00,133 - PipelineLogger - INFO - Starting execution of 'init_db'
2026-03-11 22:37:00,133 - PipelineLogger - INFO - Finished execution of 'init_db' in 0.0002 seconds.
2026-03-11 22:37:00,133 - PipelineLogger - INFO - Extracting data from database for analysis...
2026-03-11 22:37:00,133 - PipelineLogger - INFO - Starting execution of 'get_all_articles'
2026-03-11 22:37:00,144 - PipelineLogger - INFO - Finished execution of 'get_all_articles' in 0.0104 seconds.
2026-03-11 22:37:00,144 - PipelineLogger - INFO - Firing up the SQLite EDA module...
2026-03-11 22:37:00,144 - PipelineLogger - INFO - Starting execution of 'run_eda'
2026-03-11 22:37:00,144 - PipelineLogger - INFO - Generating EDA charts...
2026-03-11 22:37:00,285 - PipelineLogger - INFO - [EDA 1/13] Top sources...
2026-03-11 22:37:00,379 - PipelineLogger - INFO - [EDA 2/13] Keyword frequency...
2026-03-11 22:37:00,637 - PipelineLogger - INFO - [EDA 3/13] Timeline...
2026-03-11 22:37:00,734 - PipelineLogger - INFO - [EDA 4/13] Length distribution...
2026-03-11 22:37:00,858 - PipelineLogger - INFO - [EDA 5/13] Actor mentions...
2026-03-11 22:37:01,288 - PipelineLogger - INFO - [EDA 6/13] Conflict theaters...
2026-03-11 22:37:01,555 - PipelineLogger - INFO - [EDA 7/13] Actor co-occurrence heatmap...
2026-03-11 22:37:02,065 - PipelineLogger - ERROR - Error executing 'run_eda' after 1.9210 seconds: underlying array is read-only
2026-03-11 22:37:02,065 - PipelineLogger - ERROR - Error executing 'main' after 1.9320 seconds: underlying array is read-only
2026-03-11 22:37:46,703 - PipelineLogger - WARNING - [EDA] textblob not installed — sentiment analysis will be skipped.
2026-03-11 22:37:46,703 - PipelineLogger - WARNING - [EDA] scikit-learn not installed — n-gram / TF-IDF analyses will be skipped.
2026-03-11 22:37:47,036 - PipelineLogger - INFO - Starting execution of 'main'
2026-03-11 22:37:47,036 - PipelineLogger - INFO - =============================================
2026-03-11 22:37:47,036 - PipelineLogger - INFO -  Geopolitical News Pipeline / WW3 Context Analyzer 
2026-03-11 22:37:47,036 - PipelineLogger - INFO - =============================================
2026-03-11 22:37:47,036 - PipelineLogger - INFO - Initializing SQLite database...
2026-03-11 22:37:47,036 - PipelineLogger - INFO - Starting execution of 'init_db'
2026-03-11 22:37:47,036 - PipelineLogger - INFO - Finished execution of 'init_db' in 0.0002 seconds.
2026-03-11 22:37:47,036 - PipelineLogger - INFO - Extracting data from database for analysis...
2026-03-11 22:37:47,036 - PipelineLogger - INFO - Starting execution of 'get_all_articles'
2026-03-11 22:37:47,049 - PipelineLogger - INFO - Finished execution of 'get_all_articles' in 0.0126 seconds.
2026-03-11 22:37:47,049 - PipelineLogger - INFO - Firing up the SQLite EDA module...
2026-03-11 22:37:47,049 - PipelineLogger - INFO - Starting execution of 'run_eda'
2026-03-11 22:37:47,049 - PipelineLogger - INFO - Generating EDA charts...
2026-03-11 22:37:47,210 - PipelineLogger - INFO - [EDA 1/13] Top sources...
2026-03-11 22:37:47,307 - PipelineLogger - INFO - [EDA 2/13] Keyword frequency...
2026-03-11 22:37:47,585 - PipelineLogger - INFO - [EDA 3/13] Timeline...
2026-03-11 22:37:47,696 - PipelineLogger - INFO - [EDA 4/13] Length distribution...
2026-03-11 22:37:47,830 - PipelineLogger - INFO - [EDA 5/13] Actor mentions...
2026-03-11 22:37:48,257 - PipelineLogger - INFO - [EDA 6/13] Conflict theaters...
2026-03-11 22:37:48,527 - PipelineLogger - INFO - [EDA 7/13] Actor co-occurrence heatmap...
2026-03-11 22:37:49,255 - PipelineLogger - INFO - [EDA 8/13] Escalation scores...
2026-03-11 22:37:49,569 - PipelineLogger - INFO - [EDA 9/13] Sentiment analysis...
2026-03-11 22:37:49,820 - PipelineLogger - INFO - [EDA 10/13] Source publication velocity...
2026-03-11 22:37:49,950 - PipelineLogger - INFO - [EDA 11/13] N-gram analysis...
2026-03-11 22:37:49,951 - PipelineLogger - INFO - [EDA 12/13] WW3 Threat Level...
2026-03-11 22:37:50,032 - PipelineLogger - INFO - [EDA 13/13] Weekly coverage heatmap...
2026-03-11 22:37:50,141 - PipelineLogger - INFO - EDA execution completed successfully.
2026-03-11 22:37:50,152 - PipelineLogger - INFO - Finished execution of 'run_eda' in 3.1027 seconds.
2026-03-11 22:37:50,152 - PipelineLogger - INFO - Launching Vector Database Embedding Sequence...
2026-03-11 22:37:50,152 - PipelineLogger - INFO - Starting execution of 'store_articles_in_vector_db'
2026-03-11 22:37:50,152 - PipelineLogger - INFO - [VectorDB] Initializing ChromaDB persistent client...
2026-03-11 22:37:50,268 - PipelineLogger - INFO - [VectorDB] Configuring native Ollama Embedding Function (nomic-embed-text)...
2026-03-11 22:37:50,334 - PipelineLogger - INFO - [VectorDB] Chunking articles manually and preparing for insertion...
2026-03-11 22:37:50,437 - PipelineLogger - INFO - [VectorDB] Sending 19561 chunked items to Ollama & saving to ChromaDB...
2026-03-11 22:37:50,440 - httpx - INFO - HTTP Request: POST http://localhost:11434/api/embed "HTTP/1.1 404 Not Found"
2026-03-11 22:37:50,441 - PipelineLogger - ERROR - Error executing 'store_articles_in_vector_db' after 0.2891 seconds: model "nomic-embed-text" not found, try pulling it first (status code: 404)
2026-03-11 22:37:50,441 - PipelineLogger - ERROR - Error executing 'main' after 3.4050 seconds: model "nomic-embed-text" not found, try pulling it first (status code: 404)
2026-03-11 22:42:34,372 - PipelineLogger - WARNING - [EDA] textblob not installed — sentiment analysis will be skipped.
2026-03-11 22:42:34,372 - PipelineLogger - WARNING - [EDA] scikit-learn not installed — n-gram / TF-IDF analyses will be skipped.
2026-03-11 22:42:34,707 - PipelineLogger - INFO - Starting execution of 'main'
2026-03-11 22:42:34,708 - PipelineLogger - INFO - =============================================
2026-03-11 22:42:34,708 - PipelineLogger - INFO -  Geopolitical News Pipeline / WW3 Context Analyzer 
2026-03-11 22:42:34,708 - PipelineLogger - INFO - =============================================
2026-03-11 22:42:34,708 - PipelineLogger - INFO - Initializing SQLite database...
2026-03-11 22:42:34,708 - PipelineLogger - INFO - Starting execution of 'init_db'
2026-03-11 22:42:34,708 - PipelineLogger - INFO - Finished execution of 'init_db' in 0.0003 seconds.
2026-03-11 22:42:34,708 - PipelineLogger - INFO - Extracting data from database for analysis...
2026-03-11 22:42:34,708 - PipelineLogger - INFO - Starting execution of 'get_all_articles'
2026-03-11 22:42:34,720 - PipelineLogger - INFO - Finished execution of 'get_all_articles' in 0.0124 seconds.
2026-03-11 22:42:34,720 - PipelineLogger - INFO - Firing up the SQLite EDA module...
2026-03-11 22:42:34,721 - PipelineLogger - INFO - Starting execution of 'run_eda'
2026-03-11 22:42:34,721 - PipelineLogger - INFO - Generating EDA charts...
2026-03-11 22:42:34,890 - PipelineLogger - INFO - [EDA 1/13] Top sources...
2026-03-11 22:42:35,000 - PipelineLogger - INFO - [EDA 2/13] Keyword frequency...
2026-03-11 22:42:35,292 - PipelineLogger - INFO - [EDA 3/13] Timeline...
2026-03-11 22:42:35,403 - PipelineLogger - INFO - [EDA 4/13] Length distribution...
2026-03-11 22:42:35,538 - PipelineLogger - INFO - [EDA 5/13] Actor mentions...
2026-03-11 22:42:35,982 - PipelineLogger - INFO - [EDA 6/13] Conflict theaters...
2026-03-11 22:42:36,259 - PipelineLogger - INFO - [EDA 7/13] Actor co-occurrence heatmap...
2026-03-11 22:42:37,014 - PipelineLogger - INFO - [EDA 8/13] Escalation scores...
2026-03-11 22:42:37,322 - PipelineLogger - INFO - [EDA 9/13] Sentiment analysis...
2026-03-11 22:42:37,583 - PipelineLogger - INFO - [EDA 10/13] Source publication velocity...
2026-03-11 22:42:37,711 - PipelineLogger - INFO - [EDA 11/13] N-gram analysis...
2026-03-11 22:42:37,711 - PipelineLogger - INFO - [EDA 12/13] WW3 Threat Level...
2026-03-11 22:42:37,783 - PipelineLogger - INFO - [EDA 13/13] Weekly coverage heatmap...
2026-03-11 22:42:37,881 - PipelineLogger - INFO - EDA execution completed successfully.
2026-03-11 22:42:37,891 - PipelineLogger - INFO - Finished execution of 'run_eda' in 3.1701 seconds.
2026-03-11 22:42:37,891 - PipelineLogger - INFO - Launching Vector Database Embedding Sequence...
2026-03-11 22:42:37,891 - PipelineLogger - INFO - Starting execution of 'store_articles_in_vector_db'
2026-03-11 22:42:37,891 - PipelineLogger - INFO - [VectorDB] Initializing ChromaDB persistent client...
2026-03-11 22:42:37,966 - PipelineLogger - INFO - [VectorDB] Configuring native Ollama Embedding Function (nomic-embed-text)...
2026-03-11 22:42:38,028 - PipelineLogger - INFO - [VectorDB] Chunking articles manually and preparing for insertion...
2026-03-11 22:42:38,132 - PipelineLogger - INFO - [VectorDB] Sending 19561 chunked items to Ollama & saving to ChromaDB...
2026-03-11 22:42:40,925 - httpx - INFO - HTTP Request: POST http://localhost:11434/api/embed "HTTP/1.1 200 OK"
2026-03-11 22:42:41,792 - httpx - INFO - HTTP Request: POST http://localhost:11434/api/embed "HTTP/1.1 200 OK"
2026-03-11 22:42:42,463 - httpx - INFO - HTTP Request: POST http://localhost:11434/api/embed "HTTP/1.1 200 OK"
2026-03-11 22:42:43,070 - httpx - INFO - HTTP Request: POST http://localhost:11434/api/embed "HTTP/1.1 200 OK"
2026-03-11 22:42:43,711 - httpx - INFO - HTTP Request: POST http://localhost:11434/api/embed "HTTP/1.1 200 OK"
2026-03-11 22:42:44,335 - httpx - INFO - HTTP Request: POST http://localhost:11434/api/embed "HTTP/1.1 200 OK"
2026-03-11 22:42:44,983 - httpx - INFO - HTTP Request: POST http://localhost:11434/api/embed "HTTP/1.1 200 OK"
2026-03-11 22:42:45,626 - httpx - INFO - HTTP Request: POST http://localhost:11434/api/embed "HTTP/1.1 200 OK"
2026-03-11 22:42:46,301 - httpx - INFO - HTTP Request: POST http://localhost:11434/api/embed "HTTP/1.1 200 OK"
2026-03-11 22:42:46,966 - httpx - INFO - HTTP Request: POST http://localhost:11434/api/embed "HTTP/1.1 200 OK"
2026-03-11 22:42:47,628 - httpx - INFO - HTTP Request: POST http://localhost:11434/api/embed "HTTP/1.1 200 OK"
2026-03-11 22:42:48,241 - httpx - INFO - HTTP Request: POST http://localhost:11434/api/embed "HTTP/1.1 200 OK"
2026-03-11 22:42:48,898 - httpx - INFO - HTTP Request: POST http://localhost:11434/api/embed "HTTP/1.1 200 OK"
2026-03-11 22:42:49,504 - httpx - INFO - HTTP Request: POST http://localhost:11434/api/embed "HTTP/1.1 200 OK"
2026-03-11 22:42:50,125 - httpx - INFO - HTTP Request: POST http://localhost:11434/api/embed "HTTP/1.1 200 OK"
2026-03-11 22:42:50,762 - httpx - INFO - HTTP Request: POST http://localhost:11434/api/embed "HTTP/1.1 200 OK"
2026-03-11 22:42:51,378 - httpx - INFO - HTTP Request: POST http://localhost:11434/api/embed "HTTP/1.1 200 OK"
2026-03-11 22:42:52,001 - httpx - INFO - HTTP Request: POST http://localhost:11434/api/embed "HTTP/1.1 200 OK"
2026-03-11 22:42:52,628 - httpx - INFO - HTTP Request: POST http://localhost:11434/api/embed "HTTP/1.1 200 OK"
2026-03-11 22:42:53,257 - httpx - INFO - HTTP Request: POST http://localhost:11434/api/embed "HTTP/1.1 200 OK"
2026-03-11 22:42:53,936 - httpx - INFO - HTTP Request: POST http://localhost:11434/api/embed "HTTP/1.1 200 OK"
2026-03-11 22:42:54,596 - httpx - INFO - HTTP Request: POST http://localhost:11434/api/embed "HTTP/1.1 200 OK"
2026-03-11 22:42:55,252 - httpx - INFO - HTTP Request: POST http://localhost:11434/api/embed "HTTP/1.1 200 OK"
2026-03-11 22:42:55,921 - httpx - INFO - HTTP Request: POST http://localhost:11434/api/embed "HTTP/1.1 200 OK"
2026-03-11 22:42:56,563 - httpx - INFO - HTTP Request: POST http://localhost:11434/api/embed "HTTP/1.1 200 OK"
2026-03-11 22:42:57,205 - httpx - INFO - HTTP Request: POST http://localhost:11434/api/embed "HTTP/1.1 200 OK"
2026-03-11 22:42:57,835 - httpx - INFO - HTTP Request: POST http://localhost:11434/api/embed "HTTP/1.1 200 OK"
2026-03-11 22:42:58,461 - httpx - INFO - HTTP Request: POST http://localhost:11434/api/embed "HTTP/1.1 200 OK"
2026-03-11 22:42:59,104 - httpx - INFO - HTTP Request: POST http://localhost:11434/api/embed "HTTP/1.1 200 OK"
2026-03-11 22:42:59,752 - httpx - INFO - HTTP Request: POST http://localhost:11434/api/embed "HTTP/1.1 200 OK"
2026-03-11 22:43:00,434 - httpx - INFO - HTTP Request: POST http://localhost:11434/api/embed "HTTP/1.1 200 OK"
2026-03-11 22:43:01,100 - httpx - INFO - HTTP Request: POST http://localhost:11434/api/embed "HTTP/1.1 200 OK"
2026-03-11 22:43:01,752 - httpx - INFO - HTTP Request: POST http://localhost:11434/api/embed "HTTP/1.1 200 OK"
2026-03-11 22:43:02,432 - httpx - INFO - HTTP Request: POST http://localhost:11434/api/embed "HTTP/1.1 200 OK"
2026-03-11 22:43:03,114 - httpx - INFO - HTTP Request: POST http://localhost:11434/api/embed "HTTP/1.1 200 OK"
2026-03-11 22:43:03,788 - httpx - INFO - HTTP Request: POST http://localhost:11434/api/embed "HTTP/1.1 200 OK"
2026-03-11 22:43:04,444 - httpx - INFO - HTTP Request: POST http://localhost:11434/api/embed "HTTP/1.1 200 OK"
2026-03-11 22:43:05,121 - httpx - INFO - HTTP Request: POST http://localhost:11434/api/embed "HTTP/1.1 200 OK"
2026-03-11 22:43:05,783 - httpx - INFO - HTTP Request: POST http://localhost:11434/api/embed "HTTP/1.1 200 OK"
2026-03-11 22:43:06,448 - httpx - INFO - HTTP Request: POST http://localhost:11434/api/embed "HTTP/1.1 200 OK"
2026-03-11 22:43:07,130 - httpx - INFO - HTTP Request: POST http://localhost:11434/api/embed "HTTP/1.1 200 OK"
2026-03-11 22:43:07,763 - httpx - INFO - HTTP Request: POST http://localhost:11434/api/embed "HTTP/1.1 200 OK"
2026-03-11 22:43:08,409 - httpx - INFO - HTTP Request: POST http://localhost:11434/api/embed "HTTP/1.1 200 OK"
2026-03-11 22:43:09,051 - httpx - INFO - HTTP Request: POST http://localhost:11434/api/embed "HTTP/1.1 200 OK"
2026-03-11 22:43:09,703 - httpx - INFO - HTTP Request: POST http://localhost:11434/api/embed "HTTP/1.1 200 OK"
2026-03-11 22:43:10,377 - httpx - INFO - HTTP Request: POST http://localhost:11434/api/embed "HTTP/1.1 200 OK"
2026-03-11 22:43:11,021 - httpx - INFO - HTTP Request: POST http://localhost:11434/api/embed "HTTP/1.1 200 OK"
2026-03-11 22:43:11,654 - httpx - INFO - HTTP Request: POST http://localhost:11434/api/embed "HTTP/1.1 200 OK"
2026-03-11 22:43:12,293 - httpx - INFO - HTTP Request: POST http://localhost:11434/api/embed "HTTP/1.1 200 OK"
2026-03-11 22:43:12,918 - httpx - INFO - HTTP Request: POST http://localhost:11434/api/embed "HTTP/1.1 200 OK"
2026-03-11 22:43:13,575 - httpx - INFO - HTTP Request: POST http://localhost:11434/api/embed "HTTP/1.1 200 OK"
2026-03-11 22:43:14,232 - httpx - INFO - HTTP Request: POST http://localhost:11434/api/embed "HTTP/1.1 200 OK"
2026-03-11 22:43:14,876 - httpx - INFO - HTTP Request: POST http://localhost:11434/api/embed "HTTP/1.1 200 OK"
2026-03-11 22:43:15,519 - httpx - INFO - HTTP Request: POST http://localhost:11434/api/embed "HTTP/1.1 200 OK"
2026-03-11 22:43:16,157 - httpx - INFO - HTTP Request: POST http://localhost:11434/api/embed "HTTP/1.1 200 OK"
2026-03-11 22:43:16,834 - httpx - INFO - HTTP Request: POST http://localhost:11434/api/embed "HTTP/1.1 200 OK"
2026-03-11 22:43:17,483 - httpx - INFO - HTTP Request: POST http://localhost:11434/api/embed "HTTP/1.1 200 OK"
2026-03-11 22:43:18,133 - httpx - INFO - HTTP Request: POST http://localhost:11434/api/embed "HTTP/1.1 200 OK"
2026-03-11 22:43:18,817 - httpx - INFO - HTTP Request: POST http://localhost:11434/api/embed "HTTP/1.1 200 OK"
2026-03-11 22:43:19,497 - httpx - INFO - HTTP Request: POST http://localhost:11434/api/embed "HTTP/1.1 200 OK"
2026-03-11 22:43:20,178 - httpx - INFO - HTTP Request: POST http://localhost:11434/api/embed "HTTP/1.1 200 OK"
2026-03-11 22:43:20,793 - httpx - INFO - HTTP Request: POST http://localhost:11434/api/embed "HTTP/1.1 200 OK"
2026-03-11 22:43:21,462 - httpx - INFO - HTTP Request: POST http://localhost:11434/api/embed "HTTP/1.1 200 OK"
2026-03-11 22:43:22,132 - httpx - INFO - HTTP Request: POST http://localhost:11434/api/embed "HTTP/1.1 200 OK"
2026-03-11 22:43:22,779 - httpx - INFO - HTTP Request: POST http://localhost:11434/api/embed "HTTP/1.1 200 OK"
2026-03-11 22:43:23,409 - httpx - INFO - HTTP Request: POST http://localhost:11434/api/embed "HTTP/1.1 200 OK"
2026-03-11 22:43:24,052 - httpx - INFO - HTTP Request: POST http://localhost:11434/api/embed "HTTP/1.1 200 OK"
2026-03-11 22:43:24,725 - httpx - INFO - HTTP Request: POST http://localhost:11434/api/embed "HTTP/1.1 200 OK"
2026-03-11 22:43:25,365 - httpx - INFO - HTTP Request: POST http://localhost:11434/api/embed "HTTP/1.1 200 OK"
2026-03-11 22:43:26,052 - httpx - INFO - HTTP Request: POST http://localhost:11434/api/embed "HTTP/1.1 200 OK"
2026-03-11 22:43:26,821 - httpx - INFO - HTTP Request: POST http://localhost:11434/api/embed "HTTP/1.1 200 OK"
2026-03-11 22:43:27,485 - httpx - INFO - HTTP Request: POST http://localhost:11434/api/embed "HTTP/1.1 200 OK"
2026-03-11 22:43:28,138 - httpx - INFO - HTTP Request: POST http://localhost:11434/api/embed "HTTP/1.1 200 OK"
2026-03-11 22:43:28,802 - httpx - INFO - HTTP Request: POST http://localhost:11434/api/embed "HTTP/1.1 200 OK"
2026-03-11 22:43:29,501 - httpx - INFO - HTTP Request: POST http://localhost:11434/api/embed "HTTP/1.1 200 OK"
2026-03-11 22:43:30,186 - httpx - INFO - HTTP Request: POST http://localhost:11434/api/embed "HTTP/1.1 200 OK"
2026-03-11 22:43:30,821 - httpx - INFO - HTTP Request: POST http://localhost:11434/api/embed "HTTP/1.1 200 OK"
2026-03-11 22:43:31,475 - httpx - INFO - HTTP Request: POST http://localhost:11434/api/embed "HTTP/1.1 200 OK"
2026-03-11 22:43:32,164 - httpx - INFO - HTTP Request: POST http://localhost:11434/api/embed "HTTP/1.1 200 OK"
2026-03-11 22:43:32,833 - httpx - INFO - HTTP Request: POST http://localhost:11434/api/embed "HTTP/1.1 200 OK"
2026-03-11 22:43:33,547 - httpx - INFO - HTTP Request: POST http://localhost:11434/api/embed "HTTP/1.1 200 OK"
2026-03-11 22:43:34,232 - httpx - INFO - HTTP Request: POST http://localhost:11434/api/embed "HTTP/1.1 200 OK"
2026-03-11 22:43:34,994 - httpx - INFO - HTTP Request: POST http://localhost:11434/api/embed "HTTP/1.1 200 OK"
2026-03-11 22:43:35,672 - httpx - INFO - HTTP Request: POST http://localhost:11434/api/embed "HTTP/1.1 200 OK"
2026-03-11 22:43:36,333 - httpx - INFO - HTTP Request: POST http://localhost:11434/api/embed "HTTP/1.1 200 OK"
2026-03-11 22:43:37,043 - httpx - INFO - HTTP Request: POST http://localhost:11434/api/embed "HTTP/1.1 200 OK"
2026-03-11 22:43:37,757 - httpx - INFO - HTTP Request: POST http://localhost:11434/api/embed "HTTP/1.1 200 OK"
2026-03-11 22:43:38,519 - httpx - INFO - HTTP Request: POST http://localhost:11434/api/embed "HTTP/1.1 200 OK"
2026-03-11 22:43:39,246 - httpx - INFO - HTTP Request: POST http://localhost:11434/api/embed "HTTP/1.1 200 OK"
2026-03-11 22:43:39,923 - httpx - INFO - HTTP Request: POST http://localhost:11434/api/embed "HTTP/1.1 200 OK"
2026-03-11 22:43:40,602 - httpx - INFO - HTTP Request: POST http://localhost:11434/api/embed "HTTP/1.1 200 OK"
2026-03-11 22:43:41,286 - httpx - INFO - HTTP Request: POST http://localhost:11434/api/embed "HTTP/1.1 200 OK"
2026-03-11 22:43:41,959 - httpx - INFO - HTTP Request: POST http://localhost:11434/api/embed "HTTP/1.1 200 OK"
2026-03-11 22:43:42,612 - httpx - INFO - HTTP Request: POST http://localhost:11434/api/embed "HTTP/1.1 200 OK"
2026-03-11 22:43:43,274 - httpx - INFO - HTTP Request: POST http://localhost:11434/api/embed "HTTP/1.1 200 OK"
2026-03-11 22:43:44,050 - httpx - INFO - HTTP Request: POST http://localhost:11434/api/embed "HTTP/1.1 200 OK"
2026-03-11 22:43:44,696 - httpx - INFO - HTTP Request: POST http://localhost:11434/api/embed "HTTP/1.1 200 OK"
2026-03-11 22:43:45,382 - httpx - INFO - HTTP Request: POST http://localhost:11434/api/embed "HTTP/1.1 200 OK"
2026-03-11 22:43:46,070 - httpx - INFO - HTTP Request: POST http://localhost:11434/api/embed "HTTP/1.1 200 OK"
2026-03-11 22:43:46,704 - httpx - INFO - HTTP Request: POST http://localhost:11434/api/embed "HTTP/1.1 200 OK"
2026-03-11 22:43:47,401 - httpx - INFO - HTTP Request: POST http://localhost:11434/api/embed "HTTP/1.1 200 OK"
2026-03-11 22:43:48,055 - httpx - INFO - HTTP Request: POST http://localhost:11434/api/embed "HTTP/1.1 200 OK"
2026-03-11 22:43:48,716 - httpx - INFO - HTTP Request: POST http://localhost:11434/api/embed "HTTP/1.1 200 OK"
2026-03-11 22:43:49,430 - httpx - INFO - HTTP Request: POST http://localhost:11434/api/embed "HTTP/1.1 200 OK"
2026-03-11 22:43:51,156 - PipelineLogger - WARNING - [EDA] textblob not installed — sentiment analysis will be skipped.
2026-03-11 22:43:51,156 - PipelineLogger - WARNING - [EDA] scikit-learn not installed — n-gram / TF-IDF analyses will be skipped.
2026-03-11 22:43:51,507 - PipelineLogger - INFO - Starting execution of 'main'
2026-03-11 22:43:51,507 - PipelineLogger - INFO - =============================================
2026-03-11 22:43:51,507 - PipelineLogger - INFO -  Geopolitical News Pipeline / WW3 Context Analyzer 
2026-03-11 22:43:51,507 - PipelineLogger - INFO - =============================================
2026-03-11 22:43:51,508 - PipelineLogger - INFO - Initializing SQLite database...
2026-03-11 22:43:51,508 - PipelineLogger - INFO - Starting execution of 'init_db'
2026-03-11 22:43:51,508 - PipelineLogger - INFO - Finished execution of 'init_db' in 0.0002 seconds.
2026-03-11 22:43:51,508 - PipelineLogger - INFO - Extracting data from database for analysis...
2026-03-11 22:43:51,508 - PipelineLogger - INFO - Starting execution of 'get_all_articles'
2026-03-11 22:43:51,520 - PipelineLogger - INFO - Finished execution of 'get_all_articles' in 0.0124 seconds.
2026-03-11 22:43:51,520 - PipelineLogger - INFO - Firing up the SQLite EDA module...
2026-03-11 22:43:51,520 - PipelineLogger - INFO - Starting execution of 'run_eda'
2026-03-11 22:43:51,520 - PipelineLogger - INFO - Generating EDA charts...
2026-03-11 22:43:51,675 - PipelineLogger - INFO - [EDA 1/13] Top sources...
2026-03-11 22:43:51,781 - PipelineLogger - INFO - [EDA 2/13] Keyword frequency...
2026-03-11 22:43:52,060 - PipelineLogger - INFO - [EDA 3/13] Timeline...
2026-03-11 22:43:52,166 - PipelineLogger - INFO - [EDA 4/13] Length distribution...
2026-03-11 22:43:52,298 - PipelineLogger - INFO - [EDA 5/13] Actor mentions...
2026-03-11 22:43:52,728 - PipelineLogger - INFO - [EDA 6/13] Conflict theaters...
2026-03-11 22:43:52,995 - PipelineLogger - INFO - [EDA 7/13] Actor co-occurrence heatmap...
2026-03-11 22:43:53,708 - PipelineLogger - INFO - [EDA 8/13] Escalation scores...
2026-03-11 22:43:54,009 - PipelineLogger - INFO - [EDA 9/13] Sentiment analysis...
2026-03-11 22:43:54,263 - PipelineLogger - INFO - [EDA 10/13] Source publication velocity...
2026-03-11 22:43:54,398 - PipelineLogger - INFO - [EDA 11/13] N-gram analysis...
2026-03-11 22:43:54,398 - PipelineLogger - INFO - [EDA 12/13] WW3 Threat Level...
2026-03-11 22:43:54,478 - PipelineLogger - INFO - [EDA 13/13] Weekly coverage heatmap...
2026-03-11 22:43:54,582 - PipelineLogger - INFO - EDA execution completed successfully.
2026-03-11 22:43:54,593 - PipelineLogger - INFO - Finished execution of 'run_eda' in 3.0730 seconds.
2026-03-11 22:43:54,593 - PipelineLogger - INFO - Launching Vector Database Embedding Sequence...
2026-03-11 22:43:54,594 - PipelineLogger - INFO - Starting execution of 'store_articles_in_vector_db'
2026-03-11 22:43:54,594 - PipelineLogger - INFO - [VectorDB] Initializing ChromaDB persistent client...
2026-03-11 22:43:54,672 - PipelineLogger - INFO - [VectorDB] Configuring native Ollama Embedding Function (nomic-embed-text)...
2026-03-11 22:43:54,732 - PipelineLogger - INFO - [VectorDB] Chunking articles manually and preparing for insertion...
2026-03-11 22:43:54,835 - PipelineLogger - INFO - [VectorDB] Sending 19561 chunked items to Ollama & saving to ChromaDB...
2026-03-11 22:43:55,418 - httpx - INFO - HTTP Request: POST http://localhost:11434/api/embed "HTTP/1.1 200 OK"
2026-03-11 22:43:56,128 - httpx - INFO - HTTP Request: POST http://localhost:11434/api/embed "HTTP/1.1 200 OK"
2026-03-11 22:43:56,783 - httpx - INFO - HTTP Request: POST http://localhost:11434/api/embed "HTTP/1.1 200 OK"
2026-03-11 22:43:57,413 - httpx - INFO - HTTP Request: POST http://localhost:11434/api/embed "HTTP/1.1 200 OK"
2026-03-11 22:43:58,094 - httpx - INFO - HTTP Request: POST http://localhost:11434/api/embed "HTTP/1.1 200 OK"
2026-03-11 22:43:58,727 - httpx - INFO - HTTP Request: POST http://localhost:11434/api/embed "HTTP/1.1 200 OK"
2026-03-11 22:43:59,400 - httpx - INFO - HTTP Request: POST http://localhost:11434/api/embed "HTTP/1.1 200 OK"
2026-03-11 22:44:00,081 - httpx - INFO - HTTP Request: POST http://localhost:11434/api/embed "HTTP/1.1 200 OK"
2026-03-11 22:44:00,768 - httpx - INFO - HTTP Request: POST http://localhost:11434/api/embed "HTTP/1.1 200 OK"
2026-03-11 22:44:01,465 - httpx - INFO - HTTP Request: POST http://localhost:11434/api/embed "HTTP/1.1 200 OK"
2026-03-11 22:44:02,147 - httpx - INFO - HTTP Request: POST http://localhost:11434/api/embed "HTTP/1.1 200 OK"
2026-03-11 22:44:02,801 - httpx - INFO - HTTP Request: POST http://localhost:11434/api/embed "HTTP/1.1 200 OK"
2026-03-11 22:44:03,478 - httpx - INFO - HTTP Request: POST http://localhost:11434/api/embed "HTTP/1.1 200 OK"
2026-03-11 22:44:04,099 - httpx - INFO - HTTP Request: POST http://localhost:11434/api/embed "HTTP/1.1 200 OK"
2026-03-11 22:44:04,784 - httpx - INFO - HTTP Request: POST http://localhost:11434/api/embed "HTTP/1.1 200 OK"
2026-03-11 22:44:05,453 - httpx - INFO - HTTP Request: POST http://localhost:11434/api/embed "HTTP/1.1 200 OK"
2026-03-11 22:44:06,126 - httpx - INFO - HTTP Request: POST http://localhost:11434/api/embed "HTTP/1.1 200 OK"
2026-03-11 22:44:06,806 - httpx - INFO - HTTP Request: POST http://localhost:11434/api/embed "HTTP/1.1 200 OK"
2026-03-11 22:44:07,468 - httpx - INFO - HTTP Request: POST http://localhost:11434/api/embed "HTTP/1.1 200 OK"
2026-03-11 22:44:08,191 - httpx - INFO - HTTP Request: POST http://localhost:11434/api/embed "HTTP/1.1 200 OK"
2026-03-11 22:44:08,870 - httpx - INFO - HTTP Request: POST http://localhost:11434/api/embed "HTTP/1.1 200 OK"
2026-03-11 22:44:09,507 - httpx - INFO - HTTP Request: POST http://localhost:11434/api/embed "HTTP/1.1 200 OK"
2026-03-11 22:44:10,145 - httpx - INFO - HTTP Request: POST http://localhost:11434/api/embed "HTTP/1.1 200 OK"
2026-03-11 22:44:10,796 - httpx - INFO - HTTP Request: POST http://localhost:11434/api/embed "HTTP/1.1 200 OK"
2026-03-11 22:44:11,432 - httpx - INFO - HTTP Request: POST http://localhost:11434/api/embed "HTTP/1.1 200 OK"
2026-03-11 22:44:12,102 - httpx - INFO - HTTP Request: POST http://localhost:11434/api/embed "HTTP/1.1 200 OK"
2026-03-11 22:44:12,777 - httpx - INFO - HTTP Request: POST http://localhost:11434/api/embed "HTTP/1.1 200 OK"
2026-03-11 22:44:13,424 - httpx - INFO - HTTP Request: POST http://localhost:11434/api/embed "HTTP/1.1 200 OK"
2026-03-11 22:44:14,070 - httpx - INFO - HTTP Request: POST http://localhost:11434/api/embed "HTTP/1.1 200 OK"
2026-03-11 22:44:14,721 - httpx - INFO - HTTP Request: POST http://localhost:11434/api/embed "HTTP/1.1 200 OK"
2026-03-11 22:44:15,369 - httpx - INFO - HTTP Request: POST http://localhost:11434/api/embed "HTTP/1.1 200 OK"
2026-03-11 22:44:16,046 - httpx - INFO - HTTP Request: POST http://localhost:11434/api/embed "HTTP/1.1 200 OK"
2026-03-11 22:44:16,743 - httpx - INFO - HTTP Request: POST http://localhost:11434/api/embed "HTTP/1.1 200 OK"
2026-03-11 22:44:17,416 - httpx - INFO - HTTP Request: POST http://localhost:11434/api/embed "HTTP/1.1 200 OK"
2026-03-11 22:44:18,079 - httpx - INFO - HTTP Request: POST http://localhost:11434/api/embed "HTTP/1.1 200 OK"
2026-03-11 22:44:18,752 - httpx - INFO - HTTP Request: POST http://localhost:11434/api/embed "HTTP/1.1 200 OK"
2026-03-11 22:44:19,417 - httpx - INFO - HTTP Request: POST http://localhost:11434/api/embed "HTTP/1.1 200 OK"
2026-03-11 22:44:20,137 - httpx - INFO - HTTP Request: POST http://localhost:11434/api/embed "HTTP/1.1 200 OK"
2026-03-11 22:44:20,781 - httpx - INFO - HTTP Request: POST http://localhost:11434/api/embed "HTTP/1.1 200 OK"
2026-03-11 22:44:22,476 - PipelineLogger - WARNING - [EDA] textblob not installed — sentiment analysis will be skipped.
2026-03-11 22:44:22,476 - PipelineLogger - WARNING - [EDA] scikit-learn not installed — n-gram / TF-IDF analyses will be skipped.
2026-03-11 22:44:22,800 - PipelineLogger - INFO - Starting execution of 'main'
2026-03-11 22:44:22,800 - PipelineLogger - INFO - =============================================
2026-03-11 22:44:22,800 - PipelineLogger - INFO -  Geopolitical News Pipeline / WW3 Context Analyzer 
2026-03-11 22:44:22,800 - PipelineLogger - INFO - =============================================
2026-03-11 22:44:22,800 - PipelineLogger - INFO - Initializing SQLite database...
2026-03-11 22:44:22,800 - PipelineLogger - INFO - Starting execution of 'init_db'
2026-03-11 22:44:22,800 - PipelineLogger - INFO - Finished execution of 'init_db' in 0.0002 seconds.
2026-03-11 22:44:22,800 - PipelineLogger - INFO - Extracting data from database for analysis...
2026-03-11 22:44:22,800 - PipelineLogger - INFO - Starting execution of 'get_all_articles'
2026-03-11 22:44:22,812 - PipelineLogger - INFO - Finished execution of 'get_all_articles' in 0.0121 seconds.
2026-03-11 22:44:22,812 - PipelineLogger - INFO - Firing up the SQLite EDA module...
2026-03-11 22:44:22,812 - PipelineLogger - INFO - Starting execution of 'run_eda'
2026-03-11 22:44:22,812 - PipelineLogger - INFO - Generating EDA charts...
2026-03-11 22:44:22,971 - PipelineLogger - INFO - [EDA 1/13] Top sources...
2026-03-11 22:44:23,077 - PipelineLogger - INFO - [EDA 2/13] Keyword frequency...
2026-03-11 22:44:23,353 - PipelineLogger - INFO - [EDA 3/13] Timeline...
2026-03-11 22:44:23,462 - PipelineLogger - INFO - [EDA 4/13] Length distribution...
2026-03-11 22:44:23,596 - PipelineLogger - INFO - [EDA 5/13] Actor mentions...
2026-03-11 22:44:24,029 - PipelineLogger - INFO - [EDA 6/13] Conflict theaters...
2026-03-11 22:44:24,330 - PipelineLogger - INFO - [EDA 7/13] Actor co-occurrence heatmap...
2026-03-11 22:44:25,117 - PipelineLogger - INFO - [EDA 8/13] Escalation scores...
2026-03-11 22:44:25,451 - PipelineLogger - INFO - [EDA 9/13] Sentiment analysis...
2026-03-11 22:44:25,727 - PipelineLogger - INFO - [EDA 10/13] Source publication velocity...
2026-03-11 22:44:25,865 - PipelineLogger - INFO - [EDA 11/13] N-gram analysis...
2026-03-11 22:44:25,866 - PipelineLogger - INFO - [EDA 12/13] WW3 Threat Level...
2026-03-11 22:44:25,950 - PipelineLogger - INFO - [EDA 13/13] Weekly coverage heatmap...
2026-03-11 22:44:26,064 - PipelineLogger - INFO - EDA execution completed successfully.
2026-03-11 22:44:26,076 - PipelineLogger - INFO - Finished execution of 'run_eda' in 3.2633 seconds.
2026-03-11 22:44:26,076 - PipelineLogger - INFO - Launching Vector Database Embedding Sequence...
2026-03-11 22:44:26,076 - PipelineLogger - INFO - Starting execution of 'store_articles_in_vector_db'
2026-03-11 22:44:26,076 - PipelineLogger - INFO - [VectorDB] Initializing ChromaDB persistent client...
2026-03-11 22:44:26,161 - PipelineLogger - INFO - [VectorDB] Configuring native Ollama Embedding Function (nomic-embed-text)...
2026-03-11 22:44:26,214 - PipelineLogger - INFO - [VectorDB] Chunking articles manually and preparing for insertion...
2026-03-11 22:44:26,326 - PipelineLogger - INFO - [VectorDB] Sending 19561 chunked items to Ollama & saving to ChromaDB...
2026-03-11 22:44:26,889 - httpx - INFO - HTTP Request: POST http://localhost:11434/api/embed "HTTP/1.1 200 OK"
2026-03-11 22:44:27,576 - httpx - INFO - HTTP Request: POST http://localhost:11434/api/embed "HTTP/1.1 200 OK"
2026-03-11 22:44:28,240 - httpx - INFO - HTTP Request: POST http://localhost:11434/api/embed "HTTP/1.1 200 OK"
2026-03-11 22:44:28,859 - httpx - INFO - HTTP Request: POST http://localhost:11434/api/embed "HTTP/1.1 200 OK"
2026-03-11 22:44:29,501 - httpx - INFO - HTTP Request: POST http://localhost:11434/api/embed "HTTP/1.1 200 OK"
2026-03-11 22:44:30,126 - httpx - INFO - HTTP Request: POST http://localhost:11434/api/embed "HTTP/1.1 200 OK"
2026-03-11 22:44:30,784 - httpx - INFO - HTTP Request: POST http://localhost:11434/api/embed "HTTP/1.1 200 OK"
2026-03-11 22:44:31,426 - httpx - INFO - HTTP Request: POST http://localhost:11434/api/embed "HTTP/1.1 200 OK"
2026-03-11 22:44:32,139 - httpx - INFO - HTTP Request: POST http://localhost:11434/api/embed "HTTP/1.1 200 OK"
2026-03-11 22:44:32,812 - httpx - INFO - HTTP Request: POST http://localhost:11434/api/embed "HTTP/1.1 200 OK"
2026-03-11 22:44:33,481 - httpx - INFO - HTTP Request: POST http://localhost:11434/api/embed "HTTP/1.1 200 OK"
2026-03-11 22:44:34,124 - httpx - INFO - HTTP Request: POST http://localhost:11434/api/embed "HTTP/1.1 200 OK"
2026-03-11 22:44:34,788 - httpx - INFO - HTTP Request: POST http://localhost:11434/api/embed "HTTP/1.1 200 OK"
2026-03-11 22:44:35,458 - httpx - INFO - HTTP Request: POST http://localhost:11434/api/embed "HTTP/1.1 200 OK"
2026-03-11 22:44:36,130 - httpx - INFO - HTTP Request: POST http://localhost:11434/api/embed "HTTP/1.1 200 OK"
2026-03-11 22:44:36,780 - httpx - INFO - HTTP Request: POST http://localhost:11434/api/embed "HTTP/1.1 200 OK"
2026-03-11 22:44:37,452 - httpx - INFO - HTTP Request: POST http://localhost:11434/api/embed "HTTP/1.1 200 OK"
2026-03-11 22:44:38,102 - httpx - INFO - HTTP Request: POST http://localhost:11434/api/embed "HTTP/1.1 200 OK"
2026-03-11 22:44:38,774 - httpx - INFO - HTTP Request: POST http://localhost:11434/api/embed "HTTP/1.1 200 OK"
2026-03-11 22:44:39,403 - httpx - INFO - HTTP Request: POST http://localhost:11434/api/embed "HTTP/1.1 200 OK"
2026-03-11 22:44:40,053 - httpx - INFO - HTTP Request: POST http://localhost:11434/api/embed "HTTP/1.1 200 OK"
2026-03-11 22:44:40,723 - httpx - INFO - HTTP Request: POST http://localhost:11434/api/embed "HTTP/1.1 200 OK"
2026-03-11 22:44:41,385 - httpx - INFO - HTTP Request: POST http://localhost:11434/api/embed "HTTP/1.1 200 OK"
2026-03-11 22:44:42,023 - httpx - INFO - HTTP Request: POST http://localhost:11434/api/embed "HTTP/1.1 200 OK"
2026-03-11 22:44:42,696 - httpx - INFO - HTTP Request: POST http://localhost:11434/api/embed "HTTP/1.1 200 OK"
2026-03-11 22:44:43,381 - httpx - INFO - HTTP Request: POST http://localhost:11434/api/embed "HTTP/1.1 200 OK"
2026-03-11 22:44:44,045 - httpx - INFO - HTTP Request: POST http://localhost:11434/api/embed "HTTP/1.1 200 OK"
2026-03-11 22:44:44,685 - httpx - INFO - HTTP Request: POST http://localhost:11434/api/embed "HTTP/1.1 200 OK"
2026-03-11 22:44:45,367 - httpx - INFO - HTTP Request: POST http://localhost:11434/api/embed "HTTP/1.1 200 OK"
2026-03-11 22:44:46,032 - httpx - INFO - HTTP Request: POST http://localhost:11434/api/embed "HTTP/1.1 200 OK"
2026-03-11 22:44:46,688 - httpx - INFO - HTTP Request: POST http://localhost:11434/api/embed "HTTP/1.1 200 OK"
2026-03-11 22:44:47,362 - httpx - INFO - HTTP Request: POST http://localhost:11434/api/embed "HTTP/1.1 200 OK"
2026-03-11 22:44:48,019 - httpx - INFO - HTTP Request: POST http://localhost:11434/api/embed "HTTP/1.1 200 OK"
2026-03-11 22:44:48,710 - httpx - INFO - HTTP Request: POST http://localhost:11434/api/embed "HTTP/1.1 200 OK"
2026-03-11 22:44:49,366 - httpx - INFO - HTTP Request: POST http://localhost:11434/api/embed "HTTP/1.1 200 OK"
2026-03-11 22:44:50,026 - httpx - INFO - HTTP Request: POST http://localhost:11434/api/embed "HTTP/1.1 200 OK"
2026-03-11 22:44:50,665 - httpx - INFO - HTTP Request: POST http://localhost:11434/api/embed "HTTP/1.1 200 OK"
2026-03-11 22:44:51,368 - httpx - INFO - HTTP Request: POST http://localhost:11434/api/embed "HTTP/1.1 200 OK"
2026-03-11 22:44:52,082 - httpx - INFO - HTTP Request: POST http://localhost:11434/api/embed "HTTP/1.1 200 OK"
2026-03-11 22:44:52,766 - httpx - INFO - HTTP Request: POST http://localhost:11434/api/embed "HTTP/1.1 200 OK"
2026-03-11 22:44:53,425 - httpx - INFO - HTTP Request: POST http://localhost:11434/api/embed "HTTP/1.1 200 OK"
2026-03-11 22:44:54,092 - httpx - INFO - HTTP Request: POST http://localhost:11434/api/embed "HTTP/1.1 200 OK"
2026-03-11 22:44:54,770 - httpx - INFO - HTTP Request: POST http://localhost:11434/api/embed "HTTP/1.1 200 OK"
2026-03-11 22:44:55,422 - httpx - INFO - HTTP Request: POST http://localhost:11434/api/embed "HTTP/1.1 200 OK"
2026-03-11 22:44:56,041 - httpx - INFO - HTTP Request: POST http://localhost:11434/api/embed "HTTP/1.1 200 OK"
2026-03-11 22:44:56,715 - httpx - INFO - HTTP Request: POST http://localhost:11434/api/embed "HTTP/1.1 200 OK"
2026-03-11 22:44:57,362 - httpx - INFO - HTTP Request: POST http://localhost:11434/api/embed "HTTP/1.1 200 OK"
2026-03-11 22:44:57,978 - httpx - INFO - HTTP Request: POST http://localhost:11434/api/embed "HTTP/1.1 200 OK"
2026-03-11 22:44:58,606 - httpx - INFO - HTTP Request: POST http://localhost:11434/api/embed "HTTP/1.1 200 OK"
2026-03-11 22:44:59,241 - httpx - INFO - HTTP Request: POST http://localhost:11434/api/embed "HTTP/1.1 200 OK"
2026-03-11 22:44:59,884 - httpx - INFO - HTTP Request: POST http://localhost:11434/api/embed "HTTP/1.1 200 OK"
2026-03-11 22:45:00,538 - httpx - INFO - HTTP Request: POST http://localhost:11434/api/embed "HTTP/1.1 200 OK"
2026-03-11 22:45:01,166 - httpx - INFO - HTTP Request: POST http://localhost:11434/api/embed "HTTP/1.1 200 OK"
2026-03-11 22:45:01,804 - httpx - INFO - HTTP Request: POST http://localhost:11434/api/embed "HTTP/1.1 200 OK"
2026-03-11 22:45:02,465 - httpx - INFO - HTTP Request: POST http://localhost:11434/api/embed "HTTP/1.1 200 OK"
2026-03-11 22:45:03,143 - httpx - INFO - HTTP Request: POST http://localhost:11434/api/embed "HTTP/1.1 200 OK"
2026-03-11 22:45:03,834 - httpx - INFO - HTTP Request: POST http://localhost:11434/api/embed "HTTP/1.1 200 OK"
2026-03-11 22:45:04,488 - httpx - INFO - HTTP Request: POST http://localhost:11434/api/embed "HTTP/1.1 200 OK"
2026-03-11 22:45:05,217 - httpx - INFO - HTTP Request: POST http://localhost:11434/api/embed "HTTP/1.1 200 OK"
2026-03-11 22:45:05,889 - httpx - INFO - HTTP Request: POST http://localhost:11434/api/embed "HTTP/1.1 200 OK"
2026-03-11 22:45:06,547 - httpx - INFO - HTTP Request: POST http://localhost:11434/api/embed "HTTP/1.1 200 OK"
2026-03-11 22:45:07,181 - httpx - INFO - HTTP Request: POST http://localhost:11434/api/embed "HTTP/1.1 200 OK"
2026-03-11 22:45:07,864 - httpx - INFO - HTTP Request: POST http://localhost:11434/api/embed "HTTP/1.1 200 OK"
2026-03-11 22:45:08,527 - httpx - INFO - HTTP Request: POST http://localhost:11434/api/embed "HTTP/1.1 200 OK"
2026-03-11 22:45:09,189 - httpx - INFO - HTTP Request: POST http://localhost:11434/api/embed "HTTP/1.1 200 OK"
2026-03-11 22:45:09,849 - httpx - INFO - HTTP Request: POST http://localhost:11434/api/embed "HTTP/1.1 200 OK"
2026-03-11 22:45:10,510 - httpx - INFO - HTTP Request: POST http://localhost:11434/api/embed "HTTP/1.1 200 OK"
2026-03-11 22:45:11,156 - httpx - INFO - HTTP Request: POST http://localhost:11434/api/embed "HTTP/1.1 200 OK"
2026-03-11 22:45:11,800 - httpx - INFO - HTTP Request: POST http://localhost:11434/api/embed "HTTP/1.1 200 OK"
2026-03-11 22:45:12,492 - httpx - INFO - HTTP Request: POST http://localhost:11434/api/embed "HTTP/1.1 200 OK"
2026-03-11 22:45:13,252 - httpx - INFO - HTTP Request: POST http://localhost:11434/api/embed "HTTP/1.1 200 OK"
2026-03-11 22:45:13,940 - httpx - INFO - HTTP Request: POST http://localhost:11434/api/embed "HTTP/1.1 200 OK"
2026-03-11 22:45:14,589 - httpx - INFO - HTTP Request: POST http://localhost:11434/api/embed "HTTP/1.1 200 OK"
2026-03-11 22:45:15,254 - httpx - INFO - HTTP Request: POST http://localhost:11434/api/embed "HTTP/1.1 200 OK"
2026-03-11 22:45:15,928 - httpx - INFO - HTTP Request: POST http://localhost:11434/api/embed "HTTP/1.1 200 OK"
2026-03-11 22:45:16,602 - httpx - INFO - HTTP Request: POST http://localhost:11434/api/embed "HTTP/1.1 200 OK"
2026-03-11 22:45:17,227 - httpx - INFO - HTTP Request: POST http://localhost:11434/api/embed "HTTP/1.1 200 OK"
2026-03-11 22:45:17,854 - httpx - INFO - HTTP Request: POST http://localhost:11434/api/embed "HTTP/1.1 200 OK"
2026-03-11 22:45:18,580 - httpx - INFO - HTTP Request: POST http://localhost:11434/api/embed "HTTP/1.1 200 OK"
2026-03-11 22:45:19,296 - httpx - INFO - HTTP Request: POST http://localhost:11434/api/embed "HTTP/1.1 200 OK"
2026-03-11 22:45:19,965 - httpx - INFO - HTTP Request: POST http://localhost:11434/api/embed "HTTP/1.1 200 OK"
2026-03-11 22:45:20,637 - httpx - INFO - HTTP Request: POST http://localhost:11434/api/embed "HTTP/1.1 200 OK"
2026-03-11 22:45:21,369 - httpx - INFO - HTTP Request: POST http://localhost:11434/api/embed "HTTP/1.1 200 OK"
2026-03-11 22:45:22,073 - httpx - INFO - HTTP Request: POST http://localhost:11434/api/embed "HTTP/1.1 200 OK"
2026-03-11 22:45:22,732 - httpx - INFO - HTTP Request: POST http://localhost:11434/api/embed "HTTP/1.1 200 OK"
2026-03-11 22:45:23,414 - httpx - INFO - HTTP Request: POST http://localhost:11434/api/embed "HTTP/1.1 200 OK"
2026-03-11 22:45:24,103 - httpx - INFO - HTTP Request: POST http://localhost:11434/api/embed "HTTP/1.1 200 OK"
2026-03-11 22:45:24,839 - httpx - INFO - HTTP Request: POST http://localhost:11434/api/embed "HTTP/1.1 200 OK"
2026-03-11 22:45:25,558 - httpx - INFO - HTTP Request: POST http://localhost:11434/api/embed "HTTP/1.1 200 OK"
2026-03-11 22:45:26,274 - httpx - INFO - HTTP Request: POST http://localhost:11434/api/embed "HTTP/1.1 200 OK"
2026-03-11 22:45:26,975 - httpx - INFO - HTTP Request: POST http://localhost:11434/api/embed "HTTP/1.1 200 OK"
2026-03-11 22:45:27,644 - httpx - INFO - HTTP Request: POST http://localhost:11434/api/embed "HTTP/1.1 200 OK"
2026-03-11 22:45:28,318 - httpx - INFO - HTTP Request: POST http://localhost:11434/api/embed "HTTP/1.1 200 OK"
2026-03-11 22:45:28,955 - httpx - INFO - HTTP Request: POST http://localhost:11434/api/embed "HTTP/1.1 200 OK"
2026-03-11 22:45:29,651 - httpx - INFO - HTTP Request: POST http://localhost:11434/api/embed "HTTP/1.1 200 OK"
2026-03-11 22:45:30,422 - httpx - INFO - HTTP Request: POST http://localhost:11434/api/embed "HTTP/1.1 200 OK"
2026-03-11 22:45:31,121 - httpx - INFO - HTTP Request: POST http://localhost:11434/api/embed "HTTP/1.1 200 OK"
2026-03-11 22:45:31,830 - httpx - INFO - HTTP Request: POST http://localhost:11434/api/embed "HTTP/1.1 200 OK"
2026-03-11 22:45:32,576 - httpx - INFO - HTTP Request: POST http://localhost:11434/api/embed "HTTP/1.1 200 OK"
2026-03-11 22:45:33,244 - httpx - INFO - HTTP Request: POST http://localhost:11434/api/embed "HTTP/1.1 200 OK"
2026-03-11 22:45:33,912 - httpx - INFO - HTTP Request: POST http://localhost:11434/api/embed "HTTP/1.1 200 OK"
2026-03-11 22:45:34,599 - httpx - INFO - HTTP Request: POST http://localhost:11434/api/embed "HTTP/1.1 200 OK"
2026-03-11 22:45:35,263 - httpx - INFO - HTTP Request: POST http://localhost:11434/api/embed "HTTP/1.1 200 OK"
2026-03-11 22:45:35,976 - httpx - INFO - HTTP Request: POST http://localhost:11434/api/embed "HTTP/1.1 200 OK"
2026-03-11 22:45:36,697 - httpx - INFO - HTTP Request: POST http://localhost:11434/api/embed "HTTP/1.1 200 OK"
2026-03-11 22:45:37,399 - httpx - INFO - HTTP Request: POST http://localhost:11434/api/embed "HTTP/1.1 200 OK"
2026-03-11 22:45:38,104 - httpx - INFO - HTTP Request: POST http://localhost:11434/api/embed "HTTP/1.1 200 OK"
2026-03-11 22:45:38,799 - httpx - INFO - HTTP Request: POST http://localhost:11434/api/embed "HTTP/1.1 200 OK"
2026-03-11 22:45:39,454 - httpx - INFO - HTTP Request: POST http://localhost:11434/api/embed "HTTP/1.1 200 OK"
2026-03-11 22:45:40,160 - httpx - INFO - HTTP Request: POST http://localhost:11434/api/embed "HTTP/1.1 200 OK"
2026-03-11 22:45:40,906 - httpx - INFO - HTTP Request: POST http://localhost:11434/api/embed "HTTP/1.1 200 OK"
2026-03-11 22:45:41,585 - httpx - INFO - HTTP Request: POST http://localhost:11434/api/embed "HTTP/1.1 200 OK"
2026-03-11 22:45:42,258 - httpx - INFO - HTTP Request: POST http://localhost:11434/api/embed "HTTP/1.1 200 OK"
2026-03-11 22:45:42,971 - httpx - INFO - HTTP Request: POST http://localhost:11434/api/embed "HTTP/1.1 200 OK"
2026-03-11 22:45:43,646 - httpx - INFO - HTTP Request: POST http://localhost:11434/api/embed "HTTP/1.1 200 OK"
2026-03-11 22:45:44,340 - httpx - INFO - HTTP Request: POST http://localhost:11434/api/embed "HTTP/1.1 200 OK"
2026-03-11 22:45:45,021 - httpx - INFO - HTTP Request: POST http://localhost:11434/api/embed "HTTP/1.1 200 OK"
2026-03-11 22:45:45,751 - httpx - INFO - HTTP Request: POST http://localhost:11434/api/embed "HTTP/1.1 200 OK"
2026-03-11 22:45:46,462 - httpx - INFO - HTTP Request: POST http://localhost:11434/api/embed "HTTP/1.1 200 OK"
2026-03-11 22:45:47,087 - httpx - INFO - HTTP Request: POST http://localhost:11434/api/embed "HTTP/1.1 200 OK"
2026-03-11 22:45:47,750 - httpx - INFO - HTTP Request: POST http://localhost:11434/api/embed "HTTP/1.1 200 OK"
2026-03-11 22:45:48,462 - httpx - INFO - HTTP Request: POST http://localhost:11434/api/embed "HTTP/1.1 200 OK"
2026-03-11 22:45:49,174 - httpx - INFO - HTTP Request: POST http://localhost:11434/api/embed "HTTP/1.1 200 OK"
2026-03-11 22:45:49,889 - httpx - INFO - HTTP Request: POST http://localhost:11434/api/embed "HTTP/1.1 200 OK"
2026-03-11 22:45:50,526 - httpx - INFO - HTTP Request: POST http://localhost:11434/api/embed "HTTP/1.1 200 OK"
2026-03-11 22:45:51,188 - httpx - INFO - HTTP Request: POST http://localhost:11434/api/embed "HTTP/1.1 200 OK"
2026-03-11 22:45:51,881 - httpx - INFO - HTTP Request: POST http://localhost:11434/api/embed "HTTP/1.1 200 OK"
2026-03-11 22:45:52,528 - httpx - INFO - HTTP Request: POST http://localhost:11434/api/embed "HTTP/1.1 200 OK"
2026-03-11 22:45:53,211 - httpx - INFO - HTTP Request: POST http://localhost:11434/api/embed "HTTP/1.1 200 OK"
2026-03-11 22:45:53,896 - httpx - INFO - HTTP Request: POST http://localhost:11434/api/embed "HTTP/1.1 200 OK"
2026-03-11 22:45:54,556 - httpx - INFO - HTTP Request: POST http://localhost:11434/api/embed "HTTP/1.1 200 OK"
2026-03-11 22:45:55,209 - httpx - INFO - HTTP Request: POST http://localhost:11434/api/embed "HTTP/1.1 200 OK"
2026-03-11 22:45:55,849 - httpx - INFO - HTTP Request: POST http://localhost:11434/api/embed "HTTP/1.1 200 OK"
2026-03-11 22:45:56,498 - httpx - INFO - HTTP Request: POST http://localhost:11434/api/embed "HTTP/1.1 200 OK"
2026-03-11 22:45:57,173 - httpx - INFO - HTTP Request: POST http://localhost:11434/api/embed "HTTP/1.1 200 OK"
2026-03-11 22:45:57,924 - httpx - INFO - HTTP Request: POST http://localhost:11434/api/embed "HTTP/1.1 200 OK"
2026-03-11 22:45:58,661 - httpx - INFO - HTTP Request: POST http://localhost:11434/api/embed "HTTP/1.1 200 OK"
2026-03-11 22:45:59,448 - httpx - INFO - HTTP Request: POST http://localhost:11434/api/embed "HTTP/1.1 200 OK"
2026-03-11 22:46:00,271 - httpx - INFO - HTTP Request: POST http://localhost:11434/api/embed "HTTP/1.1 200 OK"
2026-03-11 22:46:01,005 - httpx - INFO - HTTP Request: POST http://localhost:11434/api/embed "HTTP/1.1 200 OK"
2026-03-11 22:46:01,742 - httpx - INFO - HTTP Request: POST http://localhost:11434/api/embed "HTTP/1.1 200 OK"
2026-03-11 22:46:02,474 - httpx - INFO - HTTP Request: POST http://localhost:11434/api/embed "HTTP/1.1 200 OK"
2026-03-11 22:46:03,186 - httpx - INFO - HTTP Request: POST http://localhost:11434/api/embed "HTTP/1.1 200 OK"
2026-03-11 22:46:03,836 - httpx - INFO - HTTP Request: POST http://localhost:11434/api/embed "HTTP/1.1 200 OK"
2026-03-11 22:46:04,490 - httpx - INFO - HTTP Request: POST http://localhost:11434/api/embed "HTTP/1.1 200 OK"
2026-03-11 22:46:05,143 - httpx - INFO - HTTP Request: POST http://localhost:11434/api/embed "HTTP/1.1 200 OK"
2026-03-11 22:46:05,791 - httpx - INFO - HTTP Request: POST http://localhost:11434/api/embed "HTTP/1.1 200 OK"
2026-03-11 22:46:06,426 - httpx - INFO - HTTP Request: POST http://localhost:11434/api/embed "HTTP/1.1 200 OK"
2026-03-11 22:46:07,069 - httpx - INFO - HTTP Request: POST http://localhost:11434/api/embed "HTTP/1.1 200 OK"
2026-03-11 22:46:07,757 - httpx - INFO - HTTP Request: POST http://localhost:11434/api/embed "HTTP/1.1 200 OK"
2026-03-11 22:46:08,444 - httpx - INFO - HTTP Request: POST http://localhost:11434/api/embed "HTTP/1.1 200 OK"
2026-03-11 22:46:09,089 - httpx - INFO - HTTP Request: POST http://localhost:11434/api/embed "HTTP/1.1 200 OK"
2026-03-11 22:46:09,775 - httpx - INFO - HTTP Request: POST http://localhost:11434/api/embed "HTTP/1.1 200 OK"
2026-03-11 22:46:10,450 - httpx - INFO - HTTP Request: POST http://localhost:11434/api/embed "HTTP/1.1 200 OK"
2026-03-11 22:46:11,106 - httpx - INFO - HTTP Request: POST http://localhost:11434/api/embed "HTTP/1.1 200 OK"
2026-03-11 22:46:11,814 - httpx - INFO - HTTP Request: POST http://localhost:11434/api/embed "HTTP/1.1 200 OK"
2026-03-11 22:46:12,486 - httpx - INFO - HTTP Request: POST http://localhost:11434/api/embed "HTTP/1.1 200 OK"
2026-03-11 22:46:13,150 - httpx - INFO - HTTP Request: POST http://localhost:11434/api/embed "HTTP/1.1 200 OK"
2026-03-11 22:46:13,828 - httpx - INFO - HTTP Request: POST http://localhost:11434/api/embed "HTTP/1.1 200 OK"
2026-03-11 22:46:14,472 - httpx - INFO - HTTP Request: POST http://localhost:11434/api/embed "HTTP/1.1 200 OK"
2026-03-11 22:46:15,108 - httpx - INFO - HTTP Request: POST http://localhost:11434/api/embed "HTTP/1.1 200 OK"
2026-03-11 22:46:15,772 - httpx - INFO - HTTP Request: POST http://localhost:11434/api/embed "HTTP/1.1 200 OK"
2026-03-11 22:46:16,395 - httpx - INFO - HTTP Request: POST http://localhost:11434/api/embed "HTTP/1.1 200 OK"
2026-03-11 22:46:17,053 - httpx - INFO - HTTP Request: POST http://localhost:11434/api/embed "HTTP/1.1 200 OK"
2026-03-11 22:46:17,709 - httpx - INFO - HTTP Request: POST http://localhost:11434/api/embed "HTTP/1.1 200 OK"
2026-03-11 22:46:18,348 - httpx - INFO - HTTP Request: POST http://localhost:11434/api/embed "HTTP/1.1 200 OK"
2026-03-11 22:46:19,009 - httpx - INFO - HTTP Request: POST http://localhost:11434/api/embed "HTTP/1.1 200 OK"
2026-03-11 22:46:19,666 - httpx - INFO - HTTP Request: POST http://localhost:11434/api/embed "HTTP/1.1 200 OK"
2026-03-11 22:46:20,278 - httpx - INFO - HTTP Request: POST http://localhost:11434/api/embed "HTTP/1.1 200 OK"
2026-03-11 22:46:20,941 - httpx - INFO - HTTP Request: POST http://localhost:11434/api/embed "HTTP/1.1 200 OK"
2026-03-11 22:46:21,616 - httpx - INFO - HTTP Request: POST http://localhost:11434/api/embed "HTTP/1.1 200 OK"
2026-03-11 22:46:22,268 - httpx - INFO - HTTP Request: POST http://localhost:11434/api/embed "HTTP/1.1 200 OK"
2026-03-11 22:46:22,899 - httpx - INFO - HTTP Request: POST http://localhost:11434/api/embed "HTTP/1.1 200 OK"
2026-03-11 22:46:23,533 - httpx - INFO - HTTP Request: POST http://localhost:11434/api/embed "HTTP/1.1 200 OK"
2026-03-11 22:46:24,193 - httpx - INFO - HTTP Request: POST http://localhost:11434/api/embed "HTTP/1.1 200 OK"
2026-03-11 22:46:24,832 - httpx - INFO - HTTP Request: POST http://localhost:11434/api/embed "HTTP/1.1 200 OK"
2026-03-11 22:46:25,602 - httpx - INFO - HTTP Request: POST http://localhost:11434/api/embed "HTTP/1.1 200 OK"
2026-03-11 22:46:26,355 - httpx - INFO - HTTP Request: POST http://localhost:11434/api/embed "HTTP/1.1 200 OK"
2026-03-11 22:46:27,133 - httpx - INFO - HTTP Request: POST http://localhost:11434/api/embed "HTTP/1.1 200 OK"
2026-03-11 22:46:27,889 - httpx - INFO - HTTP Request: POST http://localhost:11434/api/embed "HTTP/1.1 200 OK"
2026-03-11 22:46:28,572 - httpx - INFO - HTTP Request: POST http://localhost:11434/api/embed "HTTP/1.1 200 OK"
2026-03-11 22:46:29,228 - httpx - INFO - HTTP Request: POST http://localhost:11434/api/embed "HTTP/1.1 200 OK"
2026-03-11 22:46:29,888 - httpx - INFO - HTTP Request: POST http://localhost:11434/api/embed "HTTP/1.1 200 OK"
2026-03-11 22:46:30,537 - httpx - INFO - HTTP Request: POST http://localhost:11434/api/embed "HTTP/1.1 200 OK"
2026-03-11 22:46:31,204 - httpx - INFO - HTTP Request: POST http://localhost:11434/api/embed "HTTP/1.1 200 OK"
2026-03-11 22:46:31,845 - httpx - INFO - HTTP Request: POST http://localhost:11434/api/embed "HTTP/1.1 200 OK"
2026-03-11 22:46:32,521 - httpx - INFO - HTTP Request: POST http://localhost:11434/api/embed "HTTP/1.1 200 OK"
2026-03-11 22:46:33,175 - httpx - INFO - HTTP Request: POST http://localhost:11434/api/embed "HTTP/1.1 200 OK"
2026-03-11 22:46:33,845 - httpx - INFO - HTTP Request: POST http://localhost:11434/api/embed "HTTP/1.1 200 OK"
2026-03-11 22:46:34,537 - httpx - INFO - HTTP Request: POST http://localhost:11434/api/embed "HTTP/1.1 200 OK"
2026-03-11 22:46:35,192 - httpx - INFO - HTTP Request: POST http://localhost:11434/api/embed "HTTP/1.1 200 OK"
2026-03-11 22:46:35,876 - httpx - INFO - HTTP Request: POST http://localhost:11434/api/embed "HTTP/1.1 200 OK"
2026-03-11 22:46:36,516 - httpx - INFO - HTTP Request: POST http://localhost:11434/api/embed "HTTP/1.1 200 OK"
2026-03-11 22:46:37,201 - httpx - INFO - HTTP Request: POST http://localhost:11434/api/embed "HTTP/1.1 200 OK"
2026-03-11 22:46:37,859 - httpx - INFO - HTTP Request: POST http://localhost:11434/api/embed "HTTP/1.1 200 OK"
2026-03-11 22:46:38,533 - httpx - INFO - HTTP Request: POST http://localhost:11434/api/embed "HTTP/1.1 200 OK"
2026-03-11 22:46:39,196 - httpx - INFO - HTTP Request: POST http://localhost:11434/api/embed "HTTP/1.1 200 OK"
2026-03-11 22:46:39,853 - httpx - INFO - HTTP Request: POST http://localhost:11434/api/embed "HTTP/1.1 200 OK"
2026-03-11 22:46:40,583 - httpx - INFO - HTTP Request: POST http://localhost:11434/api/embed "HTTP/1.1 200 OK"
2026-03-11 22:46:41,229 - httpx - INFO - HTTP Request: POST http://localhost:11434/api/embed "HTTP/1.1 200 OK"
2026-03-11 22:46:41,876 - httpx - INFO - HTTP Request: POST http://localhost:11434/api/embed "HTTP/1.1 200 OK"
2026-03-11 22:46:42,506 - httpx - INFO - HTTP Request: POST http://localhost:11434/api/embed "HTTP/1.1 200 OK"
2026-03-11 22:46:43,190 - httpx - INFO - HTTP Request: POST http://localhost:11434/api/embed "HTTP/1.1 200 OK"
2026-03-11 22:46:43,893 - httpx - INFO - HTTP Request: POST http://localhost:11434/api/embed "HTTP/1.1 200 OK"
2026-03-11 22:46:44,585 - httpx - INFO - HTTP Request: POST http://localhost:11434/api/embed "HTTP/1.1 200 OK"
2026-03-11 22:46:45,270 - httpx - INFO - HTTP Request: POST http://localhost:11434/api/embed "HTTP/1.1 200 OK"
2026-03-11 22:46:45,926 - httpx - INFO - HTTP Request: POST http://localhost:11434/api/embed "HTTP/1.1 200 OK"
2026-03-11 22:46:46,612 - httpx - INFO - HTTP Request: POST http://localhost:11434/api/embed "HTTP/1.1 200 OK"
2026-03-11 22:46:47,255 - httpx - INFO - HTTP Request: POST http://localhost:11434/api/embed "HTTP/1.1 200 OK"
2026-03-11 22:46:47,916 - httpx - INFO - HTTP Request: POST http://localhost:11434/api/embed "HTTP/1.1 200 OK"
2026-03-11 22:46:48,601 - httpx - INFO - HTTP Request: POST http://localhost:11434/api/embed "HTTP/1.1 200 OK"
2026-03-11 22:46:49,247 - httpx - INFO - HTTP Request: POST http://localhost:11434/api/embed "HTTP/1.1 200 OK"
2026-03-11 22:46:49,867 - httpx - INFO - HTTP Request: POST http://localhost:11434/api/embed "HTTP/1.1 200 OK"
2026-03-11 22:46:50,505 - httpx - INFO - HTTP Request: POST http://localhost:11434/api/embed "HTTP/1.1 200 OK"
2026-03-11 22:46:51,143 - httpx - INFO - HTTP Request: POST http://localhost:11434/api/embed "HTTP/1.1 200 OK"
2026-03-11 22:46:51,786 - httpx - INFO - HTTP Request: POST http://localhost:11434/api/embed "HTTP/1.1 200 OK"
2026-03-11 22:46:52,421 - httpx - INFO - HTTP Request: POST http://localhost:11434/api/embed "HTTP/1.1 200 OK"
2026-03-11 22:46:53,073 - httpx - INFO - HTTP Request: POST http://localhost:11434/api/embed "HTTP/1.1 200 OK"
2026-03-11 22:46:53,773 - httpx - INFO - HTTP Request: POST http://localhost:11434/api/embed "HTTP/1.1 200 OK"
2026-03-11 22:46:54,419 - httpx - INFO - HTTP Request: POST http://localhost:11434/api/embed "HTTP/1.1 200 OK"
2026-03-11 22:46:55,044 - httpx - INFO - HTTP Request: POST http://localhost:11434/api/embed "HTTP/1.1 200 OK"
2026-03-11 22:46:55,673 - httpx - INFO - HTTP Request: POST http://localhost:11434/api/embed "HTTP/1.1 200 OK"
2026-03-11 22:46:56,311 - httpx - INFO - HTTP Request: POST http://localhost:11434/api/embed "HTTP/1.1 200 OK"
2026-03-11 22:46:56,933 - httpx - INFO - HTTP Request: POST http://localhost:11434/api/embed "HTTP/1.1 200 OK"
2026-03-11 22:46:57,581 - httpx - INFO - HTTP Request: POST http://localhost:11434/api/embed "HTTP/1.1 200 OK"
2026-03-11 22:46:58,206 - httpx - INFO - HTTP Request: POST http://localhost:11434/api/embed "HTTP/1.1 200 OK"
2026-03-11 22:46:58,826 - httpx - INFO - HTTP Request: POST http://localhost:11434/api/embed "HTTP/1.1 200 OK"
2026-03-11 22:46:59,547 - httpx - INFO - HTTP Request: POST http://localhost:11434/api/embed "HTTP/1.1 200 OK"
2026-03-11 22:47:00,281 - httpx - INFO - HTTP Request: POST http://localhost:11434/api/embed "HTTP/1.1 200 OK"
2026-03-11 22:47:01,010 - httpx - INFO - HTTP Request: POST http://localhost:11434/api/embed "HTTP/1.1 200 OK"
2026-03-11 22:47:01,770 - httpx - INFO - HTTP Request: POST http://localhost:11434/api/embed "HTTP/1.1 200 OK"
2026-03-11 22:47:02,403 - httpx - INFO - HTTP Request: POST http://localhost:11434/api/embed "HTTP/1.1 200 OK"
2026-03-11 22:47:03,067 - httpx - INFO - HTTP Request: POST http://localhost:11434/api/embed "HTTP/1.1 200 OK"
2026-03-11 22:47:03,722 - httpx - INFO - HTTP Request: POST http://localhost:11434/api/embed "HTTP/1.1 200 OK"
2026-03-11 22:47:04,376 - httpx - INFO - HTTP Request: POST http://localhost:11434/api/embed "HTTP/1.1 200 OK"
2026-03-11 22:47:05,015 - httpx - INFO - HTTP Request: POST http://localhost:11434/api/embed "HTTP/1.1 200 OK"
2026-03-11 22:47:05,684 - httpx - INFO - HTTP Request: POST http://localhost:11434/api/embed "HTTP/1.1 200 OK"
2026-03-11 22:47:06,351 - httpx - INFO - HTTP Request: POST http://localhost:11434/api/embed "HTTP/1.1 200 OK"
2026-03-11 22:47:07,024 - httpx - INFO - HTTP Request: POST http://localhost:11434/api/embed "HTTP/1.1 200 OK"
2026-03-11 22:47:07,675 - httpx - INFO - HTTP Request: POST http://localhost:11434/api/embed "HTTP/1.1 200 OK"
2026-03-11 22:47:08,281 - httpx - INFO - HTTP Request: POST http://localhost:11434/api/embed "HTTP/1.1 200 OK"
2026-03-11 22:47:08,920 - httpx - INFO - HTTP Request: POST http://localhost:11434/api/embed "HTTP/1.1 200 OK"
2026-03-11 22:47:09,535 - httpx - INFO - HTTP Request: POST http://localhost:11434/api/embed "HTTP/1.1 200 OK"
2026-03-11 22:47:10,167 - httpx - INFO - HTTP Request: POST http://localhost:11434/api/embed "HTTP/1.1 200 OK"
2026-03-11 22:47:10,813 - httpx - INFO - HTTP Request: POST http://localhost:11434/api/embed "HTTP/1.1 200 OK"
2026-03-11 22:47:11,467 - httpx - INFO - HTTP Request: POST http://localhost:11434/api/embed "HTTP/1.1 200 OK"
2026-03-11 22:47:12,101 - httpx - INFO - HTTP Request: POST http://localhost:11434/api/embed "HTTP/1.1 200 OK"
2026-03-11 22:47:12,750 - httpx - INFO - HTTP Request: POST http://localhost:11434/api/embed "HTTP/1.1 200 OK"
2026-03-11 22:47:13,410 - httpx - INFO - HTTP Request: POST http://localhost:11434/api/embed "HTTP/1.1 200 OK"
2026-03-11 22:47:14,023 - httpx - INFO - HTTP Request: POST http://localhost:11434/api/embed "HTTP/1.1 200 OK"
2026-03-11 22:47:14,674 - httpx - INFO - HTTP Request: POST http://localhost:11434/api/embed "HTTP/1.1 200 OK"
2026-03-11 22:47:15,319 - httpx - INFO - HTTP Request: POST http://localhost:11434/api/embed "HTTP/1.1 200 OK"
2026-03-11 22:47:15,972 - httpx - INFO - HTTP Request: POST http://localhost:11434/api/embed "HTTP/1.1 200 OK"
2026-03-11 22:47:16,639 - httpx - INFO - HTTP Request: POST http://localhost:11434/api/embed "HTTP/1.1 200 OK"
2026-03-11 22:47:17,304 - httpx - INFO - HTTP Request: POST http://localhost:11434/api/embed "HTTP/1.1 200 OK"
2026-03-11 22:47:17,966 - httpx - INFO - HTTP Request: POST http://localhost:11434/api/embed "HTTP/1.1 200 OK"
2026-03-11 22:47:18,636 - httpx - INFO - HTTP Request: POST http://localhost:11434/api/embed "HTTP/1.1 200 OK"
2026-03-11 22:47:19,278 - httpx - INFO - HTTP Request: POST http://localhost:11434/api/embed "HTTP/1.1 200 OK"
2026-03-11 22:47:19,983 - httpx - INFO - HTTP Request: POST http://localhost:11434/api/embed "HTTP/1.1 200 OK"
2026-03-11 22:47:20,638 - httpx - INFO - HTTP Request: POST http://localhost:11434/api/embed "HTTP/1.1 200 OK"
2026-03-11 22:47:21,269 - httpx - INFO - HTTP Request: POST http://localhost:11434/api/embed "HTTP/1.1 200 OK"
2026-03-11 22:47:21,902 - httpx - INFO - HTTP Request: POST http://localhost:11434/api/embed "HTTP/1.1 200 OK"
2026-03-11 22:47:22,575 - httpx - INFO - HTTP Request: POST http://localhost:11434/api/embed "HTTP/1.1 200 OK"
2026-03-11 22:47:23,238 - httpx - INFO - HTTP Request: POST http://localhost:11434/api/embed "HTTP/1.1 200 OK"
2026-03-11 22:47:23,924 - httpx - INFO - HTTP Request: POST http://localhost:11434/api/embed "HTTP/1.1 200 OK"
2026-03-11 22:47:24,561 - httpx - INFO - HTTP Request: POST http://localhost:11434/api/embed "HTTP/1.1 200 OK"
2026-03-11 22:47:25,190 - httpx - INFO - HTTP Request: POST http://localhost:11434/api/embed "HTTP/1.1 200 OK"
2026-03-11 22:47:25,822 - httpx - INFO - HTTP Request: POST http://localhost:11434/api/embed "HTTP/1.1 200 OK"
2026-03-11 22:47:26,480 - httpx - INFO - HTTP Request: POST http://localhost:11434/api/embed "HTTP/1.1 200 OK"
2026-03-11 22:47:27,151 - httpx - INFO - HTTP Request: POST http://localhost:11434/api/embed "HTTP/1.1 200 OK"
2026-03-11 22:47:27,794 - httpx - INFO - HTTP Request: POST http://localhost:11434/api/embed "HTTP/1.1 200 OK"
2026-03-11 22:47:28,492 - httpx - INFO - HTTP Request: POST http://localhost:11434/api/embed "HTTP/1.1 200 OK"
2026-03-11 22:47:29,180 - httpx - INFO - HTTP Request: POST http://localhost:11434/api/embed "HTTP/1.1 200 OK"
2026-03-11 22:47:29,824 - httpx - INFO - HTTP Request: POST http://localhost:11434/api/embed "HTTP/1.1 200 OK"
2026-03-11 22:47:30,494 - httpx - INFO - HTTP Request: POST http://localhost:11434/api/embed "HTTP/1.1 200 OK"
2026-03-11 22:47:31,167 - httpx - INFO - HTTP Request: POST http://localhost:11434/api/embed "HTTP/1.1 200 OK"
2026-03-11 22:47:31,818 - httpx - INFO - HTTP Request: POST http://localhost:11434/api/embed "HTTP/1.1 200 OK"
2026-03-11 22:47:32,469 - httpx - INFO - HTTP Request: POST http://localhost:11434/api/embed "HTTP/1.1 200 OK"
2026-03-11 22:47:33,153 - httpx - INFO - HTTP Request: POST http://localhost:11434/api/embed "HTTP/1.1 200 OK"
2026-03-11 22:47:33,753 - httpx - INFO - HTTP Request: POST http://localhost:11434/api/embed "HTTP/1.1 200 OK"
2026-03-11 22:47:34,406 - httpx - INFO - HTTP Request: POST http://localhost:11434/api/embed "HTTP/1.1 200 OK"
2026-03-11 22:47:35,096 - httpx - INFO - HTTP Request: POST http://localhost:11434/api/embed "HTTP/1.1 200 OK"
2026-03-11 22:47:35,770 - httpx - INFO - HTTP Request: POST http://localhost:11434/api/embed "HTTP/1.1 200 OK"
2026-03-11 22:47:36,437 - httpx - INFO - HTTP Request: POST http://localhost:11434/api/embed "HTTP/1.1 200 OK"
2026-03-11 22:47:37,063 - httpx - INFO - HTTP Request: POST http://localhost:11434/api/embed "HTTP/1.1 200 OK"
2026-03-11 22:47:37,689 - httpx - INFO - HTTP Request: POST http://localhost:11434/api/embed "HTTP/1.1 200 OK"
2026-03-11 22:47:38,332 - httpx - INFO - HTTP Request: POST http://localhost:11434/api/embed "HTTP/1.1 200 OK"
2026-03-11 22:47:38,971 - httpx - INFO - HTTP Request: POST http://localhost:11434/api/embed "HTTP/1.1 200 OK"
2026-03-11 22:47:39,617 - httpx - INFO - HTTP Request: POST http://localhost:11434/api/embed "HTTP/1.1 200 OK"
2026-03-11 22:47:40,286 - httpx - INFO - HTTP Request: POST http://localhost:11434/api/embed "HTTP/1.1 200 OK"
2026-03-11 22:47:40,927 - httpx - INFO - HTTP Request: POST http://localhost:11434/api/embed "HTTP/1.1 200 OK"
2026-03-11 22:47:41,578 - httpx - INFO - HTTP Request: POST http://localhost:11434/api/embed "HTTP/1.1 200 OK"
2026-03-11 22:47:42,245 - httpx - INFO - HTTP Request: POST http://localhost:11434/api/embed "HTTP/1.1 200 OK"
2026-03-11 22:47:42,907 - httpx - INFO - HTTP Request: POST http://localhost:11434/api/embed "HTTP/1.1 200 OK"
2026-03-11 22:47:43,559 - httpx - INFO - HTTP Request: POST http://localhost:11434/api/embed "HTTP/1.1 200 OK"
2026-03-11 22:47:44,196 - httpx - INFO - HTTP Request: POST http://localhost:11434/api/embed "HTTP/1.1 200 OK"
2026-03-11 22:47:44,838 - httpx - INFO - HTTP Request: POST http://localhost:11434/api/embed "HTTP/1.1 200 OK"
2026-03-11 22:47:45,501 - httpx - INFO - HTTP Request: POST http://localhost:11434/api/embed "HTTP/1.1 200 OK"
2026-03-11 22:47:46,217 - httpx - INFO - HTTP Request: POST http://localhost:11434/api/embed "HTTP/1.1 200 OK"
2026-03-11 22:47:46,861 - httpx - INFO - HTTP Request: POST http://localhost:11434/api/embed "HTTP/1.1 200 OK"
2026-03-11 22:47:47,512 - httpx - INFO - HTTP Request: POST http://localhost:11434/api/embed "HTTP/1.1 200 OK"
2026-03-11 22:47:48,178 - httpx - INFO - HTTP Request: POST http://localhost:11434/api/embed "HTTP/1.1 200 OK"
2026-03-11 22:47:48,818 - httpx - INFO - HTTP Request: POST http://localhost:11434/api/embed "HTTP/1.1 200 OK"
2026-03-11 22:47:49,450 - httpx - INFO - HTTP Request: POST http://localhost:11434/api/embed "HTTP/1.1 200 OK"
2026-03-11 22:47:50,092 - httpx - INFO - HTTP Request: POST http://localhost:11434/api/embed "HTTP/1.1 200 OK"
2026-03-11 22:47:50,743 - httpx - INFO - HTTP Request: POST http://localhost:11434/api/embed "HTTP/1.1 200 OK"
2026-03-11 22:47:51,383 - httpx - INFO - HTTP Request: POST http://localhost:11434/api/embed "HTTP/1.1 200 OK"
2026-03-11 22:47:52,024 - httpx - INFO - HTTP Request: POST http://localhost:11434/api/embed "HTTP/1.1 200 OK"
2026-03-11 22:47:52,667 - httpx - INFO - HTTP Request: POST http://localhost:11434/api/embed "HTTP/1.1 200 OK"
2026-03-11 22:47:53,348 - httpx - INFO - HTTP Request: POST http://localhost:11434/api/embed "HTTP/1.1 200 OK"
2026-03-11 22:47:53,988 - httpx - INFO - HTTP Request: POST http://localhost:11434/api/embed "HTTP/1.1 200 OK"
2026-03-11 22:47:54,636 - httpx - INFO - HTTP Request: POST http://localhost:11434/api/embed "HTTP/1.1 200 OK"
2026-03-11 22:47:55,266 - httpx - INFO - HTTP Request: POST http://localhost:11434/api/embed "HTTP/1.1 200 OK"
2026-03-11 22:47:55,921 - httpx - INFO - HTTP Request: POST http://localhost:11434/api/embed "HTTP/1.1 200 OK"
2026-03-11 22:47:56,578 - httpx - INFO - HTTP Request: POST http://localhost:11434/api/embed "HTTP/1.1 200 OK"
2026-03-11 22:47:57,248 - httpx - INFO - HTTP Request: POST http://localhost:11434/api/embed "HTTP/1.1 200 OK"
2026-03-11 22:47:57,875 - httpx - INFO - HTTP Request: POST http://localhost:11434/api/embed "HTTP/1.1 200 OK"
2026-03-11 22:47:58,513 - httpx - INFO - HTTP Request: POST http://localhost:11434/api/embed "HTTP/1.1 200 OK"
2026-03-11 22:47:59,307 - httpx - INFO - HTTP Request: POST http://localhost:11434/api/embed "HTTP/1.1 200 OK"
2026-03-11 22:47:59,992 - httpx - INFO - HTTP Request: POST http://localhost:11434/api/embed "HTTP/1.1 200 OK"
2026-03-11 22:48:00,657 - httpx - INFO - HTTP Request: POST http://localhost:11434/api/embed "HTTP/1.1 200 OK"
2026-03-11 22:48:01,336 - httpx - INFO - HTTP Request: POST http://localhost:11434/api/embed "HTTP/1.1 200 OK"
2026-03-11 22:48:01,965 - httpx - INFO - HTTP Request: POST http://localhost:11434/api/embed "HTTP/1.1 200 OK"
2026-03-11 22:48:02,609 - httpx - INFO - HTTP Request: POST http://localhost:11434/api/embed "HTTP/1.1 200 OK"
2026-03-11 22:48:03,272 - httpx - INFO - HTTP Request: POST http://localhost:11434/api/embed "HTTP/1.1 200 OK"
2026-03-11 22:48:03,950 - httpx - INFO - HTTP Request: POST http://localhost:11434/api/embed "HTTP/1.1 200 OK"
2026-03-11 22:48:04,582 - httpx - INFO - HTTP Request: POST http://localhost:11434/api/embed "HTTP/1.1 200 OK"
2026-03-11 22:48:05,214 - httpx - INFO - HTTP Request: POST http://localhost:11434/api/embed "HTTP/1.1 200 OK"
2026-03-11 22:48:05,853 - httpx - INFO - HTTP Request: POST http://localhost:11434/api/embed "HTTP/1.1 200 OK"
2026-03-11 22:48:06,520 - httpx - INFO - HTTP Request: POST http://localhost:11434/api/embed "HTTP/1.1 200 OK"
2026-03-11 22:48:07,162 - httpx - INFO - HTTP Request: POST http://localhost:11434/api/embed "HTTP/1.1 200 OK"
2026-03-11 22:48:07,855 - httpx - INFO - HTTP Request: POST http://localhost:11434/api/embed "HTTP/1.1 200 OK"
2026-03-11 22:48:08,555 - httpx - INFO - HTTP Request: POST http://localhost:11434/api/embed "HTTP/1.1 200 OK"
2026-03-11 22:48:09,335 - httpx - INFO - HTTP Request: POST http://localhost:11434/api/embed "HTTP/1.1 200 OK"
2026-03-11 22:48:10,079 - httpx - INFO - HTTP Request: POST http://localhost:11434/api/embed "HTTP/1.1 200 OK"
2026-03-11 22:48:10,804 - httpx - INFO - HTTP Request: POST http://localhost:11434/api/embed "HTTP/1.1 200 OK"
2026-03-11 22:48:11,509 - httpx - INFO - HTTP Request: POST http://localhost:11434/api/embed "HTTP/1.1 200 OK"
2026-03-11 22:48:12,172 - httpx - INFO - HTTP Request: POST http://localhost:11434/api/embed "HTTP/1.1 200 OK"
2026-03-11 22:48:12,889 - httpx - INFO - HTTP Request: POST http://localhost:11434/api/embed "HTTP/1.1 200 OK"
2026-03-11 22:48:13,602 - httpx - INFO - HTTP Request: POST http://localhost:11434/api/embed "HTTP/1.1 200 OK"
2026-03-11 22:48:14,292 - httpx - INFO - HTTP Request: POST http://localhost:11434/api/embed "HTTP/1.1 200 OK"
2026-03-11 22:48:14,980 - httpx - INFO - HTTP Request: POST http://localhost:11434/api/embed "HTTP/1.1 200 OK"
2026-03-11 22:48:15,672 - httpx - INFO - HTTP Request: POST http://localhost:11434/api/embed "HTTP/1.1 200 OK"
2026-03-11 22:48:16,354 - httpx - INFO - HTTP Request: POST http://localhost:11434/api/embed "HTTP/1.1 200 OK"
2026-03-11 22:48:17,021 - httpx - INFO - HTTP Request: POST http://localhost:11434/api/embed "HTTP/1.1 200 OK"
2026-03-11 22:48:17,675 - httpx - INFO - HTTP Request: POST http://localhost:11434/api/embed "HTTP/1.1 200 OK"
2026-03-11 22:48:18,355 - httpx - INFO - HTTP Request: POST http://localhost:11434/api/embed "HTTP/1.1 200 OK"
2026-03-11 22:48:19,034 - httpx - INFO - HTTP Request: POST http://localhost:11434/api/embed "HTTP/1.1 200 OK"
2026-03-11 22:48:19,737 - httpx - INFO - HTTP Request: POST http://localhost:11434/api/embed "HTTP/1.1 200 OK"
2026-03-11 22:48:20,453 - httpx - INFO - HTTP Request: POST http://localhost:11434/api/embed "HTTP/1.1 200 OK"
2026-03-11 22:48:21,138 - httpx - INFO - HTTP Request: POST http://localhost:11434/api/embed "HTTP/1.1 200 OK"
2026-03-11 22:48:21,821 - httpx - INFO - HTTP Request: POST http://localhost:11434/api/embed "HTTP/1.1 200 OK"
2026-03-11 22:48:22,530 - httpx - INFO - HTTP Request: POST http://localhost:11434/api/embed "HTTP/1.1 200 OK"
2026-03-11 22:48:23,236 - httpx - INFO - HTTP Request: POST http://localhost:11434/api/embed "HTTP/1.1 200 OK"
2026-03-11 22:48:23,934 - httpx - INFO - HTTP Request: POST http://localhost:11434/api/embed "HTTP/1.1 200 OK"
2026-03-11 22:48:24,602 - httpx - INFO - HTTP Request: POST http://localhost:11434/api/embed "HTTP/1.1 200 OK"
2026-03-11 22:48:25,333 - httpx - INFO - HTTP Request: POST http://localhost:11434/api/embed "HTTP/1.1 200 OK"
2026-03-11 22:48:26,076 - httpx - INFO - HTTP Request: POST http://localhost:11434/api/embed "HTTP/1.1 200 OK"
2026-03-11 22:48:26,893 - httpx - INFO - HTTP Request: POST http://localhost:11434/api/embed "HTTP/1.1 200 OK"
2026-03-11 22:48:27,591 - httpx - INFO - HTTP Request: POST http://localhost:11434/api/embed "HTTP/1.1 200 OK"
2026-03-11 22:48:28,307 - httpx - INFO - HTTP Request: POST http://localhost:11434/api/embed "HTTP/1.1 200 OK"
2026-03-11 22:48:29,030 - httpx - INFO - HTTP Request: POST http://localhost:11434/api/embed "HTTP/1.1 200 OK"
2026-03-11 22:48:29,721 - httpx - INFO - HTTP Request: POST http://localhost:11434/api/embed "HTTP/1.1 200 OK"
2026-03-11 22:48:30,377 - httpx - INFO - HTTP Request: POST http://localhost:11434/api/embed "HTTP/1.1 200 OK"
2026-03-11 22:48:31,107 - httpx - INFO - HTTP Request: POST http://localhost:11434/api/embed "HTTP/1.1 200 OK"
2026-03-11 22:48:31,761 - httpx - INFO - HTTP Request: POST http://localhost:11434/api/embed "HTTP/1.1 200 OK"
2026-03-11 22:48:32,409 - httpx - INFO - HTTP Request: POST http://localhost:11434/api/embed "HTTP/1.1 200 OK"
2026-03-11 22:48:33,046 - httpx - INFO - HTTP Request: POST http://localhost:11434/api/embed "HTTP/1.1 200 OK"
2026-03-11 22:48:33,652 - httpx - INFO - HTTP Request: POST http://localhost:11434/api/embed "HTTP/1.1 200 OK"
2026-03-11 22:48:34,294 - httpx - INFO - HTTP Request: POST http://localhost:11434/api/embed "HTTP/1.1 200 OK"
2026-03-11 22:48:34,928 - httpx - INFO - HTTP Request: POST http://localhost:11434/api/embed "HTTP/1.1 200 OK"
2026-03-11 22:48:35,578 - httpx - INFO - HTTP Request: POST http://localhost:11434/api/embed "HTTP/1.1 200 OK"
2026-03-11 22:48:36,211 - httpx - INFO - HTTP Request: POST http://localhost:11434/api/embed "HTTP/1.1 200 OK"
2026-03-11 22:48:36,819 - httpx - INFO - HTTP Request: POST http://localhost:11434/api/embed "HTTP/1.1 200 OK"
2026-03-11 22:48:37,476 - httpx - INFO - HTTP Request: POST http://localhost:11434/api/embed "HTTP/1.1 200 OK"
2026-03-11 22:48:38,140 - httpx - INFO - HTTP Request: POST http://localhost:11434/api/embed "HTTP/1.1 200 OK"
2026-03-11 22:48:38,793 - httpx - INFO - HTTP Request: POST http://localhost:11434/api/embed "HTTP/1.1 200 OK"
2026-03-11 22:48:39,437 - httpx - INFO - HTTP Request: POST http://localhost:11434/api/embed "HTTP/1.1 200 OK"
2026-03-11 22:48:40,145 - httpx - INFO - HTTP Request: POST http://localhost:11434/api/embed "HTTP/1.1 200 OK"
2026-03-11 22:48:40,768 - httpx - INFO - HTTP Request: POST http://localhost:11434/api/embed "HTTP/1.1 200 OK"
2026-03-11 22:48:41,447 - httpx - INFO - HTTP Request: POST http://localhost:11434/api/embed "HTTP/1.1 200 OK"
2026-03-11 22:48:42,095 - httpx - INFO - HTTP Request: POST http://localhost:11434/api/embed "HTTP/1.1 200 OK"
2026-03-11 22:48:42,745 - httpx - INFO - HTTP Request: POST http://localhost:11434/api/embed "HTTP/1.1 200 OK"
2026-03-11 22:48:43,405 - httpx - INFO - HTTP Request: POST http://localhost:11434/api/embed "HTTP/1.1 200 OK"
2026-03-11 22:48:44,059 - httpx - INFO - HTTP Request: POST http://localhost:11434/api/embed "HTTP/1.1 200 OK"
2026-03-11 22:48:44,669 - httpx - INFO - HTTP Request: POST http://localhost:11434/api/embed "HTTP/1.1 200 OK"
2026-03-11 22:48:45,328 - httpx - INFO - HTTP Request: POST http://localhost:11434/api/embed "HTTP/1.1 200 OK"
2026-03-11 22:48:45,966 - httpx - INFO - HTTP Request: POST http://localhost:11434/api/embed "HTTP/1.1 200 OK"
2026-03-11 22:48:46,604 - httpx - INFO - HTTP Request: POST http://localhost:11434/api/embed "HTTP/1.1 200 OK"
2026-03-11 22:48:47,273 - httpx - INFO - HTTP Request: POST http://localhost:11434/api/embed "HTTP/1.1 200 OK"
2026-03-11 22:48:47,962 - httpx - INFO - HTTP Request: POST http://localhost:11434/api/embed "HTTP/1.1 200 OK"
2026-03-11 22:48:48,205 - httpx - INFO - HTTP Request: POST http://localhost:11434/api/embed "HTTP/1.1 200 OK"
2026-03-11 22:48:48,261 - PipelineLogger - INFO - [VectorDB] Insertion complete! Your articles are now embedded.
2026-03-11 22:48:48,266 - PipelineLogger - INFO - Finished execution of 'store_articles_in_vector_db' in 262.1905 seconds.
2026-03-11 22:48:48,266 - PipelineLogger - INFO - Generating Vector Search EDA Metrics...
2026-03-11 22:48:48,266 - PipelineLogger - INFO - Starting execution of 'run_vector_eda'
2026-03-11 22:48:48,266 - PipelineLogger - INFO - [Vector EDA] Initializing ChromaDB persistent client...
2026-03-11 22:48:48,274 - PipelineLogger - INFO - [Vector EDA] Querying themes...
2026-03-11 22:48:48,276 - httpx - INFO - HTTP Request: POST http://localhost:11434/api/embed "HTTP/1.1 404 Not Found"
2026-03-11 22:48:48,276 - PipelineLogger - ERROR - [Vector EDA] Error querying theme 'WW3 / Escalation': model "nomic-embed-text" not found, try pulling it first (status code: 404)
2026-03-11 22:48:48,277 - httpx - INFO - HTTP Request: POST http://localhost:11434/api/embed "HTTP/1.1 404 Not Found"
2026-03-11 22:48:48,277 - PipelineLogger - ERROR - [Vector EDA] Error querying theme 'US-Israel': model "nomic-embed-text" not found, try pulling it first (status code: 404)
2026-03-11 22:48:48,278 - httpx - INFO - HTTP Request: POST http://localhost:11434/api/embed "HTTP/1.1 404 Not Found"
2026-03-11 22:48:48,278 - PipelineLogger - ERROR - [Vector EDA] Error querying theme 'Israel-Iran': model "nomic-embed-text" not found, try pulling it first (status code: 404)
2026-03-11 22:48:48,279 - httpx - INFO - HTTP Request: POST http://localhost:11434/api/embed "HTTP/1.1 404 Not Found"
2026-03-11 22:48:48,279 - PipelineLogger - ERROR - [Vector EDA] Error querying theme 'Iran-US': model "nomic-embed-text" not found, try pulling it first (status code: 404)
2026-03-11 22:48:48,280 - httpx - INFO - HTTP Request: POST http://localhost:11434/api/embed "HTTP/1.1 404 Not Found"
2026-03-11 22:48:48,280 - PipelineLogger - ERROR - [Vector EDA] Error querying theme 'Middle East Conflict': model "nomic-embed-text" not found, try pulling it first (status code: 404)
2026-03-11 22:48:48,281 - httpx - INFO - HTTP Request: POST http://localhost:11434/api/embed "HTTP/1.1 404 Not Found"
2026-03-11 22:48:48,281 - PipelineLogger - ERROR - [Vector EDA] Error querying theme 'Europe/Russia Context': model "nomic-embed-text" not found, try pulling it first (status code: 404)
2026-03-11 22:48:48,282 - httpx - INFO - HTTP Request: POST http://localhost:11434/api/embed "HTTP/1.1 404 Not Found"
2026-03-11 22:48:48,283 - PipelineLogger - ERROR - [Vector EDA] Error querying theme 'Global Economy & Oil': model "nomic-embed-text" not found, try pulling it first (status code: 404)
2026-03-11 22:48:48,283 - PipelineLogger - INFO - [Vector EDA] Generating Vector DB Charts...
2026-03-11 22:48:48,283 - PipelineLogger - INFO - [Vector EDA] Execution completed.
2026-03-11 22:48:48,283 - PipelineLogger - INFO - Finished execution of 'run_vector_eda' in 0.0170 seconds.
2026-03-11 22:48:48,283 - PipelineLogger - INFO - Building HTML Dashboard...
2026-03-11 22:48:48,283 - PipelineLogger - INFO - Starting execution of 'generate_html_report'
2026-03-11 22:48:48,284 - PipelineLogger - INFO - [Report] HTML dashboard generated at: eda_output/report.html
2026-03-11 22:48:48,284 - PipelineLogger - INFO - Finished execution of 'generate_html_report' in 0.0003 seconds.
2026-03-11 22:48:48,284 - PipelineLogger - INFO - =============================================
2026-03-11 22:48:48,284 - PipelineLogger - INFO -            PIPELINE EXECUTION COMPLETE       
2026-03-11 22:48:48,284 - PipelineLogger - INFO -   Please open 'eda_output/report.html' to view it  
2026-03-11 22:48:48,284 - PipelineLogger - INFO - =============================================
2026-03-11 22:48:48,285 - PipelineLogger - INFO - Finished execution of 'main' in 265.4852 seconds.
2026-03-12 14:25:01,107 - PipelineLogger - INFO - Starting execution of 'run_eda'
2026-03-12 14:25:01,107 - PipelineLogger - INFO - Generating EDA charts...
2026-03-12 14:25:01,253 - PipelineLogger - INFO - [EDA 1/13] Top sources...
2026-03-12 14:25:01,374 - PipelineLogger - INFO - [EDA 2/13] Keyword frequency...
2026-03-12 14:25:01,607 - PipelineLogger - INFO - [EDA 3/13] Timeline...
2026-03-12 14:25:01,708 - PipelineLogger - INFO - [EDA 4/13] Length distribution...
2026-03-12 14:25:01,832 - PipelineLogger - INFO - [EDA 5/13] Actor mentions...
2026-03-12 14:25:02,212 - PipelineLogger - INFO - [EDA 6/13] Conflict theaters...
2026-03-12 14:25:02,465 - PipelineLogger - INFO - [EDA 7/13] Actor co-occurrence heatmap...
2026-03-12 14:25:03,089 - PipelineLogger - INFO - [EDA 8/13] Escalation scores...
2026-03-12 14:25:03,406 - PipelineLogger - INFO - [EDA 9/13] Sentiment analysis...
2026-03-12 14:25:05,164 - PipelineLogger - INFO - [EDA 10/13] Source publication velocity...
2026-03-12 14:25:05,306 - PipelineLogger - INFO - [EDA 11/13] N-gram analysis...
2026-03-12 14:25:07,222 - PipelineLogger - INFO - [EDA 12/13] WW3 Threat Level...
2026-03-12 14:25:07,294 - PipelineLogger - INFO - [EDA 13/13] Weekly coverage heatmap...
2026-03-12 14:25:07,398 - PipelineLogger - INFO - EDA execution completed successfully.
2026-03-12 14:25:07,410 - PipelineLogger - INFO - Finished execution of 'run_eda' in 6.3030 seconds.
2026-03-12 14:27:00,948 - PipelineLogger - INFO - Starting execution of 'run_statistical_analysis'
2026-03-12 14:27:00,949 - PipelineLogger - INFO - [STATS] Feature engineering...
2026-03-12 14:27:03,057 - PipelineLogger - INFO - [STATS 1/4] Descriptive statistics (skewness, kurtosis)...
2026-03-12 14:27:03,059 - PipelineLogger - INFO -   word_count: skew=6.0324  ex_kurt=43.9295
2026-03-12 14:27:03,059 - PipelineLogger - INFO -   escalation_score: skew=0.8691  ex_kurt=-0.8009
2026-03-12 14:27:03,060 - PipelineLogger - INFO -   sentiment_polarity: skew=0.7486  ex_kurt=-0.2061
2026-03-12 14:27:03,482 - PipelineLogger - INFO -   [STATS] Saved: stats_distributions.png
2026-03-12 14:27:03,482 - PipelineLogger - INFO - [STATS 2/4] Correlation and covariance matrices...
2026-03-12 14:27:03,707 - PipelineLogger - INFO -   [STATS] Saved: stats_correlation_matrices.png
2026-03-12 14:27:03,707 - PipelineLogger - INFO - [STATS 3/4] Zipf's Law analysis...
2026-03-12 14:27:03,843 - PipelineLogger - INFO -   Zipf slope=-0.5209, R²=0.9761
2026-03-12 14:27:04,225 - PipelineLogger - INFO -   [STATS] Saved: stats_zipf_distribution.png
2026-03-12 14:27:04,225 - PipelineLogger - INFO - [STATS 4a] OLS regression (statsmodels)...
2026-03-12 14:27:04,237 - PipelineLogger - INFO -   OLS: R²=0.5026  F=614.953  p=0.0000
2026-03-12 14:27:04,472 - PipelineLogger - INFO -   [STATS] Saved: stats_ols_regression.png
2026-03-12 14:27:04,472 - PipelineLogger - INFO - [STATS 4b/4] Hypothesis testing (Chi-Square, T-Test, ANOVA)...
2026-03-12 14:27:04,472 - PipelineLogger - INFO -   Running Test 1: Chi-Square (China vs. USA)...
2026-03-12 14:27:04,487 - PipelineLogger - INFO -     χ²=81.4709  p=0.000000  V=0.2584  → REJECT H0 — China and USA mentions are NOT independent in the news cycle
2026-03-12 14:27:04,487 - PipelineLogger - INFO -   Running Test 2: Welch's T-Test (Iran escalation)...
2026-03-12 14:27:04,489 - PipelineLogger - INFO -     t=20.0656  p=0.000000  d=1.1308  → REJECT H0 — Iran articles have significantly higher escalation scores (μ=50.36 vs μ=15.19)
2026-03-12 14:27:04,489 - PipelineLogger - INFO -   Running Test 3: One-Way ANOVA (theater sentiment)...
2026-03-12 14:27:04,491 - PipelineLogger - INFO -     F=32.9642  p=0.000000  η²=0.0913  → REJECT H0 — Sentiment polarity differs significantly across conflict theaters
2026-03-12 14:27:05,119 - PipelineLogger - INFO -   [STATS] Saved: stats_hypothesis_tests.png
2026-03-12 14:27:05,119 - PipelineLogger - INFO - [STATS] Statistical analysis complete. 5 charts saved to eda_output/.
2026-03-12 14:27:05,119 - PipelineLogger - INFO - Finished execution of 'run_statistical_analysis' in 4.1705 seconds.
2026-03-12 14:39:32,242 - PipelineLogger - INFO - Starting execution of 'main'
2026-03-12 14:39:32,242 - PipelineLogger - INFO - =============================================
2026-03-12 14:39:32,243 - PipelineLogger - INFO -  Geopolitical News Pipeline / WW3 Context Analyzer 
2026-03-12 14:39:32,243 - PipelineLogger - INFO - =============================================
2026-03-12 14:39:32,243 - PipelineLogger - INFO - Initializing SQLite database...
2026-03-12 14:39:32,243 - PipelineLogger - INFO - Starting execution of 'init_db'
2026-03-12 14:39:32,243 - PipelineLogger - INFO - Finished execution of 'init_db' in 0.0002 seconds.
2026-03-12 14:39:32,243 - PipelineLogger - INFO - Extracting data from database for analysis...
2026-03-12 14:39:32,243 - PipelineLogger - INFO - Starting execution of 'get_all_articles'
2026-03-12 14:39:32,253 - PipelineLogger - INFO - Finished execution of 'get_all_articles' in 0.0097 seconds.
2026-03-12 14:39:32,253 - PipelineLogger - INFO - Firing up the SQLite EDA module...
2026-03-12 14:39:32,253 - PipelineLogger - INFO - Starting execution of 'run_eda'
2026-03-12 14:39:32,253 - PipelineLogger - INFO - Generating EDA charts...
2026-03-12 14:39:32,390 - PipelineLogger - INFO - [EDA 1/13] Top sources...
2026-03-12 14:39:32,491 - PipelineLogger - INFO - [EDA 2/13] Keyword frequency...
2026-03-12 14:39:32,736 - PipelineLogger - INFO - [EDA 3/13] Timeline...
2026-03-12 14:39:32,831 - PipelineLogger - INFO - [EDA 4/13] Length distribution...
2026-03-12 14:39:32,956 - PipelineLogger - INFO - [EDA 5/13] Actor mentions...
2026-03-12 14:39:33,341 - PipelineLogger - INFO - [EDA 6/13] Conflict theaters...
2026-03-12 14:39:33,589 - PipelineLogger - INFO - [EDA 7/13] Actor co-occurrence heatmap...
2026-03-12 14:39:34,245 - PipelineLogger - INFO - [EDA 8/13] Escalation scores...
2026-03-12 14:39:34,527 - PipelineLogger - INFO - [EDA 9/13] Sentiment analysis...
2026-03-12 14:39:36,255 - PipelineLogger - INFO - [EDA 10/13] Source publication velocity...
2026-03-12 14:39:36,380 - PipelineLogger - INFO - [EDA 11/13] N-gram analysis...
2026-03-12 14:39:38,182 - PipelineLogger - INFO - [EDA 12/13] WW3 Threat Level...
2026-03-12 14:39:38,251 - PipelineLogger - INFO - [EDA 13/13] Weekly coverage heatmap...
2026-03-12 14:39:38,345 - PipelineLogger - INFO - EDA execution completed successfully.
2026-03-12 14:39:38,356 - PipelineLogger - INFO - Finished execution of 'run_eda' in 6.1036 seconds.
2026-03-12 14:39:38,356 - PipelineLogger - INFO - Running Statistical Analysis module...
2026-03-12 14:39:38,356 - PipelineLogger - INFO - Starting execution of 'run_statistical_analysis'
2026-03-12 14:39:38,357 - PipelineLogger - INFO - [STATS] Feature engineering...
2026-03-12 14:39:40,359 - PipelineLogger - INFO - [STATS 1/4] Descriptive statistics (skewness, kurtosis)...
2026-03-12 14:39:40,360 - PipelineLogger - INFO -   word_count: skew=6.0324  ex_kurt=43.9295
2026-03-12 14:39:40,361 - PipelineLogger - INFO -   escalation_score: skew=0.8691  ex_kurt=-0.8009
2026-03-12 14:39:40,361 - PipelineLogger - INFO -   sentiment_polarity: skew=0.7486  ex_kurt=-0.2061
2026-03-12 14:39:40,774 - PipelineLogger - INFO -   [STATS] Saved: stats_distributions.png
2026-03-12 14:39:40,774 - PipelineLogger - INFO - [STATS 2/4] Correlation and covariance matrices...
2026-03-12 14:39:40,979 - PipelineLogger - INFO -   [STATS] Saved: stats_correlation_matrices.png
2026-03-12 14:39:40,979 - PipelineLogger - INFO - [STATS 3/4] Zipf's Law analysis...
2026-03-12 14:39:41,100 - PipelineLogger - INFO -   Zipf slope=-0.5209, R²=0.9761
2026-03-12 14:39:41,469 - PipelineLogger - INFO -   [STATS] Saved: stats_zipf_distribution.png
2026-03-12 14:39:41,469 - PipelineLogger - INFO - [STATS 4a] OLS regression (statsmodels)...
2026-03-12 14:39:41,472 - PipelineLogger - INFO -   OLS: R²=0.5026  F=614.953  p=0.0000
2026-03-12 14:39:41,694 - PipelineLogger - INFO -   [STATS] Saved: stats_ols_regression.png
2026-03-12 14:39:41,695 - PipelineLogger - INFO - [STATS 4b/4] Hypothesis testing (Chi-Square, T-Test, ANOVA)...
2026-03-12 14:39:41,695 - PipelineLogger - INFO -   Running Test 1: Chi-Square (China vs. USA)...
2026-03-12 14:39:41,698 - PipelineLogger - INFO -     χ²=81.4709  p=0.000000  V=0.2584  → REJECT H0 — China and USA mentions are NOT independent in the news cycle
2026-03-12 14:39:41,698 - PipelineLogger - INFO -   Running Test 2: Welch's T-Test (Iran escalation)...
2026-03-12 14:39:41,699 - PipelineLogger - INFO -     t=20.0656  p=0.000000  d=1.1308  → REJECT H0 — Iran articles have significantly higher escalation scores (μ=50.36 vs μ=15.19)
2026-03-12 14:39:41,699 - PipelineLogger - INFO -   Running Test 3: One-Way ANOVA (theater sentiment)...
2026-03-12 14:39:41,701 - PipelineLogger - INFO -     F=32.9642  p=0.000000  η²=0.0913  → REJECT H0 — Sentiment polarity differs significantly across conflict theaters
2026-03-12 14:39:42,342 - PipelineLogger - INFO -   [STATS] Saved: stats_hypothesis_tests.png
2026-03-12 14:39:42,343 - PipelineLogger - INFO - [STATS] Statistical analysis complete. 5 charts saved to eda_output/.
2026-03-12 14:39:42,343 - PipelineLogger - INFO - Finished execution of 'run_statistical_analysis' in 3.9861 seconds.
2026-03-12 14:39:42,343 - PipelineLogger - INFO - Launching Vector Database Embedding Sequence...
2026-03-12 14:39:42,343 - PipelineLogger - INFO - Starting execution of 'store_articles_in_vector_db'
2026-03-12 14:39:42,343 - PipelineLogger - INFO - [VectorDB] Initializing ChromaDB persistent client...
2026-03-12 14:39:42,442 - PipelineLogger - INFO - [VectorDB] Configuring native Ollama Embedding Function (nomic-embed-text)...
2026-03-12 14:39:42,516 - PipelineLogger - INFO - [VectorDB] Chunking articles manually and preparing for insertion...
2026-03-12 14:39:42,598 - PipelineLogger - INFO - [VectorDB] Sending 19561 chunked items to Ollama & saving to ChromaDB...
2026-03-12 14:39:48,317 - httpx - INFO - HTTP Request: POST http://localhost:11434/api/embed "HTTP/1.1 200 OK"
2026-03-12 14:39:49,450 - httpx - INFO - HTTP Request: POST http://localhost:11434/api/embed "HTTP/1.1 200 OK"
2026-03-12 14:39:50,136 - httpx - INFO - HTTP Request: POST http://localhost:11434/api/embed "HTTP/1.1 200 OK"
2026-03-12 14:39:50,790 - httpx - INFO - HTTP Request: POST http://localhost:11434/api/embed "HTTP/1.1 200 OK"
2026-03-12 14:39:51,478 - httpx - INFO - HTTP Request: POST http://localhost:11434/api/embed "HTTP/1.1 200 OK"
2026-03-12 14:39:52,179 - httpx - INFO - HTTP Request: POST http://localhost:11434/api/embed "HTTP/1.1 200 OK"
2026-03-12 14:39:52,869 - httpx - INFO - HTTP Request: POST http://localhost:11434/api/embed "HTTP/1.1 200 OK"
2026-03-12 14:39:53,574 - httpx - INFO - HTTP Request: POST http://localhost:11434/api/embed "HTTP/1.1 200 OK"
2026-03-12 14:40:06,153 - PipelineLogger - INFO - Starting execution of 'main'
2026-03-12 14:40:06,154 - PipelineLogger - INFO - =============================================
2026-03-12 14:40:06,154 - PipelineLogger - INFO -  Geopolitical News Pipeline / WW3 Context Analyzer 
2026-03-12 14:40:06,154 - PipelineLogger - INFO - =============================================
2026-03-12 14:40:06,154 - PipelineLogger - INFO - Initializing SQLite database...
2026-03-12 14:40:06,154 - PipelineLogger - INFO - Starting execution of 'init_db'
2026-03-12 14:40:06,154 - PipelineLogger - INFO - Finished execution of 'init_db' in 0.0002 seconds.
2026-03-12 14:40:06,154 - PipelineLogger - INFO - Scraping recent geopolitical articles...
2026-03-12 14:40:06,154 - PipelineLogger - INFO - Starting execution of 'scrape_all_sources'
2026-03-12 14:40:06,154 - PipelineLogger - INFO - Starting execution of 'fetch_rss_news'
2026-03-12 14:40:06,809 - PipelineLogger - INFO - Starting execution of 'is_article_saved'
2026-03-12 14:40:06,819 - PipelineLogger - INFO - Finished execution of 'is_article_saved' in 0.0099 seconds.
2026-03-12 14:40:06,822 - PipelineLogger - INFO - Starting execution of 'is_article_saved'
2026-03-12 14:40:06,822 - PipelineLogger - INFO - Finished execution of 'is_article_saved' in 0.0004 seconds.
2026-03-12 14:40:06,824 - PipelineLogger - INFO - Starting execution of 'is_article_saved'
2026-03-12 14:40:06,824 - PipelineLogger - INFO - Finished execution of 'is_article_saved' in 0.0003 seconds.
2026-03-12 14:40:06,825 - PipelineLogger - INFO - Starting execution of 'is_article_saved'
2026-03-12 14:40:06,825 - PipelineLogger - INFO - Finished execution of 'is_article_saved' in 0.0002 seconds.
2026-03-12 14:40:06,826 - PipelineLogger - INFO - Starting execution of 'is_article_saved'
2026-03-12 14:40:06,826 - PipelineLogger - INFO - Finished execution of 'is_article_saved' in 0.0002 seconds.
2026-03-12 14:40:06,827 - PipelineLogger - INFO - Starting execution of 'is_article_saved'
2026-03-12 14:40:06,828 - PipelineLogger - INFO - Finished execution of 'is_article_saved' in 0.0002 seconds.
2026-03-12 14:40:06,829 - PipelineLogger - INFO - Starting execution of 'is_article_saved'
2026-03-12 14:40:06,829 - PipelineLogger - INFO - Finished execution of 'is_article_saved' in 0.0002 seconds.
2026-03-12 14:40:06,830 - PipelineLogger - INFO - Starting execution of 'is_article_saved'
2026-03-12 14:40:06,830 - PipelineLogger - INFO - Finished execution of 'is_article_saved' in 0.0001 seconds.
2026-03-12 14:40:06,831 - PipelineLogger - INFO - Starting execution of 'is_article_saved'
2026-03-12 14:40:06,831 - PipelineLogger - INFO - Finished execution of 'is_article_saved' in 0.0002 seconds.
2026-03-12 14:40:06,832 - PipelineLogger - INFO - Starting execution of 'is_article_saved'
2026-03-12 14:40:06,832 - PipelineLogger - INFO - Finished execution of 'is_article_saved' in 0.0002 seconds.
2026-03-12 14:40:06,833 - PipelineLogger - INFO - Starting execution of 'is_article_saved'
2026-03-12 14:40:06,833 - PipelineLogger - INFO - Finished execution of 'is_article_saved' in 0.0001 seconds.
2026-03-12 14:40:06,834 - PipelineLogger - INFO - Starting execution of 'is_article_saved'
2026-03-12 14:40:06,834 - PipelineLogger - INFO - Finished execution of 'is_article_saved' in 0.0001 seconds.
2026-03-12 14:40:06,835 - PipelineLogger - INFO - Starting execution of 'is_article_saved'
2026-03-12 14:40:06,835 - PipelineLogger - INFO - Finished execution of 'is_article_saved' in 0.0001 seconds.
2026-03-12 14:40:06,836 - PipelineLogger - INFO - Starting execution of 'is_article_saved'
2026-03-12 14:40:06,836 - PipelineLogger - INFO - Finished execution of 'is_article_saved' in 0.0002 seconds.
2026-03-12 14:40:06,837 - PipelineLogger - INFO - Starting execution of 'is_article_saved'
2026-03-12 14:40:06,837 - PipelineLogger - INFO - Finished execution of 'is_article_saved' in 0.0002 seconds.
2026-03-12 14:40:08,658 - PipelineLogger - INFO - Starting execution of 'is_article_saved'
2026-03-12 14:40:08,668 - PipelineLogger - INFO - Finished execution of 'is_article_saved' in 0.0095 seconds.
2026-03-12 14:40:08,917 - PipelineLogger - INFO - Starting execution of 'is_article_saved'
2026-03-12 14:40:08,917 - PipelineLogger - INFO - Finished execution of 'is_article_saved' in 0.0002 seconds.
2026-03-12 14:40:09,148 - PipelineLogger - INFO - Starting execution of 'is_article_saved'
2026-03-12 14:40:09,149 - PipelineLogger - INFO - Finished execution of 'is_article_saved' in 0.0002 seconds.
2026-03-12 14:40:10,079 - PipelineLogger - INFO - Starting execution of 'is_article_saved'
2026-03-12 14:40:10,079 - PipelineLogger - INFO - Finished execution of 'is_article_saved' in 0.0002 seconds.
2026-03-12 14:40:10,392 - PipelineLogger - INFO - Starting execution of 'is_article_saved'
2026-03-12 14:40:10,392 - PipelineLogger - INFO - Finished execution of 'is_article_saved' in 0.0002 seconds.
2026-03-12 14:40:10,672 - PipelineLogger - INFO - Starting execution of 'is_article_saved'
2026-03-12 14:40:10,681 - PipelineLogger - INFO - Finished execution of 'is_article_saved' in 0.0096 seconds.
2026-03-12 14:40:10,921 - PipelineLogger - INFO - Starting execution of 'is_article_saved'
2026-03-12 14:40:10,922 - PipelineLogger - INFO - Finished execution of 'is_article_saved' in 0.0002 seconds.
2026-03-12 14:40:11,148 - PipelineLogger - INFO - Starting execution of 'is_article_saved'
2026-03-12 14:40:11,149 - PipelineLogger - INFO - Finished execution of 'is_article_saved' in 0.0002 seconds.
2026-03-12 14:40:11,377 - PipelineLogger - INFO - Starting execution of 'is_article_saved'
2026-03-12 14:40:11,377 - PipelineLogger - INFO - Finished execution of 'is_article_saved' in 0.0002 seconds.
2026-03-12 14:40:11,610 - PipelineLogger - INFO - Starting execution of 'is_article_saved'
2026-03-12 14:40:11,610 - PipelineLogger - INFO - Finished execution of 'is_article_saved' in 0.0002 seconds.
2026-03-12 14:40:13,133 - PipelineLogger - INFO - Starting execution of 'is_article_saved'
2026-03-12 14:40:13,143 - PipelineLogger - INFO - Finished execution of 'is_article_saved' in 0.0098 seconds.
2026-03-12 14:40:13,306 - PipelineLogger - INFO - Starting execution of 'is_article_saved'
2026-03-12 14:40:13,306 - PipelineLogger - INFO - Finished execution of 'is_article_saved' in 0.0002 seconds.
2026-03-12 14:40:13,475 - PipelineLogger - INFO - Starting execution of 'is_article_saved'
2026-03-12 14:40:13,475 - PipelineLogger - INFO - Finished execution of 'is_article_saved' in 0.0002 seconds.
2026-03-12 14:40:14,348 - PipelineLogger - INFO - Starting execution of 'is_article_saved'
2026-03-12 14:40:14,348 - PipelineLogger - INFO - Finished execution of 'is_article_saved' in 0.0002 seconds.
2026-03-12 14:40:14,508 - PipelineLogger - INFO - Starting execution of 'is_article_saved'
2026-03-12 14:40:14,508 - PipelineLogger - INFO - Finished execution of 'is_article_saved' in 0.0002 seconds.
2026-03-12 14:40:14,688 - PipelineLogger - INFO - Starting execution of 'is_article_saved'
2026-03-12 14:40:14,689 - PipelineLogger - INFO - Finished execution of 'is_article_saved' in 0.0002 seconds.
2026-03-12 14:40:14,856 - PipelineLogger - INFO - Starting execution of 'is_article_saved'
2026-03-12 14:40:14,856 - PipelineLogger - INFO - Finished execution of 'is_article_saved' in 0.0002 seconds.
2026-03-12 14:40:15,012 - PipelineLogger - INFO - Starting execution of 'is_article_saved'
2026-03-12 14:40:15,012 - PipelineLogger - INFO - Finished execution of 'is_article_saved' in 0.0002 seconds.
2026-03-12 14:40:15,186 - PipelineLogger - INFO - Starting execution of 'is_article_saved'
2026-03-12 14:40:15,186 - PipelineLogger - INFO - Finished execution of 'is_article_saved' in 0.0002 seconds.
2026-03-12 14:40:15,414 - PipelineLogger - INFO - Starting execution of 'is_article_saved'
2026-03-12 14:40:15,414 - PipelineLogger - INFO - Finished execution of 'is_article_saved' in 0.0002 seconds.
2026-03-12 14:40:15,601 - PipelineLogger - INFO - Starting execution of 'is_article_saved'
2026-03-12 14:40:15,601 - PipelineLogger - INFO - Finished execution of 'is_article_saved' in 0.0002 seconds.
2026-03-12 14:40:15,788 - PipelineLogger - INFO - Starting execution of 'is_article_saved'
2026-03-12 14:40:15,789 - PipelineLogger - INFO - Finished execution of 'is_article_saved' in 0.0002 seconds.
2026-03-12 14:40:15,986 - PipelineLogger - INFO - Starting execution of 'is_article_saved'
2026-03-12 14:40:15,986 - PipelineLogger - INFO - Finished execution of 'is_article_saved' in 0.0002 seconds.
2026-03-12 14:40:16,155 - PipelineLogger - INFO - Starting execution of 'is_article_saved'
2026-03-12 14:40:16,155 - PipelineLogger - INFO - Finished execution of 'is_article_saved' in 0.0002 seconds.
2026-03-12 14:40:16,290 - PipelineLogger - INFO - Starting execution of 'is_article_saved'
2026-03-12 14:40:16,300 - PipelineLogger - INFO - Finished execution of 'is_article_saved' in 0.0097 seconds.
2026-03-12 14:40:16,757 - PipelineLogger - INFO - Starting execution of 'is_article_saved'
2026-03-12 14:40:16,767 - PipelineLogger - INFO - Finished execution of 'is_article_saved' in 0.0097 seconds.
2026-03-12 14:40:17,351 - PipelineLogger - INFO - Starting execution of 'is_article_saved'
2026-03-12 14:40:17,360 - PipelineLogger - INFO - Finished execution of 'is_article_saved' in 0.0096 seconds.
2026-03-12 14:40:17,720 - PipelineLogger - INFO - Starting execution of 'is_article_saved'
2026-03-12 14:40:17,720 - PipelineLogger - INFO - Finished execution of 'is_article_saved' in 0.0002 seconds.
2026-03-12 14:40:17,720 - PipelineLogger - INFO - Starting execution of 'is_article_saved'
2026-03-12 14:40:17,720 - PipelineLogger - INFO - Finished execution of 'is_article_saved' in 0.0001 seconds.
2026-03-12 14:40:17,720 - PipelineLogger - INFO - Starting execution of 'is_article_saved'
2026-03-12 14:40:17,730 - PipelineLogger - INFO - Finished execution of 'is_article_saved' in 0.0095 seconds.
2026-03-12 14:40:17,730 - PipelineLogger - INFO - Starting execution of 'is_article_saved'
2026-03-12 14:40:17,730 - PipelineLogger - INFO - Finished execution of 'is_article_saved' in 0.0002 seconds.
2026-03-12 14:40:18,081 - PipelineLogger - INFO - Starting execution of 'is_article_saved'
2026-03-12 14:40:18,081 - PipelineLogger - INFO - Finished execution of 'is_article_saved' in 0.0002 seconds.
2026-03-12 14:40:18,081 - PipelineLogger - INFO - Starting execution of 'is_article_saved'
2026-03-12 14:40:18,081 - PipelineLogger - INFO - Finished execution of 'is_article_saved' in 0.0001 seconds.
2026-03-12 14:40:18,081 - PipelineLogger - INFO - Starting execution of 'is_article_saved'
2026-03-12 14:40:18,081 - PipelineLogger - INFO - Finished execution of 'is_article_saved' in 0.0001 seconds.
2026-03-12 14:40:18,081 - PipelineLogger - INFO - Starting execution of 'is_article_saved'
2026-03-12 14:40:18,082 - PipelineLogger - INFO - Finished execution of 'is_article_saved' in 0.0001 seconds.
2026-03-12 14:40:18,082 - PipelineLogger - INFO - Starting execution of 'is_article_saved'
2026-03-12 14:40:18,082 - PipelineLogger - INFO - Finished execution of 'is_article_saved' in 0.0001 seconds.
2026-03-12 14:40:18,456 - PipelineLogger - INFO - Starting execution of 'is_article_saved'
2026-03-12 14:40:18,457 - PipelineLogger - INFO - Finished execution of 'is_article_saved' in 0.0002 seconds.
2026-03-12 14:40:19,050 - PipelineLogger - INFO - Starting execution of 'is_article_saved'
2026-03-12 14:40:19,050 - PipelineLogger - INFO - Finished execution of 'is_article_saved' in 0.0002 seconds.
2026-03-12 14:40:19,424 - PipelineLogger - INFO - Starting execution of 'is_article_saved'
2026-03-12 14:40:19,425 - PipelineLogger - INFO - Finished execution of 'is_article_saved' in 0.0002 seconds.
2026-03-12 14:40:20,029 - PipelineLogger - INFO - Starting execution of 'is_article_saved'
2026-03-12 14:40:20,029 - PipelineLogger - INFO - Finished execution of 'is_article_saved' in 0.0002 seconds.
2026-03-12 14:40:21,982 - PipelineLogger - INFO - Starting execution of 'is_article_saved'
2026-03-12 14:40:21,983 - PipelineLogger - INFO - Finished execution of 'is_article_saved' in 0.0003 seconds.
2026-03-12 14:40:21,983 - PipelineLogger - INFO - Starting execution of 'is_article_saved'
2026-03-12 14:40:21,983 - PipelineLogger - INFO - Finished execution of 'is_article_saved' in 0.0001 seconds.
2026-03-12 14:40:21,983 - PipelineLogger - INFO - Starting execution of 'is_article_saved'
2026-03-12 14:40:21,983 - PipelineLogger - INFO - Finished execution of 'is_article_saved' in 0.0001 seconds.
2026-03-12 14:40:21,983 - PipelineLogger - INFO - Starting execution of 'is_article_saved'
2026-03-12 14:40:21,983 - PipelineLogger - INFO - Finished execution of 'is_article_saved' in 0.0000 seconds.
2026-03-12 14:40:21,983 - PipelineLogger - INFO - Starting execution of 'is_article_saved'
2026-03-12 14:40:21,983 - PipelineLogger - INFO - Finished execution of 'is_article_saved' in 0.0000 seconds.
2026-03-12 14:40:21,983 - PipelineLogger - INFO - Starting execution of 'is_article_saved'
2026-03-12 14:40:21,983 - PipelineLogger - INFO - Finished execution of 'is_article_saved' in 0.0000 seconds.
2026-03-12 14:40:21,983 - PipelineLogger - INFO - Starting execution of 'is_article_saved'
2026-03-12 14:40:21,983 - PipelineLogger - INFO - Finished execution of 'is_article_saved' in 0.0000 seconds.
2026-03-12 14:40:21,983 - PipelineLogger - INFO - Starting execution of 'is_article_saved'
2026-03-12 14:40:21,983 - PipelineLogger - INFO - Finished execution of 'is_article_saved' in 0.0001 seconds.
2026-03-12 14:40:21,983 - PipelineLogger - INFO - Starting execution of 'is_article_saved'
2026-03-12 14:40:21,983 - PipelineLogger - INFO - Finished execution of 'is_article_saved' in 0.0000 seconds.
2026-03-12 14:40:21,983 - PipelineLogger - INFO - Starting execution of 'is_article_saved'
2026-03-12 14:40:21,984 - PipelineLogger - INFO - Finished execution of 'is_article_saved' in 0.0001 seconds.
2026-03-12 14:40:21,984 - PipelineLogger - INFO - Starting execution of 'is_article_saved'
2026-03-12 14:40:21,984 - PipelineLogger - INFO - Finished execution of 'is_article_saved' in 0.0001 seconds.
2026-03-12 14:40:21,984 - PipelineLogger - INFO - Starting execution of 'is_article_saved'
2026-03-12 14:40:21,984 - PipelineLogger - INFO - Finished execution of 'is_article_saved' in 0.0000 seconds.
2026-03-12 14:40:21,984 - PipelineLogger - INFO - Starting execution of 'is_article_saved'
2026-03-12 14:40:21,984 - PipelineLogger - INFO - Finished execution of 'is_article_saved' in 0.0000 seconds.
2026-03-12 14:40:21,984 - PipelineLogger - INFO - Starting execution of 'is_article_saved'
2026-03-12 14:40:21,984 - PipelineLogger - INFO - Finished execution of 'is_article_saved' in 0.0000 seconds.
2026-03-12 14:40:21,984 - PipelineLogger - INFO - Starting execution of 'is_article_saved'
2026-03-12 14:40:21,984 - PipelineLogger - INFO - Finished execution of 'is_article_saved' in 0.0000 seconds.
2026-03-12 14:40:22,260 - PipelineLogger - INFO - Starting execution of 'is_article_saved'
2026-03-12 14:40:22,269 - PipelineLogger - INFO - Finished execution of 'is_article_saved' in 0.0095 seconds.
2026-03-12 14:40:22,270 - PipelineLogger - INFO - Starting execution of 'is_article_saved'
2026-03-12 14:40:22,271 - PipelineLogger - INFO - Finished execution of 'is_article_saved' in 0.0002 seconds.
2026-03-12 14:40:22,271 - PipelineLogger - INFO - Starting execution of 'is_article_saved'
2026-03-12 14:40:22,271 - PipelineLogger - INFO - Finished execution of 'is_article_saved' in 0.0001 seconds.
2026-03-12 14:40:22,271 - PipelineLogger - INFO - Starting execution of 'is_article_saved'
2026-03-12 14:40:22,271 - PipelineLogger - INFO - Finished execution of 'is_article_saved' in 0.0001 seconds.
2026-03-12 14:40:22,272 - PipelineLogger - INFO - Starting execution of 'is_article_saved'
2026-03-12 14:40:22,272 - PipelineLogger - INFO - Finished execution of 'is_article_saved' in 0.0001 seconds.
2026-03-12 14:40:22,272 - PipelineLogger - INFO - Starting execution of 'is_article_saved'
2026-03-12 14:40:22,272 - PipelineLogger - INFO - Finished execution of 'is_article_saved' in 0.0001 seconds.
2026-03-12 14:40:22,272 - PipelineLogger - INFO - Starting execution of 'is_article_saved'
2026-03-12 14:40:22,272 - PipelineLogger - INFO - Finished execution of 'is_article_saved' in 0.0001 seconds.
2026-03-12 14:40:22,272 - PipelineLogger - INFO - Starting execution of 'is_article_saved'
2026-03-12 14:40:22,272 - PipelineLogger - INFO - Finished execution of 'is_article_saved' in 0.0000 seconds.
2026-03-12 14:40:22,272 - PipelineLogger - INFO - Starting execution of 'is_article_saved'
2026-03-12 14:40:22,272 - PipelineLogger - INFO - Finished execution of 'is_article_saved' in 0.0000 seconds.
2026-03-12 14:40:22,272 - PipelineLogger - INFO - Starting execution of 'is_article_saved'
2026-03-12 14:40:22,273 - PipelineLogger - INFO - Finished execution of 'is_article_saved' in 0.0000 seconds.
2026-03-12 14:40:22,273 - PipelineLogger - INFO - Starting execution of 'is_article_saved'
2026-03-12 14:40:22,273 - PipelineLogger - INFO - Finished execution of 'is_article_saved' in 0.0001 seconds.
2026-03-12 14:40:22,273 - PipelineLogger - INFO - Starting execution of 'is_article_saved'
2026-03-12 14:40:22,273 - PipelineLogger - INFO - Finished execution of 'is_article_saved' in 0.0000 seconds.
2026-03-12 14:40:22,273 - PipelineLogger - INFO - Starting execution of 'is_article_saved'
2026-03-12 14:40:22,273 - PipelineLogger - INFO - Finished execution of 'is_article_saved' in 0.0000 seconds.
2026-03-12 14:40:22,273 - PipelineLogger - INFO - Starting execution of 'is_article_saved'
2026-03-12 14:40:22,273 - PipelineLogger - INFO - Finished execution of 'is_article_saved' in 0.0001 seconds.
2026-03-12 14:40:22,274 - PipelineLogger - INFO - Starting execution of 'is_article_saved'
2026-03-12 14:40:22,274 - PipelineLogger - INFO - Finished execution of 'is_article_saved' in 0.0001 seconds.
2026-03-12 14:40:22,666 - PipelineLogger - INFO - Starting execution of 'is_article_saved'
2026-03-12 14:40:22,676 - PipelineLogger - INFO - Finished execution of 'is_article_saved' in 0.0097 seconds.
2026-03-12 14:40:22,676 - PipelineLogger - INFO - Starting execution of 'is_article_saved'
2026-03-12 14:40:22,677 - PipelineLogger - INFO - Finished execution of 'is_article_saved' in 0.0003 seconds.
2026-03-12 14:40:22,677 - PipelineLogger - INFO - Starting execution of 'is_article_saved'
2026-03-12 14:40:22,677 - PipelineLogger - INFO - Finished execution of 'is_article_saved' in 0.0002 seconds.
2026-03-12 14:40:22,677 - PipelineLogger - INFO - Starting execution of 'is_article_saved'
2026-03-12 14:40:22,677 - PipelineLogger - INFO - Finished execution of 'is_article_saved' in 0.0001 seconds.
2026-03-12 14:40:22,677 - PipelineLogger - INFO - Starting execution of 'is_article_saved'
2026-03-12 14:40:22,677 - PipelineLogger - INFO - Finished execution of 'is_article_saved' in 0.0001 seconds.
2026-03-12 14:40:22,677 - PipelineLogger - INFO - Starting execution of 'is_article_saved'
2026-03-12 14:40:22,678 - PipelineLogger - INFO - Finished execution of 'is_article_saved' in 0.0001 seconds.
2026-03-12 14:40:22,678 - PipelineLogger - INFO - Starting execution of 'is_article_saved'
2026-03-12 14:40:22,678 - PipelineLogger - INFO - Finished execution of 'is_article_saved' in 0.0001 seconds.
2026-03-12 14:40:22,678 - PipelineLogger - INFO - Starting execution of 'is_article_saved'
2026-03-12 14:40:22,678 - PipelineLogger - INFO - Finished execution of 'is_article_saved' in 0.0002 seconds.
2026-03-12 14:40:22,678 - PipelineLogger - INFO - Starting execution of 'is_article_saved'
2026-03-12 14:40:22,679 - PipelineLogger - INFO - Finished execution of 'is_article_saved' in 0.0001 seconds.
2026-03-12 14:40:22,679 - PipelineLogger - INFO - Starting execution of 'is_article_saved'
2026-03-12 14:40:22,679 - PipelineLogger - INFO - Finished execution of 'is_article_saved' in 0.0001 seconds.
2026-03-12 14:40:22,679 - PipelineLogger - INFO - Starting execution of 'is_article_saved'
2026-03-12 14:40:22,679 - PipelineLogger - INFO - Finished execution of 'is_article_saved' in 0.0001 seconds.
2026-03-12 14:40:22,679 - PipelineLogger - INFO - Starting execution of 'is_article_saved'
2026-03-12 14:40:22,679 - PipelineLogger - INFO - Finished execution of 'is_article_saved' in 0.0001 seconds.
2026-03-12 14:40:22,679 - PipelineLogger - INFO - Starting execution of 'is_article_saved'
2026-03-12 14:40:22,679 - PipelineLogger - INFO - Finished execution of 'is_article_saved' in 0.0001 seconds.
2026-03-12 14:40:22,679 - PipelineLogger - INFO - Starting execution of 'is_article_saved'
2026-03-12 14:40:22,680 - PipelineLogger - INFO - Finished execution of 'is_article_saved' in 0.0001 seconds.
2026-03-12 14:40:22,680 - PipelineLogger - INFO - Starting execution of 'is_article_saved'
2026-03-12 14:40:22,680 - PipelineLogger - INFO - Finished execution of 'is_article_saved' in 0.0001 seconds.
2026-03-12 14:40:23,817 - PipelineLogger - INFO - Starting execution of 'is_article_saved'
2026-03-12 14:40:23,827 - PipelineLogger - INFO - Finished execution of 'is_article_saved' in 0.0095 seconds.
2026-03-12 14:40:23,827 - PipelineLogger - INFO - Starting execution of 'is_article_saved'
2026-03-12 14:40:23,827 - PipelineLogger - INFO - Finished execution of 'is_article_saved' in 0.0002 seconds.
2026-03-12 14:40:23,827 - PipelineLogger - INFO - Starting execution of 'is_article_saved'
2026-03-12 14:40:23,827 - PipelineLogger - INFO - Finished execution of 'is_article_saved' in 0.0001 seconds.
2026-03-12 14:40:24,575 - PipelineLogger - INFO - Starting execution of 'is_article_saved'
2026-03-12 14:40:24,576 - PipelineLogger - INFO - Finished execution of 'is_article_saved' in 0.0002 seconds.
2026-03-12 14:40:25,272 - PipelineLogger - INFO - Starting execution of 'is_article_saved'
2026-03-12 14:40:25,272 - PipelineLogger - INFO - Finished execution of 'is_article_saved' in 0.0002 seconds.
2026-03-12 14:40:27,408 - PipelineLogger - INFO - Starting execution of 'is_article_saved'
2026-03-12 14:40:27,409 - PipelineLogger - INFO - Finished execution of 'is_article_saved' in 0.0002 seconds.
2026-03-12 14:40:28,427 - PipelineLogger - INFO - Starting execution of 'is_article_saved'
2026-03-12 14:40:28,428 - PipelineLogger - INFO - Finished execution of 'is_article_saved' in 0.0002 seconds.
2026-03-12 14:40:30,536 - PipelineLogger - INFO - Starting execution of 'is_article_saved'
2026-03-12 14:40:30,537 - PipelineLogger - INFO - Finished execution of 'is_article_saved' in 0.0002 seconds.
2026-03-12 14:40:31,460 - PipelineLogger - INFO - Starting execution of 'is_article_saved'
2026-03-12 14:40:31,460 - PipelineLogger - INFO - Finished execution of 'is_article_saved' in 0.0002 seconds.
2026-03-12 14:40:32,352 - PipelineLogger - INFO - Starting execution of 'is_article_saved'
2026-03-12 14:40:32,352 - PipelineLogger - INFO - Finished execution of 'is_article_saved' in 0.0002 seconds.
2026-03-12 14:40:33,588 - PipelineLogger - INFO - Starting execution of 'is_article_saved'
2026-03-12 14:40:33,589 - PipelineLogger - INFO - Finished execution of 'is_article_saved' in 0.0002 seconds.
2026-03-12 14:40:34,633 - PipelineLogger - INFO - Starting execution of 'is_article_saved'
2026-03-12 14:40:34,633 - PipelineLogger - INFO - Finished execution of 'is_article_saved' in 0.0003 seconds.
2026-03-12 14:40:35,590 - PipelineLogger - INFO - Starting execution of 'is_article_saved'
2026-03-12 14:40:35,591 - PipelineLogger - INFO - Finished execution of 'is_article_saved' in 0.0001 seconds.
2026-03-12 14:40:35,591 - PipelineLogger - INFO - Starting execution of 'is_article_saved'
2026-03-12 14:40:35,591 - PipelineLogger - INFO - Finished execution of 'is_article_saved' in 0.0001 seconds.
2026-03-12 14:40:37,088 - PipelineLogger - INFO - Starting execution of 'is_article_saved'
2026-03-12 14:40:37,089 - PipelineLogger - INFO - Finished execution of 'is_article_saved' in 0.0002 seconds.
2026-03-12 14:40:49,855 - PipelineLogger - INFO - Starting execution of 'is_article_saved'
2026-03-12 14:40:49,865 - PipelineLogger - INFO - Finished execution of 'is_article_saved' in 0.0098 seconds.
2026-03-12 14:40:49,865 - PipelineLogger - INFO - Starting execution of 'is_article_saved'
2026-03-12 14:40:49,865 - PipelineLogger - INFO - Finished execution of 'is_article_saved' in 0.0002 seconds.
2026-03-12 14:40:49,865 - PipelineLogger - INFO - Starting execution of 'is_article_saved'
2026-03-12 14:40:49,866 - PipelineLogger - INFO - Finished execution of 'is_article_saved' in 0.0002 seconds.
2026-03-12 14:40:49,866 - PipelineLogger - INFO - Starting execution of 'is_article_saved'
2026-03-12 14:40:49,866 - PipelineLogger - INFO - Finished execution of 'is_article_saved' in 0.0001 seconds.
2026-03-12 14:40:49,866 - PipelineLogger - INFO - Starting execution of 'is_article_saved'
2026-03-12 14:40:49,866 - PipelineLogger - INFO - Finished execution of 'is_article_saved' in 0.0001 seconds.
2026-03-12 14:40:49,866 - PipelineLogger - INFO - Starting execution of 'is_article_saved'
2026-03-12 14:40:49,866 - PipelineLogger - INFO - Finished execution of 'is_article_saved' in 0.0001 seconds.
2026-03-12 14:40:50,236 - PipelineLogger - INFO - Starting execution of 'is_article_saved'
2026-03-12 14:40:50,246 - PipelineLogger - INFO - Finished execution of 'is_article_saved' in 0.0095 seconds.
2026-03-12 14:40:50,246 - PipelineLogger - INFO - Starting execution of 'is_article_saved'
2026-03-12 14:40:50,246 - PipelineLogger - INFO - Finished execution of 'is_article_saved' in 0.0002 seconds.
2026-03-12 14:40:50,850 - PipelineLogger - INFO - Starting execution of 'is_article_saved'
2026-03-12 14:40:50,859 - PipelineLogger - INFO - Finished execution of 'is_article_saved' in 0.0097 seconds.
2026-03-12 14:40:50,860 - PipelineLogger - INFO - Starting execution of 'is_article_saved'
2026-03-12 14:40:50,860 - PipelineLogger - INFO - Finished execution of 'is_article_saved' in 0.0003 seconds.
2026-03-12 14:40:51,389 - PipelineLogger - INFO - Starting execution of 'is_article_saved'
2026-03-12 14:40:51,389 - PipelineLogger - INFO - Finished execution of 'is_article_saved' in 0.0002 seconds.
2026-03-12 14:40:51,389 - PipelineLogger - INFO - Starting execution of 'is_article_saved'
2026-03-12 14:40:51,389 - PipelineLogger - INFO - Finished execution of 'is_article_saved' in 0.0001 seconds.
2026-03-12 14:40:52,720 - PipelineLogger - INFO - Starting execution of 'is_article_saved'
2026-03-12 14:40:52,720 - PipelineLogger - INFO - Finished execution of 'is_article_saved' in 0.0002 seconds.
2026-03-12 14:40:53,348 - PipelineLogger - INFO - Starting execution of 'is_article_saved'
2026-03-12 14:40:53,358 - PipelineLogger - INFO - Finished execution of 'is_article_saved' in 0.0097 seconds.
2026-03-12 14:40:53,358 - PipelineLogger - INFO - Starting execution of 'is_article_saved'
2026-03-12 14:40:53,359 - PipelineLogger - INFO - Finished execution of 'is_article_saved' in 0.0002 seconds.
2026-03-12 14:40:53,916 - PipelineLogger - INFO - Starting execution of 'is_article_saved'
2026-03-12 14:40:53,916 - PipelineLogger - INFO - Finished execution of 'is_article_saved' in 0.0003 seconds.
2026-03-12 14:40:53,916 - PipelineLogger - INFO - Starting execution of 'is_article_saved'
2026-03-12 14:40:53,916 - PipelineLogger - INFO - Finished execution of 'is_article_saved' in 0.0001 seconds.
2026-03-12 14:40:55,085 - PipelineLogger - INFO - Starting execution of 'is_article_saved'
2026-03-12 14:40:55,085 - PipelineLogger - INFO - Finished execution of 'is_article_saved' in 0.0002 seconds.
2026-03-12 14:40:55,085 - PipelineLogger - INFO - Starting execution of 'is_article_saved'
2026-03-12 14:40:55,085 - PipelineLogger - INFO - Finished execution of 'is_article_saved' in 0.0001 seconds.
2026-03-12 14:40:55,645 - PipelineLogger - INFO - Starting execution of 'is_article_saved'
2026-03-12 14:40:55,645 - PipelineLogger - INFO - Finished execution of 'is_article_saved' in 0.0002 seconds.
2026-03-12 14:40:56,481 - PipelineLogger - INFO - Starting execution of 'is_article_saved'
2026-03-12 14:40:56,481 - PipelineLogger - INFO - Finished execution of 'is_article_saved' in 0.0002 seconds.
2026-03-12 14:40:57,086 - PipelineLogger - INFO - Finished execution of 'fetch_rss_news' in 50.9319 seconds.
2026-03-12 14:40:57,086 - PipelineLogger - INFO - Starting execution of 'fetch_newsapi_news'
2026-03-12 14:40:57,445 - PipelineLogger - INFO - Starting execution of 'is_article_saved'
2026-03-12 14:40:57,455 - PipelineLogger - INFO - Finished execution of 'is_article_saved' in 0.0098 seconds.
2026-03-12 14:40:57,544 - PipelineLogger - INFO - Starting execution of 'is_article_saved'
2026-03-12 14:40:57,545 - PipelineLogger - INFO - Finished execution of 'is_article_saved' in 0.0006 seconds.
2026-03-12 14:40:58,053 - PipelineLogger - INFO - Starting execution of 'is_article_saved'
2026-03-12 14:40:58,054 - PipelineLogger - INFO - Finished execution of 'is_article_saved' in 0.0002 seconds.
2026-03-12 14:40:58,237 - PipelineLogger - INFO - Starting execution of 'is_article_saved'
2026-03-12 14:40:58,237 - PipelineLogger - INFO - Finished execution of 'is_article_saved' in 0.0002 seconds.
2026-03-12 14:40:58,858 - PipelineLogger - INFO - Starting execution of 'is_article_saved'
2026-03-12 14:40:58,858 - PipelineLogger - INFO - Finished execution of 'is_article_saved' in 0.0002 seconds.
2026-03-12 14:41:00,457 - PipelineLogger - INFO - Starting execution of 'is_article_saved'
2026-03-12 14:41:00,458 - PipelineLogger - INFO - Finished execution of 'is_article_saved' in 0.0002 seconds.
2026-03-12 14:41:00,558 - PipelineLogger - INFO - Starting execution of 'is_article_saved'
2026-03-12 14:41:00,568 - PipelineLogger - INFO - Finished execution of 'is_article_saved' in 0.0097 seconds.
2026-03-12 14:41:01,573 - PipelineLogger - INFO - Starting execution of 'is_article_saved'
2026-03-12 14:41:01,573 - PipelineLogger - INFO - Finished execution of 'is_article_saved' in 0.0002 seconds.
2026-03-12 14:41:01,718 - PipelineLogger - INFO - Starting execution of 'is_article_saved'
2026-03-12 14:41:01,719 - PipelineLogger - INFO - Finished execution of 'is_article_saved' in 0.0003 seconds.
2026-03-12 14:41:02,428 - PipelineLogger - INFO - Starting execution of 'is_article_saved'
2026-03-12 14:41:02,429 - PipelineLogger - INFO - Finished execution of 'is_article_saved' in 0.0004 seconds.
2026-03-12 14:41:03,455 - PipelineLogger - INFO - Starting execution of 'is_article_saved'
2026-03-12 14:41:03,455 - PipelineLogger - INFO - Finished execution of 'is_article_saved' in 0.0002 seconds.
2026-03-12 14:41:03,498 - PipelineLogger - INFO - Starting execution of 'is_article_saved'
2026-03-12 14:41:03,499 - PipelineLogger - INFO - Finished execution of 'is_article_saved' in 0.0002 seconds.
2026-03-12 14:41:03,540 - PipelineLogger - INFO - Starting execution of 'is_article_saved'
2026-03-12 14:41:03,540 - PipelineLogger - INFO - Finished execution of 'is_article_saved' in 0.0002 seconds.
2026-03-12 14:41:03,614 - PipelineLogger - INFO - Starting execution of 'is_article_saved'
2026-03-12 14:41:03,615 - PipelineLogger - INFO - Finished execution of 'is_article_saved' in 0.0002 seconds.
2026-03-12 14:41:04,293 - PipelineLogger - INFO - Starting execution of 'is_article_saved'
2026-03-12 14:41:04,293 - PipelineLogger - INFO - Finished execution of 'is_article_saved' in 0.0002 seconds.
2026-03-12 14:41:04,542 - PipelineLogger - INFO - Starting execution of 'is_article_saved'
2026-03-12 14:41:04,542 - PipelineLogger - INFO - Finished execution of 'is_article_saved' in 0.0002 seconds.
2026-03-12 14:41:04,722 - PipelineLogger - INFO - Starting execution of 'is_article_saved'
2026-03-12 14:41:04,723 - PipelineLogger - INFO - Finished execution of 'is_article_saved' in 0.0002 seconds.
2026-03-12 14:41:05,732 - PipelineLogger - INFO - Starting execution of 'is_article_saved'
2026-03-12 14:41:05,732 - PipelineLogger - INFO - Finished execution of 'is_article_saved' in 0.0003 seconds.
2026-03-12 14:41:05,818 - PipelineLogger - INFO - Starting execution of 'is_article_saved'
2026-03-12 14:41:05,827 - PipelineLogger - INFO - Finished execution of 'is_article_saved' in 0.0095 seconds.
2026-03-12 14:41:07,007 - PipelineLogger - INFO - Starting execution of 'is_article_saved'
2026-03-12 14:41:07,007 - PipelineLogger - INFO - Finished execution of 'is_article_saved' in 0.0002 seconds.
2026-03-12 14:41:08,830 - PipelineLogger - INFO - Starting execution of 'is_article_saved'
2026-03-12 14:41:08,830 - PipelineLogger - INFO - Finished execution of 'is_article_saved' in 0.0002 seconds.
2026-03-12 14:41:08,964 - PipelineLogger - INFO - Starting execution of 'is_article_saved'
2026-03-12 14:41:08,973 - PipelineLogger - INFO - Finished execution of 'is_article_saved' in 0.0096 seconds.
2026-03-12 14:41:10,083 - PipelineLogger - INFO - Starting execution of 'is_article_saved'
2026-03-12 14:41:10,083 - PipelineLogger - INFO - Finished execution of 'is_article_saved' in 0.0003 seconds.
2026-03-12 14:41:10,470 - PipelineLogger - INFO - Starting execution of 'is_article_saved'
2026-03-12 14:41:10,470 - PipelineLogger - INFO - Finished execution of 'is_article_saved' in 0.0002 seconds.
2026-03-12 14:41:11,364 - PipelineLogger - INFO - Starting execution of 'is_article_saved'
2026-03-12 14:41:11,364 - PipelineLogger - INFO - Finished execution of 'is_article_saved' in 0.0002 seconds.
2026-03-12 14:41:12,025 - PipelineLogger - INFO - Starting execution of 'is_article_saved'
2026-03-12 14:41:12,025 - PipelineLogger - INFO - Finished execution of 'is_article_saved' in 0.0004 seconds.
2026-03-12 14:41:12,281 - PipelineLogger - INFO - Starting execution of 'is_article_saved'
2026-03-12 14:41:12,281 - PipelineLogger - INFO - Finished execution of 'is_article_saved' in 0.0001 seconds.
2026-03-12 14:41:12,333 - PipelineLogger - INFO - Starting execution of 'is_article_saved'
2026-03-12 14:41:12,334 - PipelineLogger - INFO - Finished execution of 'is_article_saved' in 0.0004 seconds.
2026-03-12 14:41:12,549 - PipelineLogger - INFO - Starting execution of 'is_article_saved'
2026-03-12 14:41:12,550 - PipelineLogger - INFO - Finished execution of 'is_article_saved' in 0.0002 seconds.
2026-03-12 14:41:12,677 - PipelineLogger - INFO - Starting execution of 'is_article_saved'
2026-03-12 14:41:12,678 - PipelineLogger - INFO - Finished execution of 'is_article_saved' in 0.0002 seconds.
2026-03-12 14:41:12,678 - PipelineLogger - INFO - Starting execution of 'is_article_saved'
2026-03-12 14:41:12,679 - PipelineLogger - INFO - Finished execution of 'is_article_saved' in 0.0001 seconds.
2026-03-12 14:41:12,823 - PipelineLogger - INFO - Starting execution of 'is_article_saved'
2026-03-12 14:41:12,823 - PipelineLogger - INFO - Finished execution of 'is_article_saved' in 0.0002 seconds.
2026-03-12 14:41:13,516 - PipelineLogger - INFO - Starting execution of 'is_article_saved'
2026-03-12 14:41:13,516 - PipelineLogger - INFO - Finished execution of 'is_article_saved' in 0.0004 seconds.
2026-03-12 14:41:14,928 - PipelineLogger - INFO - Starting execution of 'is_article_saved'
2026-03-12 14:41:14,928 - PipelineLogger - INFO - Finished execution of 'is_article_saved' in 0.0002 seconds.
2026-03-12 14:41:15,167 - PipelineLogger - INFO - Starting execution of 'is_article_saved'
2026-03-12 14:41:15,168 - PipelineLogger - INFO - Finished execution of 'is_article_saved' in 0.0002 seconds.
2026-03-12 14:41:16,277 - PipelineLogger - INFO - Starting execution of 'is_article_saved'
2026-03-12 14:41:16,277 - PipelineLogger - INFO - Finished execution of 'is_article_saved' in 0.0003 seconds.
2026-03-12 14:41:17,668 - PipelineLogger - INFO - Starting execution of 'is_article_saved'
2026-03-12 14:41:17,668 - PipelineLogger - INFO - Finished execution of 'is_article_saved' in 0.0002 seconds.
2026-03-12 14:41:17,940 - PipelineLogger - INFO - Starting execution of 'is_article_saved'
2026-03-12 14:41:17,940 - PipelineLogger - INFO - Finished execution of 'is_article_saved' in 0.0002 seconds.
2026-03-12 14:41:18,481 - PipelineLogger - INFO - Starting execution of 'is_article_saved'
2026-03-12 14:41:18,481 - PipelineLogger - INFO - Finished execution of 'is_article_saved' in 0.0002 seconds.
2026-03-12 14:41:19,089 - PipelineLogger - INFO - Starting execution of 'is_article_saved'
2026-03-12 14:41:19,090 - PipelineLogger - INFO - Finished execution of 'is_article_saved' in 0.0002 seconds.
2026-03-12 14:41:19,090 - PipelineLogger - INFO - Starting execution of 'is_article_saved'
2026-03-12 14:41:19,091 - PipelineLogger - INFO - Finished execution of 'is_article_saved' in 0.0001 seconds.
2026-03-12 14:41:20,149 - PipelineLogger - INFO - Starting execution of 'is_article_saved'
2026-03-12 14:41:20,149 - PipelineLogger - INFO - Finished execution of 'is_article_saved' in 0.0002 seconds.
2026-03-12 14:41:20,509 - PipelineLogger - INFO - Starting execution of 'is_article_saved'
2026-03-12 14:41:20,510 - PipelineLogger - INFO - Finished execution of 'is_article_saved' in 0.0004 seconds.
2026-03-12 14:41:20,611 - PipelineLogger - INFO - Starting execution of 'is_article_saved'
2026-03-12 14:41:20,611 - PipelineLogger - INFO - Finished execution of 'is_article_saved' in 0.0002 seconds.
2026-03-12 14:41:20,886 - PipelineLogger - INFO - Starting execution of 'is_article_saved'
2026-03-12 14:41:20,886 - PipelineLogger - INFO - Finished execution of 'is_article_saved' in 0.0002 seconds.
2026-03-12 14:41:24,156 - PipelineLogger - INFO - Starting execution of 'is_article_saved'
2026-03-12 14:41:24,157 - PipelineLogger - INFO - Finished execution of 'is_article_saved' in 0.0002 seconds.
2026-03-12 14:41:25,881 - PipelineLogger - INFO - Starting execution of 'is_article_saved'
2026-03-12 14:41:25,882 - PipelineLogger - INFO - Finished execution of 'is_article_saved' in 0.0002 seconds.
2026-03-12 14:41:25,882 - PipelineLogger - INFO - Starting execution of 'is_article_saved'
2026-03-12 14:41:25,883 - PipelineLogger - INFO - Finished execution of 'is_article_saved' in 0.0001 seconds.
2026-03-12 14:41:26,907 - PipelineLogger - INFO - Starting execution of 'is_article_saved'
2026-03-12 14:41:26,907 - PipelineLogger - INFO - Finished execution of 'is_article_saved' in 0.0002 seconds.
2026-03-12 14:41:27,049 - PipelineLogger - INFO - Starting execution of 'is_article_saved'
2026-03-12 14:41:27,050 - PipelineLogger - INFO - Finished execution of 'is_article_saved' in 0.0002 seconds.
2026-03-12 14:41:27,415 - PipelineLogger - INFO - Starting execution of 'is_article_saved'
2026-03-12 14:41:27,416 - PipelineLogger - INFO - Finished execution of 'is_article_saved' in 0.0002 seconds.
2026-03-12 14:41:27,893 - PipelineLogger - INFO - Starting execution of 'is_article_saved'
2026-03-12 14:41:27,893 - PipelineLogger - INFO - Finished execution of 'is_article_saved' in 0.0002 seconds.
2026-03-12 14:41:29,080 - PipelineLogger - INFO - Starting execution of 'is_article_saved'
2026-03-12 14:41:29,081 - PipelineLogger - INFO - Finished execution of 'is_article_saved' in 0.0004 seconds.
2026-03-12 14:41:29,211 - PipelineLogger - INFO - Starting execution of 'is_article_saved'
2026-03-12 14:41:29,211 - PipelineLogger - INFO - Finished execution of 'is_article_saved' in 0.0002 seconds.
2026-03-12 14:41:29,290 - PipelineLogger - INFO - Starting execution of 'is_article_saved'
2026-03-12 14:41:29,299 - PipelineLogger - INFO - Finished execution of 'is_article_saved' in 0.0095 seconds.
2026-03-12 14:41:29,668 - PipelineLogger - INFO - Starting execution of 'is_article_saved'
2026-03-12 14:41:29,668 - PipelineLogger - INFO - Finished execution of 'is_article_saved' in 0.0002 seconds.
2026-03-12 14:41:29,719 - PipelineLogger - INFO - Starting execution of 'is_article_saved'
2026-03-12 14:41:29,720 - PipelineLogger - INFO - Finished execution of 'is_article_saved' in 0.0004 seconds.
2026-03-12 14:41:30,596 - PipelineLogger - INFO - Starting execution of 'is_article_saved'
2026-03-12 14:41:30,597 - PipelineLogger - INFO - Finished execution of 'is_article_saved' in 0.0002 seconds.
2026-03-12 14:41:32,194 - PipelineLogger - INFO - Starting execution of 'is_article_saved'
2026-03-12 14:41:32,194 - PipelineLogger - INFO - Finished execution of 'is_article_saved' in 0.0002 seconds.
2026-03-12 14:41:34,919 - PipelineLogger - INFO - Starting execution of 'is_article_saved'
2026-03-12 14:41:34,920 - PipelineLogger - INFO - Finished execution of 'is_article_saved' in 0.0002 seconds.
2026-03-12 14:41:35,544 - PipelineLogger - INFO - Starting execution of 'is_article_saved'
2026-03-12 14:41:35,544 - PipelineLogger - INFO - Finished execution of 'is_article_saved' in 0.0002 seconds.
2026-03-12 14:41:35,863 - PipelineLogger - INFO - Starting execution of 'is_article_saved'
2026-03-12 14:41:35,864 - PipelineLogger - INFO - Finished execution of 'is_article_saved' in 0.0004 seconds.
2026-03-12 14:41:36,131 - PipelineLogger - INFO - Starting execution of 'is_article_saved'
2026-03-12 14:41:36,132 - PipelineLogger - INFO - Finished execution of 'is_article_saved' in 0.0002 seconds.
2026-03-12 14:41:36,187 - PipelineLogger - INFO - Starting execution of 'is_article_saved'
2026-03-12 14:41:36,187 - PipelineLogger - INFO - Finished execution of 'is_article_saved' in 0.0004 seconds.
2026-03-12 14:41:36,271 - PipelineLogger - INFO - Starting execution of 'is_article_saved'
2026-03-12 14:41:36,272 - PipelineLogger - INFO - Finished execution of 'is_article_saved' in 0.0002 seconds.
2026-03-12 14:41:38,819 - PipelineLogger - INFO - Starting execution of 'is_article_saved'
2026-03-12 14:41:38,820 - PipelineLogger - INFO - Finished execution of 'is_article_saved' in 0.0002 seconds.
2026-03-12 14:41:38,821 - PipelineLogger - INFO - Starting execution of 'is_article_saved'
2026-03-12 14:41:38,821 - PipelineLogger - INFO - Finished execution of 'is_article_saved' in 0.0001 seconds.
2026-03-12 14:41:38,976 - PipelineLogger - INFO - Starting execution of 'is_article_saved'
2026-03-12 14:41:38,976 - PipelineLogger - INFO - Finished execution of 'is_article_saved' in 0.0002 seconds.
2026-03-12 14:41:39,722 - PipelineLogger - INFO - Starting execution of 'is_article_saved'
2026-03-12 14:41:39,722 - PipelineLogger - INFO - Finished execution of 'is_article_saved' in 0.0002 seconds.
2026-03-12 14:41:40,673 - PipelineLogger - INFO - Starting execution of 'is_article_saved'
2026-03-12 14:41:40,673 - PipelineLogger - INFO - Finished execution of 'is_article_saved' in 0.0004 seconds.
2026-03-12 14:41:41,125 - PipelineLogger - INFO - Starting execution of 'is_article_saved'
2026-03-12 14:41:41,125 - PipelineLogger - INFO - Finished execution of 'is_article_saved' in 0.0002 seconds.
2026-03-12 14:41:42,095 - PipelineLogger - INFO - Starting execution of 'is_article_saved'
2026-03-12 14:41:42,095 - PipelineLogger - INFO - Finished execution of 'is_article_saved' in 0.0002 seconds.
2026-03-12 14:41:43,080 - PipelineLogger - INFO - Starting execution of 'is_article_saved'
2026-03-12 14:41:43,080 - PipelineLogger - INFO - Finished execution of 'is_article_saved' in 0.0002 seconds.
2026-03-12 14:41:43,974 - PipelineLogger - INFO - Starting execution of 'is_article_saved'
2026-03-12 14:41:43,984 - PipelineLogger - INFO - Finished execution of 'is_article_saved' in 0.0097 seconds.
2026-03-12 14:41:44,193 - PipelineLogger - INFO - Starting execution of 'is_article_saved'
2026-03-12 14:41:44,193 - PipelineLogger - INFO - Finished execution of 'is_article_saved' in 0.0002 seconds.
2026-03-12 14:41:44,733 - PipelineLogger - INFO - Starting execution of 'is_article_saved'
2026-03-12 14:41:44,733 - PipelineLogger - INFO - Finished execution of 'is_article_saved' in 0.0002 seconds.
2026-03-12 14:41:45,312 - PipelineLogger - INFO - Starting execution of 'is_article_saved'
2026-03-12 14:41:45,321 - PipelineLogger - INFO - Finished execution of 'is_article_saved' in 0.0097 seconds.
2026-03-12 14:41:46,970 - PipelineLogger - INFO - Starting execution of 'is_article_saved'
2026-03-12 14:41:46,970 - PipelineLogger - INFO - Finished execution of 'is_article_saved' in 0.0002 seconds.
2026-03-12 14:41:48,524 - PipelineLogger - INFO - Starting execution of 'is_article_saved'
2026-03-12 14:41:48,525 - PipelineLogger - INFO - Finished execution of 'is_article_saved' in 0.0003 seconds.
2026-03-12 14:41:49,100 - PipelineLogger - INFO - Starting execution of 'is_article_saved'
2026-03-12 14:41:49,100 - PipelineLogger - INFO - Finished execution of 'is_article_saved' in 0.0002 seconds.
2026-03-12 14:41:49,377 - PipelineLogger - INFO - Starting execution of 'is_article_saved'
2026-03-12 14:41:49,377 - PipelineLogger - INFO - Finished execution of 'is_article_saved' in 0.0002 seconds.
2026-03-12 14:41:49,471 - PipelineLogger - INFO - Starting execution of 'is_article_saved'
2026-03-12 14:41:49,471 - PipelineLogger - INFO - Finished execution of 'is_article_saved' in 0.0001 seconds.
2026-03-12 14:41:50,603 - PipelineLogger - INFO - Starting execution of 'is_article_saved'
2026-03-12 14:41:50,603 - PipelineLogger - INFO - Finished execution of 'is_article_saved' in 0.0002 seconds.
2026-03-12 14:41:51,117 - PipelineLogger - INFO - Starting execution of 'is_article_saved'
2026-03-12 14:41:51,118 - PipelineLogger - INFO - Finished execution of 'is_article_saved' in 0.0002 seconds.
2026-03-12 14:41:51,173 - PipelineLogger - INFO - Starting execution of 'is_article_saved'
2026-03-12 14:41:51,174 - PipelineLogger - INFO - Finished execution of 'is_article_saved' in 0.0002 seconds.
2026-03-12 14:41:51,668 - PipelineLogger - INFO - Starting execution of 'is_article_saved'
2026-03-12 14:41:51,678 - PipelineLogger - INFO - Finished execution of 'is_article_saved' in 0.0096 seconds.
2026-03-12 14:41:52,275 - PipelineLogger - INFO - Starting execution of 'is_article_saved'
2026-03-12 14:41:52,276 - PipelineLogger - INFO - Finished execution of 'is_article_saved' in 0.0002 seconds.
2026-03-12 14:41:54,454 - PipelineLogger - INFO - Starting execution of 'is_article_saved'
2026-03-12 14:41:54,454 - PipelineLogger - INFO - Finished execution of 'is_article_saved' in 0.0002 seconds.
2026-03-12 14:41:55,378 - PipelineLogger - INFO - Starting execution of 'is_article_saved'
2026-03-12 14:41:55,378 - PipelineLogger - INFO - Finished execution of 'is_article_saved' in 0.0002 seconds.
2026-03-12 14:41:56,141 - PipelineLogger - INFO - Starting execution of 'is_article_saved'
2026-03-12 14:41:56,142 - PipelineLogger - INFO - Finished execution of 'is_article_saved' in 0.0002 seconds.
2026-03-12 14:41:57,828 - PipelineLogger - INFO - Starting execution of 'is_article_saved'
2026-03-12 14:41:57,829 - PipelineLogger - INFO - Finished execution of 'is_article_saved' in 0.0002 seconds.
2026-03-12 14:41:58,528 - PipelineLogger - INFO - Starting execution of 'is_article_saved'
2026-03-12 14:41:58,528 - PipelineLogger - INFO - Finished execution of 'is_article_saved' in 0.0002 seconds.
2026-03-12 14:42:00,240 - PipelineLogger - INFO - Starting execution of 'is_article_saved'
2026-03-12 14:42:00,240 - PipelineLogger - INFO - Finished execution of 'is_article_saved' in 0.0002 seconds.
2026-03-12 14:42:00,940 - PipelineLogger - INFO - Starting execution of 'is_article_saved'
2026-03-12 14:42:00,941 - PipelineLogger - INFO - Finished execution of 'is_article_saved' in 0.0002 seconds.
2026-03-12 14:42:02,048 - PipelineLogger - INFO - Starting execution of 'is_article_saved'
2026-03-12 14:42:02,048 - PipelineLogger - INFO - Finished execution of 'is_article_saved' in 0.0002 seconds.
2026-03-12 14:42:02,262 - PipelineLogger - INFO - Starting execution of 'is_article_saved'
2026-03-12 14:42:02,263 - PipelineLogger - INFO - Finished execution of 'is_article_saved' in 0.0002 seconds.
2026-03-12 14:42:04,482 - PipelineLogger - INFO - Starting execution of 'is_article_saved'
2026-03-12 14:42:04,482 - PipelineLogger - INFO - Finished execution of 'is_article_saved' in 0.0004 seconds.
2026-03-12 14:42:04,698 - PipelineLogger - INFO - Starting execution of 'is_article_saved'
2026-03-12 14:42:04,698 - PipelineLogger - INFO - Finished execution of 'is_article_saved' in 0.0001 seconds.
2026-03-12 14:42:04,810 - PipelineLogger - INFO - Starting execution of 'is_article_saved'
2026-03-12 14:42:04,810 - PipelineLogger - INFO - Finished execution of 'is_article_saved' in 0.0002 seconds.
2026-03-12 14:42:04,811 - PipelineLogger - INFO - Starting execution of 'is_article_saved'
2026-03-12 14:42:04,811 - PipelineLogger - INFO - Finished execution of 'is_article_saved' in 0.0001 seconds.
2026-03-12 14:42:04,965 - PipelineLogger - INFO - Starting execution of 'is_article_saved'
2026-03-12 14:42:04,965 - PipelineLogger - INFO - Finished execution of 'is_article_saved' in 0.0002 seconds.
2026-03-12 14:42:05,333 - PipelineLogger - INFO - Starting execution of 'is_article_saved'
2026-03-12 14:42:05,333 - PipelineLogger - INFO - Finished execution of 'is_article_saved' in 0.0002 seconds.
2026-03-12 14:42:06,332 - PipelineLogger - INFO - Starting execution of 'is_article_saved'
2026-03-12 14:42:06,332 - PipelineLogger - INFO - Finished execution of 'is_article_saved' in 0.0004 seconds.
2026-03-12 14:42:06,880 - PipelineLogger - INFO - Starting execution of 'is_article_saved'
2026-03-12 14:42:06,880 - PipelineLogger - INFO - Finished execution of 'is_article_saved' in 0.0002 seconds.
2026-03-12 14:42:07,132 - PipelineLogger - INFO - Starting execution of 'is_article_saved'
2026-03-12 14:42:07,132 - PipelineLogger - INFO - Finished execution of 'is_article_saved' in 0.0002 seconds.
2026-03-12 14:42:07,991 - PipelineLogger - INFO - Starting execution of 'is_article_saved'
2026-03-12 14:42:07,991 - PipelineLogger - INFO - Finished execution of 'is_article_saved' in 0.0002 seconds.
2026-03-12 14:42:09,576 - PipelineLogger - INFO - Starting execution of 'is_article_saved'
2026-03-12 14:42:09,577 - PipelineLogger - INFO - Finished execution of 'is_article_saved' in 0.0004 seconds.
2026-03-12 14:42:10,169 - PipelineLogger - INFO - Starting execution of 'is_article_saved'
2026-03-12 14:42:10,169 - PipelineLogger - INFO - Finished execution of 'is_article_saved' in 0.0002 seconds.
2026-03-12 14:42:12,302 - PipelineLogger - INFO - Starting execution of 'is_article_saved'
2026-03-12 14:42:12,303 - PipelineLogger - INFO - Finished execution of 'is_article_saved' in 0.0002 seconds.
2026-03-12 14:42:12,866 - PipelineLogger - INFO - Starting execution of 'is_article_saved'
2026-03-12 14:42:12,866 - PipelineLogger - INFO - Finished execution of 'is_article_saved' in 0.0002 seconds.
2026-03-12 14:42:13,127 - PipelineLogger - INFO - Starting execution of 'is_article_saved'
2026-03-12 14:42:13,127 - PipelineLogger - INFO - Finished execution of 'is_article_saved' in 0.0002 seconds.
2026-03-12 14:42:16,296 - PipelineLogger - INFO - Starting execution of 'is_article_saved'
2026-03-12 14:42:16,296 - PipelineLogger - INFO - Finished execution of 'is_article_saved' in 0.0002 seconds.
2026-03-12 14:42:17,441 - PipelineLogger - INFO - Starting execution of 'is_article_saved'
2026-03-12 14:42:17,451 - PipelineLogger - INFO - Finished execution of 'is_article_saved' in 0.0096 seconds.
2026-03-12 14:42:18,114 - PipelineLogger - INFO - Starting execution of 'is_article_saved'
2026-03-12 14:42:18,114 - PipelineLogger - INFO - Finished execution of 'is_article_saved' in 0.0002 seconds.
2026-03-12 14:42:20,214 - PipelineLogger - INFO - Finished execution of 'fetch_newsapi_news' in 83.1277 seconds.
2026-03-12 14:42:20,214 - PipelineLogger - INFO - Finished execution of 'scrape_all_sources' in 134.0599 seconds.
2026-03-12 14:42:20,214 - PipelineLogger - INFO - Extracted 173 relevant articles.
2026-03-12 14:42:20,214 - PipelineLogger - INFO - Saving articles to the database...
2026-03-12 14:42:20,214 - PipelineLogger - INFO - Starting execution of 'save_articles'
2026-03-12 14:42:20,233 - PipelineLogger - INFO - Finished execution of 'save_articles' in 0.0193 seconds.
2026-03-12 14:42:20,233 - PipelineLogger - INFO - Extracting data from database for analysis...
2026-03-12 14:42:20,233 - PipelineLogger - INFO - Starting execution of 'get_all_articles'
2026-03-12 14:42:20,242 - PipelineLogger - INFO - Finished execution of 'get_all_articles' in 0.0088 seconds.
2026-03-12 14:42:20,242 - PipelineLogger - INFO - Firing up the SQLite EDA module...
2026-03-12 14:42:20,242 - PipelineLogger - INFO - Starting execution of 'run_eda'
2026-03-12 14:42:20,242 - PipelineLogger - INFO - Generating EDA charts...
2026-03-12 14:42:20,388 - PipelineLogger - INFO - [EDA 1/13] Top sources...
2026-03-12 14:42:20,466 - PipelineLogger - INFO - [EDA 2/13] Keyword frequency...
2026-03-12 14:42:20,714 - PipelineLogger - INFO - [EDA 3/13] Timeline...
2026-03-12 14:42:20,805 - PipelineLogger - INFO - [EDA 4/13] Length distribution...
2026-03-12 14:42:20,915 - PipelineLogger - INFO - [EDA 5/13] Actor mentions...
2026-03-12 14:42:21,321 - PipelineLogger - INFO - [EDA 6/13] Conflict theaters...
2026-03-12 14:42:21,581 - PipelineLogger - INFO - [EDA 7/13] Actor co-occurrence heatmap...
2026-03-12 14:42:22,265 - PipelineLogger - INFO - [EDA 8/13] Escalation scores...
2026-03-12 14:42:22,544 - PipelineLogger - INFO - [EDA 9/13] Sentiment analysis...
2026-03-12 14:42:24,305 - PipelineLogger - INFO - [EDA 10/13] Source publication velocity...
2026-03-12 14:42:24,426 - PipelineLogger - INFO - [EDA 11/13] N-gram analysis...
2026-03-12 14:42:26,475 - PipelineLogger - INFO - [EDA 12/13] WW3 Threat Level...
2026-03-12 14:42:26,545 - PipelineLogger - INFO - [EDA 13/13] Weekly coverage heatmap...
2026-03-12 14:42:26,639 - PipelineLogger - INFO - EDA execution completed successfully.
2026-03-12 14:42:26,653 - PipelineLogger - INFO - Finished execution of 'run_eda' in 6.4107 seconds.
2026-03-12 14:42:26,653 - PipelineLogger - INFO - Running Statistical Analysis module...
2026-03-12 14:42:26,653 - PipelineLogger - INFO - Starting execution of 'run_statistical_analysis'
2026-03-12 14:42:26,654 - PipelineLogger - INFO - [STATS] Feature engineering...
2026-03-12 14:42:28,727 - PipelineLogger - INFO - [STATS 1/4] Descriptive statistics (skewness, kurtosis)...
2026-03-12 14:42:28,728 - PipelineLogger - INFO -   word_count: skew=6.8558  ex_kurt=61.1529
2026-03-12 14:42:28,728 - PipelineLogger - INFO -   escalation_score: skew=0.8837  ex_kurt=-0.7703
2026-03-12 14:42:28,729 - PipelineLogger - INFO -   sentiment_polarity: skew=0.7356  ex_kurt=-0.2288
2026-03-12 14:42:29,097 - PipelineLogger - INFO -   [STATS] Saved: stats_distributions.png
2026-03-12 14:42:29,097 - PipelineLogger - INFO - [STATS 2/4] Correlation and covariance matrices...
2026-03-12 14:42:29,295 - PipelineLogger - INFO -   [STATS] Saved: stats_correlation_matrices.png
2026-03-12 14:42:29,295 - PipelineLogger - INFO - [STATS 3/4] Zipf's Law analysis...
2026-03-12 14:42:29,421 - PipelineLogger - INFO -   Zipf slope=-0.5256, R²=0.9722
2026-03-12 14:42:29,762 - PipelineLogger - INFO -   [STATS] Saved: stats_zipf_distribution.png
2026-03-12 14:42:29,762 - PipelineLogger - INFO - [STATS 4a] OLS regression (statsmodels)...
2026-03-12 14:42:29,764 - PipelineLogger - INFO -   OLS: R²=0.4980  F=667.272  p=0.0000
2026-03-12 14:42:29,978 - PipelineLogger - INFO -   [STATS] Saved: stats_ols_regression.png
2026-03-12 14:42:29,978 - PipelineLogger - INFO - [STATS 4b/4] Hypothesis testing (Chi-Square, T-Test, ANOVA)...
2026-03-12 14:42:29,978 - PipelineLogger - INFO -   Running Test 1: Chi-Square (China vs. USA)...
2026-03-12 14:42:29,981 - PipelineLogger - INFO -     χ²=94.9320  p=0.000000  V=0.2654  → REJECT H0 — China and USA mentions are NOT independent in the news cycle
2026-03-12 14:42:29,981 - PipelineLogger - INFO -   Running Test 2: Welch's T-Test (Iran escalation)...
2026-03-12 14:42:29,983 - PipelineLogger - INFO -     t=21.7242  p=0.000000  d=1.1655  → REJECT H0 — Iran articles have significantly higher escalation scores (μ=50.43 vs μ=14.45)
2026-03-12 14:42:29,983 - PipelineLogger - INFO -   Running Test 3: One-Way ANOVA (theater sentiment)...
2026-03-12 14:42:29,986 - PipelineLogger - INFO -     F=50.3384  p=0.000000  η²=0.1215  → REJECT H0 — Sentiment polarity differs significantly across conflict theaters
2026-03-12 14:42:30,616 - PipelineLogger - INFO -   [STATS] Saved: stats_hypothesis_tests.png
2026-03-12 14:42:30,616 - PipelineLogger - INFO - [STATS] Statistical analysis complete. 5 charts saved to eda_output/.
2026-03-12 14:42:30,616 - PipelineLogger - INFO - Finished execution of 'run_statistical_analysis' in 3.9628 seconds.
2026-03-12 14:42:30,616 - PipelineLogger - INFO - Launching Vector Database Embedding Sequence...
2026-03-12 14:42:30,616 - PipelineLogger - INFO - Starting execution of 'store_articles_in_vector_db'
2026-03-12 14:42:30,616 - PipelineLogger - INFO - [VectorDB] Initializing ChromaDB persistent client...
2026-03-12 14:42:30,691 - PipelineLogger - INFO - [VectorDB] Configuring native Ollama Embedding Function (nomic-embed-text)...
2026-03-12 14:42:30,816 - PipelineLogger - INFO - [VectorDB] Chunking articles manually and preparing for insertion...
2026-03-12 14:42:30,908 - PipelineLogger - INFO - [VectorDB] Sending 21521 chunked items to Ollama & saving to ChromaDB...
2026-03-12 14:42:31,508 - httpx - INFO - HTTP Request: POST http://localhost:11434/api/embed "HTTP/1.1 200 OK"
2026-03-12 14:42:32,216 - httpx - INFO - HTTP Request: POST http://localhost:11434/api/embed "HTTP/1.1 200 OK"
2026-03-12 14:42:32,875 - httpx - INFO - HTTP Request: POST http://localhost:11434/api/embed "HTTP/1.1 200 OK"
2026-03-12 14:42:33,476 - httpx - INFO - HTTP Request: POST http://localhost:11434/api/embed "HTTP/1.1 200 OK"
2026-03-12 14:42:34,124 - httpx - INFO - HTTP Request: POST http://localhost:11434/api/embed "HTTP/1.1 200 OK"
2026-03-12 14:42:34,754 - httpx - INFO - HTTP Request: POST http://localhost:11434/api/embed "HTTP/1.1 200 OK"
2026-03-12 14:42:35,413 - httpx - INFO - HTTP Request: POST http://localhost:11434/api/embed "HTTP/1.1 200 OK"
2026-03-12 14:42:36,054 - httpx - INFO - HTTP Request: POST http://localhost:11434/api/embed "HTTP/1.1 200 OK"
2026-03-12 14:42:36,689 - httpx - INFO - HTTP Request: POST http://localhost:11434/api/embed "HTTP/1.1 200 OK"
2026-03-12 14:42:37,360 - httpx - INFO - HTTP Request: POST http://localhost:11434/api/embed "HTTP/1.1 200 OK"
2026-03-12 14:42:37,990 - httpx - INFO - HTTP Request: POST http://localhost:11434/api/embed "HTTP/1.1 200 OK"
2026-03-12 14:42:38,601 - httpx - INFO - HTTP Request: POST http://localhost:11434/api/embed "HTTP/1.1 200 OK"
2026-03-12 14:42:39,241 - httpx - INFO - HTTP Request: POST http://localhost:11434/api/embed "HTTP/1.1 200 OK"
2026-03-12 14:42:39,881 - httpx - INFO - HTTP Request: POST http://localhost:11434/api/embed "HTTP/1.1 200 OK"
2026-03-12 14:42:40,535 - httpx - INFO - HTTP Request: POST http://localhost:11434/api/embed "HTTP/1.1 200 OK"
2026-03-12 14:42:41,168 - httpx - INFO - HTTP Request: POST http://localhost:11434/api/embed "HTTP/1.1 200 OK"
2026-03-12 14:42:41,817 - httpx - INFO - HTTP Request: POST http://localhost:11434/api/embed "HTTP/1.1 200 OK"
2026-03-12 14:42:42,457 - httpx - INFO - HTTP Request: POST http://localhost:11434/api/embed "HTTP/1.1 200 OK"
2026-03-12 14:42:43,090 - httpx - INFO - HTTP Request: POST http://localhost:11434/api/embed "HTTP/1.1 200 OK"
2026-03-12 14:42:43,780 - httpx - INFO - HTTP Request: POST http://localhost:11434/api/embed "HTTP/1.1 200 OK"
2026-03-12 14:42:44,416 - httpx - INFO - HTTP Request: POST http://localhost:11434/api/embed "HTTP/1.1 200 OK"
2026-03-12 14:42:45,083 - httpx - INFO - HTTP Request: POST http://localhost:11434/api/embed "HTTP/1.1 200 OK"
2026-03-12 14:42:45,712 - httpx - INFO - HTTP Request: POST http://localhost:11434/api/embed "HTTP/1.1 200 OK"
2026-03-12 14:42:46,362 - httpx - INFO - HTTP Request: POST http://localhost:11434/api/embed "HTTP/1.1 200 OK"
2026-03-12 14:42:46,999 - httpx - INFO - HTTP Request: POST http://localhost:11434/api/embed "HTTP/1.1 200 OK"
2026-03-12 14:42:47,648 - httpx - INFO - HTTP Request: POST http://localhost:11434/api/embed "HTTP/1.1 200 OK"
2026-03-12 14:42:48,309 - httpx - INFO - HTTP Request: POST http://localhost:11434/api/embed "HTTP/1.1 200 OK"
2026-03-12 14:42:48,932 - httpx - INFO - HTTP Request: POST http://localhost:11434/api/embed "HTTP/1.1 200 OK"
2026-03-12 14:42:49,571 - httpx - INFO - HTTP Request: POST http://localhost:11434/api/embed "HTTP/1.1 200 OK"
2026-03-12 14:42:50,256 - httpx - INFO - HTTP Request: POST http://localhost:11434/api/embed "HTTP/1.1 200 OK"
2026-03-12 14:42:50,918 - httpx - INFO - HTTP Request: POST http://localhost:11434/api/embed "HTTP/1.1 200 OK"
2026-03-12 14:42:51,623 - httpx - INFO - HTTP Request: POST http://localhost:11434/api/embed "HTTP/1.1 200 OK"
2026-03-12 14:42:52,325 - httpx - INFO - HTTP Request: POST http://localhost:11434/api/embed "HTTP/1.1 200 OK"
2026-03-12 14:42:53,005 - httpx - INFO - HTTP Request: POST http://localhost:11434/api/embed "HTTP/1.1 200 OK"
2026-03-12 14:42:53,635 - httpx - INFO - HTTP Request: POST http://localhost:11434/api/embed "HTTP/1.1 200 OK"
2026-03-12 14:42:54,308 - httpx - INFO - HTTP Request: POST http://localhost:11434/api/embed "HTTP/1.1 200 OK"
2026-03-12 14:42:54,989 - httpx - INFO - HTTP Request: POST http://localhost:11434/api/embed "HTTP/1.1 200 OK"
2026-03-12 14:42:55,670 - httpx - INFO - HTTP Request: POST http://localhost:11434/api/embed "HTTP/1.1 200 OK"
2026-03-12 14:42:56,313 - httpx - INFO - HTTP Request: POST http://localhost:11434/api/embed "HTTP/1.1 200 OK"
2026-03-12 14:42:57,020 - httpx - INFO - HTTP Request: POST http://localhost:11434/api/embed "HTTP/1.1 200 OK"
2026-03-12 14:42:57,669 - httpx - INFO - HTTP Request: POST http://localhost:11434/api/embed "HTTP/1.1 200 OK"
2026-03-12 14:42:58,276 - httpx - INFO - HTTP Request: POST http://localhost:11434/api/embed "HTTP/1.1 200 OK"
2026-03-12 14:42:58,896 - httpx - INFO - HTTP Request: POST http://localhost:11434/api/embed "HTTP/1.1 200 OK"
2026-03-12 14:42:59,531 - httpx - INFO - HTTP Request: POST http://localhost:11434/api/embed "HTTP/1.1 200 OK"
2026-03-12 14:43:00,173 - httpx - INFO - HTTP Request: POST http://localhost:11434/api/embed "HTTP/1.1 200 OK"
2026-03-12 14:43:00,832 - httpx - INFO - HTTP Request: POST http://localhost:11434/api/embed "HTTP/1.1 200 OK"
2026-03-12 14:43:01,469 - httpx - INFO - HTTP Request: POST http://localhost:11434/api/embed "HTTP/1.1 200 OK"
2026-03-12 14:43:02,068 - httpx - INFO - HTTP Request: POST http://localhost:11434/api/embed "HTTP/1.1 200 OK"
2026-03-12 14:43:02,653 - httpx - INFO - HTTP Request: POST http://localhost:11434/api/embed "HTTP/1.1 200 OK"
2026-03-12 14:43:03,298 - httpx - INFO - HTTP Request: POST http://localhost:11434/api/embed "HTTP/1.1 200 OK"
2026-03-12 14:43:03,958 - httpx - INFO - HTTP Request: POST http://localhost:11434/api/embed "HTTP/1.1 200 OK"
2026-03-12 14:43:04,608 - httpx - INFO - HTTP Request: POST http://localhost:11434/api/embed "HTTP/1.1 200 OK"
2026-03-12 14:43:05,238 - httpx - INFO - HTTP Request: POST http://localhost:11434/api/embed "HTTP/1.1 200 OK"
2026-03-12 14:43:05,865 - httpx - INFO - HTTP Request: POST http://localhost:11434/api/embed "HTTP/1.1 200 OK"
2026-03-12 14:43:06,505 - httpx - INFO - HTTP Request: POST http://localhost:11434/api/embed "HTTP/1.1 200 OK"
2026-03-12 14:43:07,111 - httpx - INFO - HTTP Request: POST http://localhost:11434/api/embed "HTTP/1.1 200 OK"
2026-03-12 14:43:07,727 - httpx - INFO - HTTP Request: POST http://localhost:11434/api/embed "HTTP/1.1 200 OK"
2026-03-12 14:43:08,390 - httpx - INFO - HTTP Request: POST http://localhost:11434/api/embed "HTTP/1.1 200 OK"
2026-03-12 14:43:09,045 - httpx - INFO - HTTP Request: POST http://localhost:11434/api/embed "HTTP/1.1 200 OK"
2026-03-12 14:43:09,756 - httpx - INFO - HTTP Request: POST http://localhost:11434/api/embed "HTTP/1.1 200 OK"
2026-03-12 14:43:10,353 - httpx - INFO - HTTP Request: POST http://localhost:11434/api/embed "HTTP/1.1 200 OK"
2026-03-12 14:43:10,969 - httpx - INFO - HTTP Request: POST http://localhost:11434/api/embed "HTTP/1.1 200 OK"
2026-03-12 14:43:11,611 - httpx - INFO - HTTP Request: POST http://localhost:11434/api/embed "HTTP/1.1 200 OK"
2026-03-12 14:43:12,231 - httpx - INFO - HTTP Request: POST http://localhost:11434/api/embed "HTTP/1.1 200 OK"
2026-03-12 14:43:12,866 - httpx - INFO - HTTP Request: POST http://localhost:11434/api/embed "HTTP/1.1 200 OK"
2026-03-12 14:43:13,483 - httpx - INFO - HTTP Request: POST http://localhost:11434/api/embed "HTTP/1.1 200 OK"
2026-03-12 14:43:14,137 - httpx - INFO - HTTP Request: POST http://localhost:11434/api/embed "HTTP/1.1 200 OK"
2026-03-12 14:43:14,728 - httpx - INFO - HTTP Request: POST http://localhost:11434/api/embed "HTTP/1.1 200 OK"
2026-03-12 14:43:15,355 - httpx - INFO - HTTP Request: POST http://localhost:11434/api/embed "HTTP/1.1 200 OK"
2026-03-12 14:43:16,027 - httpx - INFO - HTTP Request: POST http://localhost:11434/api/embed "HTTP/1.1 200 OK"
2026-03-12 14:43:16,798 - httpx - INFO - HTTP Request: POST http://localhost:11434/api/embed "HTTP/1.1 200 OK"
2026-03-12 14:43:17,424 - httpx - INFO - HTTP Request: POST http://localhost:11434/api/embed "HTTP/1.1 200 OK"
2026-03-12 14:43:18,046 - httpx - INFO - HTTP Request: POST http://localhost:11434/api/embed "HTTP/1.1 200 OK"
2026-03-12 14:43:18,717 - httpx - INFO - HTTP Request: POST http://localhost:11434/api/embed "HTTP/1.1 200 OK"
2026-03-12 14:43:19,374 - httpx - INFO - HTTP Request: POST http://localhost:11434/api/embed "HTTP/1.1 200 OK"
2026-03-12 14:43:20,039 - httpx - INFO - HTTP Request: POST http://localhost:11434/api/embed "HTTP/1.1 200 OK"
2026-03-12 14:43:20,625 - httpx - INFO - HTTP Request: POST http://localhost:11434/api/embed "HTTP/1.1 200 OK"
2026-03-12 14:43:21,239 - httpx - INFO - HTTP Request: POST http://localhost:11434/api/embed "HTTP/1.1 200 OK"
2026-03-12 14:43:21,888 - httpx - INFO - HTTP Request: POST http://localhost:11434/api/embed "HTTP/1.1 200 OK"
2026-03-12 14:43:22,585 - httpx - INFO - HTTP Request: POST http://localhost:11434/api/embed "HTTP/1.1 200 OK"
2026-03-12 14:43:23,216 - httpx - INFO - HTTP Request: POST http://localhost:11434/api/embed "HTTP/1.1 200 OK"
2026-03-12 14:43:23,840 - httpx - INFO - HTTP Request: POST http://localhost:11434/api/embed "HTTP/1.1 200 OK"
2026-03-12 14:43:24,512 - httpx - INFO - HTTP Request: POST http://localhost:11434/api/embed "HTTP/1.1 200 OK"
2026-03-12 14:43:25,154 - httpx - INFO - HTTP Request: POST http://localhost:11434/api/embed "HTTP/1.1 200 OK"
2026-03-12 14:43:25,788 - httpx - INFO - HTTP Request: POST http://localhost:11434/api/embed "HTTP/1.1 200 OK"
2026-03-12 14:43:26,435 - httpx - INFO - HTTP Request: POST http://localhost:11434/api/embed "HTTP/1.1 200 OK"
2026-03-12 14:43:27,077 - httpx - INFO - HTTP Request: POST http://localhost:11434/api/embed "HTTP/1.1 200 OK"
2026-03-12 14:43:27,792 - httpx - INFO - HTTP Request: POST http://localhost:11434/api/embed "HTTP/1.1 200 OK"
2026-03-12 14:43:28,484 - httpx - INFO - HTTP Request: POST http://localhost:11434/api/embed "HTTP/1.1 200 OK"
2026-03-12 14:43:29,137 - httpx - INFO - HTTP Request: POST http://localhost:11434/api/embed "HTTP/1.1 200 OK"
2026-03-12 14:43:29,779 - httpx - INFO - HTTP Request: POST http://localhost:11434/api/embed "HTTP/1.1 200 OK"
2026-03-12 14:43:30,475 - httpx - INFO - HTTP Request: POST http://localhost:11434/api/embed "HTTP/1.1 200 OK"
2026-03-12 14:43:31,108 - httpx - INFO - HTTP Request: POST http://localhost:11434/api/embed "HTTP/1.1 200 OK"
2026-03-12 14:43:31,712 - httpx - INFO - HTTP Request: POST http://localhost:11434/api/embed "HTTP/1.1 200 OK"
2026-03-12 14:43:32,389 - httpx - INFO - HTTP Request: POST http://localhost:11434/api/embed "HTTP/1.1 200 OK"
2026-03-12 14:43:33,132 - httpx - INFO - HTTP Request: POST http://localhost:11434/api/embed "HTTP/1.1 200 OK"
2026-03-12 14:43:33,801 - httpx - INFO - HTTP Request: POST http://localhost:11434/api/embed "HTTP/1.1 200 OK"
2026-03-12 14:43:34,492 - httpx - INFO - HTTP Request: POST http://localhost:11434/api/embed "HTTP/1.1 200 OK"
2026-03-12 14:43:35,144 - httpx - INFO - HTTP Request: POST http://localhost:11434/api/embed "HTTP/1.1 200 OK"
2026-03-12 14:43:35,780 - httpx - INFO - HTTP Request: POST http://localhost:11434/api/embed "HTTP/1.1 200 OK"
2026-03-12 14:43:36,404 - httpx - INFO - HTTP Request: POST http://localhost:11434/api/embed "HTTP/1.1 200 OK"
2026-03-12 14:43:37,074 - httpx - INFO - HTTP Request: POST http://localhost:11434/api/embed "HTTP/1.1 200 OK"
2026-03-12 14:43:37,735 - httpx - INFO - HTTP Request: POST http://localhost:11434/api/embed "HTTP/1.1 200 OK"
2026-03-12 14:43:38,396 - httpx - INFO - HTTP Request: POST http://localhost:11434/api/embed "HTTP/1.1 200 OK"
2026-03-12 14:43:39,060 - httpx - INFO - HTTP Request: POST http://localhost:11434/api/embed "HTTP/1.1 200 OK"
2026-03-12 14:43:39,729 - httpx - INFO - HTTP Request: POST http://localhost:11434/api/embed "HTTP/1.1 200 OK"
2026-03-12 14:43:40,391 - httpx - INFO - HTTP Request: POST http://localhost:11434/api/embed "HTTP/1.1 200 OK"
2026-03-12 14:43:41,060 - httpx - INFO - HTTP Request: POST http://localhost:11434/api/embed "HTTP/1.1 200 OK"
2026-03-12 14:43:41,697 - httpx - INFO - HTTP Request: POST http://localhost:11434/api/embed "HTTP/1.1 200 OK"
2026-03-12 14:43:42,399 - httpx - INFO - HTTP Request: POST http://localhost:11434/api/embed "HTTP/1.1 200 OK"
2026-03-12 14:43:43,096 - httpx - INFO - HTTP Request: POST http://localhost:11434/api/embed "HTTP/1.1 200 OK"
2026-03-12 14:43:43,753 - httpx - INFO - HTTP Request: POST http://localhost:11434/api/embed "HTTP/1.1 200 OK"
2026-03-12 14:43:44,372 - httpx - INFO - HTTP Request: POST http://localhost:11434/api/embed "HTTP/1.1 200 OK"
2026-03-12 14:43:45,004 - httpx - INFO - HTTP Request: POST http://localhost:11434/api/embed "HTTP/1.1 200 OK"
2026-03-12 14:43:45,647 - httpx - INFO - HTTP Request: POST http://localhost:11434/api/embed "HTTP/1.1 200 OK"
2026-03-12 14:43:46,363 - httpx - INFO - HTTP Request: POST http://localhost:11434/api/embed "HTTP/1.1 200 OK"
2026-03-12 14:43:47,045 - httpx - INFO - HTTP Request: POST http://localhost:11434/api/embed "HTTP/1.1 200 OK"
2026-03-12 14:43:47,737 - httpx - INFO - HTTP Request: POST http://localhost:11434/api/embed "HTTP/1.1 200 OK"
2026-03-12 14:43:48,434 - httpx - INFO - HTTP Request: POST http://localhost:11434/api/embed "HTTP/1.1 200 OK"
2026-03-12 14:43:49,152 - httpx - INFO - HTTP Request: POST http://localhost:11434/api/embed "HTTP/1.1 200 OK"
2026-03-12 14:43:49,829 - httpx - INFO - HTTP Request: POST http://localhost:11434/api/embed "HTTP/1.1 200 OK"
2026-03-12 14:43:50,494 - httpx - INFO - HTTP Request: POST http://localhost:11434/api/embed "HTTP/1.1 200 OK"
2026-03-12 14:43:51,145 - httpx - INFO - HTTP Request: POST http://localhost:11434/api/embed "HTTP/1.1 200 OK"
2026-03-12 14:43:51,848 - httpx - INFO - HTTP Request: POST http://localhost:11434/api/embed "HTTP/1.1 200 OK"
2026-03-12 14:43:52,484 - httpx - INFO - HTTP Request: POST http://localhost:11434/api/embed "HTTP/1.1 200 OK"
2026-03-12 14:43:53,150 - httpx - INFO - HTTP Request: POST http://localhost:11434/api/embed "HTTP/1.1 200 OK"
2026-03-12 14:43:53,853 - httpx - INFO - HTTP Request: POST http://localhost:11434/api/embed "HTTP/1.1 200 OK"
2026-03-12 14:43:54,473 - httpx - INFO - HTTP Request: POST http://localhost:11434/api/embed "HTTP/1.1 200 OK"
2026-03-12 14:43:55,148 - httpx - INFO - HTTP Request: POST http://localhost:11434/api/embed "HTTP/1.1 200 OK"
2026-03-12 14:43:55,792 - httpx - INFO - HTTP Request: POST http://localhost:11434/api/embed "HTTP/1.1 200 OK"
2026-03-12 14:43:56,466 - httpx - INFO - HTTP Request: POST http://localhost:11434/api/embed "HTTP/1.1 200 OK"
2026-03-12 14:43:57,129 - httpx - INFO - HTTP Request: POST http://localhost:11434/api/embed "HTTP/1.1 200 OK"
2026-03-12 14:43:57,793 - httpx - INFO - HTTP Request: POST http://localhost:11434/api/embed "HTTP/1.1 200 OK"
2026-03-12 14:43:58,463 - httpx - INFO - HTTP Request: POST http://localhost:11434/api/embed "HTTP/1.1 200 OK"
2026-03-12 14:43:59,097 - httpx - INFO - HTTP Request: POST http://localhost:11434/api/embed "HTTP/1.1 200 OK"
2026-03-12 14:43:59,787 - httpx - INFO - HTTP Request: POST http://localhost:11434/api/embed "HTTP/1.1 200 OK"
2026-03-12 14:44:00,505 - httpx - INFO - HTTP Request: POST http://localhost:11434/api/embed "HTTP/1.1 200 OK"
2026-03-12 14:44:01,242 - httpx - INFO - HTTP Request: POST http://localhost:11434/api/embed "HTTP/1.1 200 OK"
2026-03-12 14:44:01,974 - httpx - INFO - HTTP Request: POST http://localhost:11434/api/embed "HTTP/1.1 200 OK"
2026-03-12 14:44:02,704 - httpx - INFO - HTTP Request: POST http://localhost:11434/api/embed "HTTP/1.1 200 OK"
2026-03-12 14:44:03,377 - httpx - INFO - HTTP Request: POST http://localhost:11434/api/embed "HTTP/1.1 200 OK"
2026-03-12 14:44:04,066 - httpx - INFO - HTTP Request: POST http://localhost:11434/api/embed "HTTP/1.1 200 OK"
2026-03-12 14:44:04,800 - httpx - INFO - HTTP Request: POST http://localhost:11434/api/embed "HTTP/1.1 200 OK"
2026-03-12 14:44:05,448 - httpx - INFO - HTTP Request: POST http://localhost:11434/api/embed "HTTP/1.1 200 OK"
2026-03-12 14:44:06,113 - httpx - INFO - HTTP Request: POST http://localhost:11434/api/embed "HTTP/1.1 200 OK"
2026-03-12 14:44:06,738 - httpx - INFO - HTTP Request: POST http://localhost:11434/api/embed "HTTP/1.1 200 OK"
2026-03-12 14:44:07,373 - httpx - INFO - HTTP Request: POST http://localhost:11434/api/embed "HTTP/1.1 200 OK"
2026-03-12 14:44:08,034 - httpx - INFO - HTTP Request: POST http://localhost:11434/api/embed "HTTP/1.1 200 OK"
2026-03-12 14:44:08,671 - httpx - INFO - HTTP Request: POST http://localhost:11434/api/embed "HTTP/1.1 200 OK"
2026-03-12 14:44:09,323 - httpx - INFO - HTTP Request: POST http://localhost:11434/api/embed "HTTP/1.1 200 OK"
2026-03-12 14:44:09,971 - httpx - INFO - HTTP Request: POST http://localhost:11434/api/embed "HTTP/1.1 200 OK"
2026-03-12 14:44:10,609 - httpx - INFO - HTTP Request: POST http://localhost:11434/api/embed "HTTP/1.1 200 OK"
2026-03-12 14:44:11,340 - httpx - INFO - HTTP Request: POST http://localhost:11434/api/embed "HTTP/1.1 200 OK"
2026-03-12 14:44:12,027 - httpx - INFO - HTTP Request: POST http://localhost:11434/api/embed "HTTP/1.1 200 OK"
2026-03-12 14:44:12,661 - httpx - INFO - HTTP Request: POST http://localhost:11434/api/embed "HTTP/1.1 200 OK"
2026-03-12 14:44:13,282 - httpx - INFO - HTTP Request: POST http://localhost:11434/api/embed "HTTP/1.1 200 OK"
2026-03-12 14:44:13,901 - httpx - INFO - HTTP Request: POST http://localhost:11434/api/embed "HTTP/1.1 200 OK"
2026-03-12 14:44:14,544 - httpx - INFO - HTTP Request: POST http://localhost:11434/api/embed "HTTP/1.1 200 OK"
2026-03-12 14:44:15,188 - httpx - INFO - HTTP Request: POST http://localhost:11434/api/embed "HTTP/1.1 200 OK"
2026-03-12 14:44:15,904 - httpx - INFO - HTTP Request: POST http://localhost:11434/api/embed "HTTP/1.1 200 OK"
2026-03-12 14:44:16,534 - httpx - INFO - HTTP Request: POST http://localhost:11434/api/embed "HTTP/1.1 200 OK"
2026-03-12 14:44:17,183 - httpx - INFO - HTTP Request: POST http://localhost:11434/api/embed "HTTP/1.1 200 OK"
2026-03-12 14:44:17,816 - httpx - INFO - HTTP Request: POST http://localhost:11434/api/embed "HTTP/1.1 200 OK"
2026-03-12 14:44:18,477 - httpx - INFO - HTTP Request: POST http://localhost:11434/api/embed "HTTP/1.1 200 OK"
2026-03-12 14:44:19,130 - httpx - INFO - HTTP Request: POST http://localhost:11434/api/embed "HTTP/1.1 200 OK"
2026-03-12 14:44:19,779 - httpx - INFO - HTTP Request: POST http://localhost:11434/api/embed "HTTP/1.1 200 OK"
2026-03-12 14:44:20,426 - httpx - INFO - HTTP Request: POST http://localhost:11434/api/embed "HTTP/1.1 200 OK"
2026-03-12 14:44:21,105 - httpx - INFO - HTTP Request: POST http://localhost:11434/api/embed "HTTP/1.1 200 OK"
2026-03-12 14:44:21,717 - httpx - INFO - HTTP Request: POST http://localhost:11434/api/embed "HTTP/1.1 200 OK"
2026-03-12 14:44:22,377 - httpx - INFO - HTTP Request: POST http://localhost:11434/api/embed "HTTP/1.1 200 OK"
2026-03-12 14:44:23,013 - httpx - INFO - HTTP Request: POST http://localhost:11434/api/embed "HTTP/1.1 200 OK"
2026-03-12 14:44:23,614 - httpx - INFO - HTTP Request: POST http://localhost:11434/api/embed "HTTP/1.1 200 OK"
2026-03-12 14:44:24,246 - httpx - INFO - HTTP Request: POST http://localhost:11434/api/embed "HTTP/1.1 200 OK"
2026-03-12 14:44:24,946 - httpx - INFO - HTTP Request: POST http://localhost:11434/api/embed "HTTP/1.1 200 OK"
2026-03-12 14:44:25,595 - httpx - INFO - HTTP Request: POST http://localhost:11434/api/embed "HTTP/1.1 200 OK"
2026-03-12 14:44:26,256 - httpx - INFO - HTTP Request: POST http://localhost:11434/api/embed "HTTP/1.1 200 OK"
2026-03-12 14:44:27,000 - httpx - INFO - HTTP Request: POST http://localhost:11434/api/embed "HTTP/1.1 200 OK"
2026-03-12 14:44:27,767 - httpx - INFO - HTTP Request: POST http://localhost:11434/api/embed "HTTP/1.1 200 OK"
2026-03-12 14:44:28,476 - httpx - INFO - HTTP Request: POST http://localhost:11434/api/embed "HTTP/1.1 200 OK"
2026-03-12 14:44:29,263 - httpx - INFO - HTTP Request: POST http://localhost:11434/api/embed "HTTP/1.1 200 OK"
2026-03-12 14:44:29,928 - httpx - INFO - HTTP Request: POST http://localhost:11434/api/embed "HTTP/1.1 200 OK"
2026-03-12 14:44:30,598 - httpx - INFO - HTTP Request: POST http://localhost:11434/api/embed "HTTP/1.1 200 OK"
2026-03-12 14:44:31,280 - httpx - INFO - HTTP Request: POST http://localhost:11434/api/embed "HTTP/1.1 200 OK"
2026-03-12 14:44:31,960 - httpx - INFO - HTTP Request: POST http://localhost:11434/api/embed "HTTP/1.1 200 OK"
2026-03-12 14:44:32,639 - httpx - INFO - HTTP Request: POST http://localhost:11434/api/embed "HTTP/1.1 200 OK"
2026-03-12 14:44:33,294 - httpx - INFO - HTTP Request: POST http://localhost:11434/api/embed "HTTP/1.1 200 OK"
2026-03-12 14:44:33,952 - httpx - INFO - HTTP Request: POST http://localhost:11434/api/embed "HTTP/1.1 200 OK"
2026-03-12 14:44:34,635 - httpx - INFO - HTTP Request: POST http://localhost:11434/api/embed "HTTP/1.1 200 OK"
2026-03-12 14:44:35,302 - httpx - INFO - HTTP Request: POST http://localhost:11434/api/embed "HTTP/1.1 200 OK"
2026-03-12 14:44:35,953 - httpx - INFO - HTTP Request: POST http://localhost:11434/api/embed "HTTP/1.1 200 OK"
2026-03-12 14:44:36,606 - httpx - INFO - HTTP Request: POST http://localhost:11434/api/embed "HTTP/1.1 200 OK"
2026-03-12 14:44:37,215 - httpx - INFO - HTTP Request: POST http://localhost:11434/api/embed "HTTP/1.1 200 OK"
2026-03-12 14:44:37,844 - httpx - INFO - HTTP Request: POST http://localhost:11434/api/embed "HTTP/1.1 200 OK"
2026-03-12 14:44:38,523 - httpx - INFO - HTTP Request: POST http://localhost:11434/api/embed "HTTP/1.1 200 OK"
2026-03-12 14:44:39,206 - httpx - INFO - HTTP Request: POST http://localhost:11434/api/embed "HTTP/1.1 200 OK"
2026-03-12 14:44:39,868 - httpx - INFO - HTTP Request: POST http://localhost:11434/api/embed "HTTP/1.1 200 OK"
2026-03-12 14:44:40,555 - httpx - INFO - HTTP Request: POST http://localhost:11434/api/embed "HTTP/1.1 200 OK"
2026-03-12 14:44:41,185 - httpx - INFO - HTTP Request: POST http://localhost:11434/api/embed "HTTP/1.1 200 OK"
2026-03-12 14:44:41,849 - httpx - INFO - HTTP Request: POST http://localhost:11434/api/embed "HTTP/1.1 200 OK"
2026-03-12 14:44:42,525 - httpx - INFO - HTTP Request: POST http://localhost:11434/api/embed "HTTP/1.1 200 OK"
2026-03-12 14:44:43,131 - httpx - INFO - HTTP Request: POST http://localhost:11434/api/embed "HTTP/1.1 200 OK"
2026-03-12 14:44:43,768 - httpx - INFO - HTTP Request: POST http://localhost:11434/api/embed "HTTP/1.1 200 OK"
2026-03-12 14:44:44,417 - httpx - INFO - HTTP Request: POST http://localhost:11434/api/embed "HTTP/1.1 200 OK"
2026-03-12 14:44:45,096 - httpx - INFO - HTTP Request: POST http://localhost:11434/api/embed "HTTP/1.1 200 OK"
2026-03-12 14:44:45,728 - httpx - INFO - HTTP Request: POST http://localhost:11434/api/embed "HTTP/1.1 200 OK"
2026-03-12 14:44:46,373 - httpx - INFO - HTTP Request: POST http://localhost:11434/api/embed "HTTP/1.1 200 OK"
2026-03-12 14:44:47,029 - httpx - INFO - HTTP Request: POST http://localhost:11434/api/embed "HTTP/1.1 200 OK"
2026-03-12 14:44:47,706 - httpx - INFO - HTTP Request: POST http://localhost:11434/api/embed "HTTP/1.1 200 OK"
2026-03-12 14:44:48,357 - httpx - INFO - HTTP Request: POST http://localhost:11434/api/embed "HTTP/1.1 200 OK"
2026-03-12 14:44:49,017 - httpx - INFO - HTTP Request: POST http://localhost:11434/api/embed "HTTP/1.1 200 OK"
2026-03-12 14:44:49,646 - httpx - INFO - HTTP Request: POST http://localhost:11434/api/embed "HTTP/1.1 200 OK"
2026-03-12 14:44:50,284 - httpx - INFO - HTTP Request: POST http://localhost:11434/api/embed "HTTP/1.1 200 OK"
2026-03-12 14:44:50,929 - httpx - INFO - HTTP Request: POST http://localhost:11434/api/embed "HTTP/1.1 200 OK"
2026-03-12 14:44:51,611 - httpx - INFO - HTTP Request: POST http://localhost:11434/api/embed "HTTP/1.1 200 OK"
2026-03-12 14:44:52,254 - httpx - INFO - HTTP Request: POST http://localhost:11434/api/embed "HTTP/1.1 200 OK"
2026-03-12 14:44:52,911 - httpx - INFO - HTTP Request: POST http://localhost:11434/api/embed "HTTP/1.1 200 OK"
2026-03-12 14:44:53,576 - httpx - INFO - HTTP Request: POST http://localhost:11434/api/embed "HTTP/1.1 200 OK"
2026-03-12 14:44:54,275 - httpx - INFO - HTTP Request: POST http://localhost:11434/api/embed "HTTP/1.1 200 OK"
2026-03-12 14:44:54,920 - httpx - INFO - HTTP Request: POST http://localhost:11434/api/embed "HTTP/1.1 200 OK"
2026-03-12 14:44:55,596 - httpx - INFO - HTTP Request: POST http://localhost:11434/api/embed "HTTP/1.1 200 OK"
2026-03-12 14:44:56,234 - httpx - INFO - HTTP Request: POST http://localhost:11434/api/embed "HTTP/1.1 200 OK"
2026-03-12 14:44:56,852 - httpx - INFO - HTTP Request: POST http://localhost:11434/api/embed "HTTP/1.1 200 OK"
2026-03-12 14:44:57,484 - httpx - INFO - HTTP Request: POST http://localhost:11434/api/embed "HTTP/1.1 200 OK"
2026-03-12 14:44:58,113 - httpx - INFO - HTTP Request: POST http://localhost:11434/api/embed "HTTP/1.1 200 OK"
2026-03-12 14:44:58,755 - httpx - INFO - HTTP Request: POST http://localhost:11434/api/embed "HTTP/1.1 200 OK"
2026-03-12 14:44:59,371 - httpx - INFO - HTTP Request: POST http://localhost:11434/api/embed "HTTP/1.1 200 OK"
2026-03-12 14:45:00,000 - httpx - INFO - HTTP Request: POST http://localhost:11434/api/embed "HTTP/1.1 200 OK"
2026-03-12 14:45:00,688 - httpx - INFO - HTTP Request: POST http://localhost:11434/api/embed "HTTP/1.1 200 OK"
2026-03-12 14:45:01,382 - httpx - INFO - HTTP Request: POST http://localhost:11434/api/embed "HTTP/1.1 200 OK"
2026-03-12 14:45:02,106 - httpx - INFO - HTTP Request: POST http://localhost:11434/api/embed "HTTP/1.1 200 OK"
2026-03-12 14:45:02,830 - httpx - INFO - HTTP Request: POST http://localhost:11434/api/embed "HTTP/1.1 200 OK"
2026-03-12 14:45:03,477 - httpx - INFO - HTTP Request: POST http://localhost:11434/api/embed "HTTP/1.1 200 OK"
2026-03-12 14:45:04,102 - httpx - INFO - HTTP Request: POST http://localhost:11434/api/embed "HTTP/1.1 200 OK"
2026-03-12 14:45:04,737 - httpx - INFO - HTTP Request: POST http://localhost:11434/api/embed "HTTP/1.1 200 OK"
2026-03-12 14:45:05,398 - httpx - INFO - HTTP Request: POST http://localhost:11434/api/embed "HTTP/1.1 200 OK"
2026-03-12 14:45:06,022 - httpx - INFO - HTTP Request: POST http://localhost:11434/api/embed "HTTP/1.1 200 OK"
2026-03-12 14:45:06,647 - httpx - INFO - HTTP Request: POST http://localhost:11434/api/embed "HTTP/1.1 200 OK"
2026-03-12 14:45:07,281 - httpx - INFO - HTTP Request: POST http://localhost:11434/api/embed "HTTP/1.1 200 OK"
2026-03-12 14:45:07,900 - httpx - INFO - HTTP Request: POST http://localhost:11434/api/embed "HTTP/1.1 200 OK"
2026-03-12 14:45:08,574 - httpx - INFO - HTTP Request: POST http://localhost:11434/api/embed "HTTP/1.1 200 OK"
2026-03-12 14:45:09,174 - httpx - INFO - HTTP Request: POST http://localhost:11434/api/embed "HTTP/1.1 200 OK"
2026-03-12 14:45:09,795 - httpx - INFO - HTTP Request: POST http://localhost:11434/api/embed "HTTP/1.1 200 OK"
2026-03-12 14:45:10,409 - httpx - INFO - HTTP Request: POST http://localhost:11434/api/embed "HTTP/1.1 200 OK"
2026-03-12 14:45:11,048 - httpx - INFO - HTTP Request: POST http://localhost:11434/api/embed "HTTP/1.1 200 OK"
2026-03-12 14:45:11,694 - httpx - INFO - HTTP Request: POST http://localhost:11434/api/embed "HTTP/1.1 200 OK"
2026-03-12 14:45:12,346 - httpx - INFO - HTTP Request: POST http://localhost:11434/api/embed "HTTP/1.1 200 OK"
2026-03-12 14:45:12,965 - httpx - INFO - HTTP Request: POST http://localhost:11434/api/embed "HTTP/1.1 200 OK"
2026-03-12 14:45:13,584 - httpx - INFO - HTTP Request: POST http://localhost:11434/api/embed "HTTP/1.1 200 OK"
2026-03-12 14:45:14,203 - httpx - INFO - HTTP Request: POST http://localhost:11434/api/embed "HTTP/1.1 200 OK"
2026-03-12 14:45:14,806 - httpx - INFO - HTTP Request: POST http://localhost:11434/api/embed "HTTP/1.1 200 OK"
2026-03-12 14:45:15,441 - httpx - INFO - HTTP Request: POST http://localhost:11434/api/embed "HTTP/1.1 200 OK"
2026-03-12 14:45:16,073 - httpx - INFO - HTTP Request: POST http://localhost:11434/api/embed "HTTP/1.1 200 OK"
2026-03-12 14:45:16,711 - httpx - INFO - HTTP Request: POST http://localhost:11434/api/embed "HTTP/1.1 200 OK"
2026-03-12 14:45:17,335 - httpx - INFO - HTTP Request: POST http://localhost:11434/api/embed "HTTP/1.1 200 OK"
2026-03-12 14:45:17,979 - httpx - INFO - HTTP Request: POST http://localhost:11434/api/embed "HTTP/1.1 200 OK"
2026-03-12 14:45:18,577 - httpx - INFO - HTTP Request: POST http://localhost:11434/api/embed "HTTP/1.1 200 OK"
2026-03-12 14:45:19,251 - httpx - INFO - HTTP Request: POST http://localhost:11434/api/embed "HTTP/1.1 200 OK"
2026-03-12 14:45:19,898 - httpx - INFO - HTTP Request: POST http://localhost:11434/api/embed "HTTP/1.1 200 OK"
2026-03-12 14:45:20,571 - httpx - INFO - HTTP Request: POST http://localhost:11434/api/embed "HTTP/1.1 200 OK"
2026-03-12 14:45:21,286 - httpx - INFO - HTTP Request: POST http://localhost:11434/api/embed "HTTP/1.1 200 OK"
2026-03-12 14:45:21,920 - httpx - INFO - HTTP Request: POST http://localhost:11434/api/embed "HTTP/1.1 200 OK"
2026-03-12 14:45:22,600 - httpx - INFO - HTTP Request: POST http://localhost:11434/api/embed "HTTP/1.1 200 OK"
2026-03-12 14:45:23,267 - httpx - INFO - HTTP Request: POST http://localhost:11434/api/embed "HTTP/1.1 200 OK"
2026-03-12 14:45:23,956 - httpx - INFO - HTTP Request: POST http://localhost:11434/api/embed "HTTP/1.1 200 OK"
2026-03-12 14:45:24,576 - httpx - INFO - HTTP Request: POST http://localhost:11434/api/embed "HTTP/1.1 200 OK"
2026-03-12 14:45:25,208 - httpx - INFO - HTTP Request: POST http://localhost:11434/api/embed "HTTP/1.1 200 OK"
2026-03-12 14:45:25,844 - httpx - INFO - HTTP Request: POST http://localhost:11434/api/embed "HTTP/1.1 200 OK"
2026-03-12 14:45:26,476 - httpx - INFO - HTTP Request: POST http://localhost:11434/api/embed "HTTP/1.1 200 OK"
2026-03-12 14:45:27,112 - httpx - INFO - HTTP Request: POST http://localhost:11434/api/embed "HTTP/1.1 200 OK"
2026-03-12 14:45:27,727 - httpx - INFO - HTTP Request: POST http://localhost:11434/api/embed "HTTP/1.1 200 OK"
2026-03-12 14:45:28,393 - httpx - INFO - HTTP Request: POST http://localhost:11434/api/embed "HTTP/1.1 200 OK"
2026-03-12 14:45:29,052 - httpx - INFO - HTTP Request: POST http://localhost:11434/api/embed "HTTP/1.1 200 OK"
2026-03-12 14:45:29,713 - httpx - INFO - HTTP Request: POST http://localhost:11434/api/embed "HTTP/1.1 200 OK"
2026-03-12 14:45:30,361 - httpx - INFO - HTTP Request: POST http://localhost:11434/api/embed "HTTP/1.1 200 OK"
2026-03-12 14:45:31,025 - httpx - INFO - HTTP Request: POST http://localhost:11434/api/embed "HTTP/1.1 200 OK"
2026-03-12 14:45:31,690 - httpx - INFO - HTTP Request: POST http://localhost:11434/api/embed "HTTP/1.1 200 OK"
2026-03-12 14:45:32,340 - httpx - INFO - HTTP Request: POST http://localhost:11434/api/embed "HTTP/1.1 200 OK"
2026-03-12 14:45:33,014 - httpx - INFO - HTTP Request: POST http://localhost:11434/api/embed "HTTP/1.1 200 OK"
2026-03-12 14:45:33,644 - httpx - INFO - HTTP Request: POST http://localhost:11434/api/embed "HTTP/1.1 200 OK"
2026-03-12 14:45:34,335 - httpx - INFO - HTTP Request: POST http://localhost:11434/api/embed "HTTP/1.1 200 OK"
2026-03-12 14:45:34,951 - httpx - INFO - HTTP Request: POST http://localhost:11434/api/embed "HTTP/1.1 200 OK"
2026-03-12 14:45:35,623 - httpx - INFO - HTTP Request: POST http://localhost:11434/api/embed "HTTP/1.1 200 OK"
2026-03-12 14:45:36,256 - httpx - INFO - HTTP Request: POST http://localhost:11434/api/embed "HTTP/1.1 200 OK"
2026-03-12 14:45:36,911 - httpx - INFO - HTTP Request: POST http://localhost:11434/api/embed "HTTP/1.1 200 OK"
2026-03-12 14:45:37,543 - httpx - INFO - HTTP Request: POST http://localhost:11434/api/embed "HTTP/1.1 200 OK"
2026-03-12 14:45:38,201 - httpx - INFO - HTTP Request: POST http://localhost:11434/api/embed "HTTP/1.1 200 OK"
2026-03-12 14:45:38,868 - httpx - INFO - HTTP Request: POST http://localhost:11434/api/embed "HTTP/1.1 200 OK"
2026-03-12 14:45:39,489 - httpx - INFO - HTTP Request: POST http://localhost:11434/api/embed "HTTP/1.1 200 OK"
2026-03-12 14:45:40,164 - httpx - INFO - HTTP Request: POST http://localhost:11434/api/embed "HTTP/1.1 200 OK"
2026-03-12 14:45:40,827 - httpx - INFO - HTTP Request: POST http://localhost:11434/api/embed "HTTP/1.1 200 OK"
2026-03-12 14:45:41,485 - httpx - INFO - HTTP Request: POST http://localhost:11434/api/embed "HTTP/1.1 200 OK"
2026-03-12 14:45:42,157 - httpx - INFO - HTTP Request: POST http://localhost:11434/api/embed "HTTP/1.1 200 OK"
2026-03-12 14:45:42,800 - httpx - INFO - HTTP Request: POST http://localhost:11434/api/embed "HTTP/1.1 200 OK"
2026-03-12 14:45:43,434 - httpx - INFO - HTTP Request: POST http://localhost:11434/api/embed "HTTP/1.1 200 OK"
2026-03-12 14:45:44,060 - httpx - INFO - HTTP Request: POST http://localhost:11434/api/embed "HTTP/1.1 200 OK"
2026-03-12 14:45:44,676 - httpx - INFO - HTTP Request: POST http://localhost:11434/api/embed "HTTP/1.1 200 OK"
2026-03-12 14:45:45,290 - httpx - INFO - HTTP Request: POST http://localhost:11434/api/embed "HTTP/1.1 200 OK"
2026-03-12 14:45:45,960 - httpx - INFO - HTTP Request: POST http://localhost:11434/api/embed "HTTP/1.1 200 OK"
2026-03-12 14:45:46,582 - httpx - INFO - HTTP Request: POST http://localhost:11434/api/embed "HTTP/1.1 200 OK"
2026-03-12 14:45:47,267 - httpx - INFO - HTTP Request: POST http://localhost:11434/api/embed "HTTP/1.1 200 OK"
2026-03-12 14:45:47,929 - httpx - INFO - HTTP Request: POST http://localhost:11434/api/embed "HTTP/1.1 200 OK"
2026-03-12 14:45:48,557 - httpx - INFO - HTTP Request: POST http://localhost:11434/api/embed "HTTP/1.1 200 OK"
2026-03-12 14:45:49,163 - httpx - INFO - HTTP Request: POST http://localhost:11434/api/embed "HTTP/1.1 200 OK"
2026-03-12 14:45:49,801 - httpx - INFO - HTTP Request: POST http://localhost:11434/api/embed "HTTP/1.1 200 OK"
2026-03-12 14:45:50,386 - httpx - INFO - HTTP Request: POST http://localhost:11434/api/embed "HTTP/1.1 200 OK"
2026-03-12 14:45:50,997 - httpx - INFO - HTTP Request: POST http://localhost:11434/api/embed "HTTP/1.1 200 OK"
2026-03-12 14:45:51,604 - httpx - INFO - HTTP Request: POST http://localhost:11434/api/embed "HTTP/1.1 200 OK"
2026-03-12 14:45:52,236 - httpx - INFO - HTTP Request: POST http://localhost:11434/api/embed "HTTP/1.1 200 OK"
2026-03-12 14:45:52,850 - httpx - INFO - HTTP Request: POST http://localhost:11434/api/embed "HTTP/1.1 200 OK"
2026-03-12 14:45:53,468 - httpx - INFO - HTTP Request: POST http://localhost:11434/api/embed "HTTP/1.1 200 OK"
2026-03-12 14:45:54,100 - httpx - INFO - HTTP Request: POST http://localhost:11434/api/embed "HTTP/1.1 200 OK"
2026-03-12 14:45:54,725 - httpx - INFO - HTTP Request: POST http://localhost:11434/api/embed "HTTP/1.1 200 OK"
2026-03-12 14:45:55,372 - httpx - INFO - HTTP Request: POST http://localhost:11434/api/embed "HTTP/1.1 200 OK"
2026-03-12 14:45:56,012 - httpx - INFO - HTTP Request: POST http://localhost:11434/api/embed "HTTP/1.1 200 OK"
2026-03-12 14:45:56,647 - httpx - INFO - HTTP Request: POST http://localhost:11434/api/embed "HTTP/1.1 200 OK"
2026-03-12 14:45:57,272 - httpx - INFO - HTTP Request: POST http://localhost:11434/api/embed "HTTP/1.1 200 OK"
2026-03-12 14:45:57,885 - httpx - INFO - HTTP Request: POST http://localhost:11434/api/embed "HTTP/1.1 200 OK"
2026-03-12 14:45:58,506 - httpx - INFO - HTTP Request: POST http://localhost:11434/api/embed "HTTP/1.1 200 OK"
2026-03-12 14:45:59,183 - httpx - INFO - HTTP Request: POST http://localhost:11434/api/embed "HTTP/1.1 200 OK"
2026-03-12 14:45:59,905 - httpx - INFO - HTTP Request: POST http://localhost:11434/api/embed "HTTP/1.1 200 OK"
2026-03-12 14:46:00,552 - httpx - INFO - HTTP Request: POST http://localhost:11434/api/embed "HTTP/1.1 200 OK"
2026-03-12 14:46:01,214 - httpx - INFO - HTTP Request: POST http://localhost:11434/api/embed "HTTP/1.1 200 OK"
2026-03-12 14:46:01,858 - httpx - INFO - HTTP Request: POST http://localhost:11434/api/embed "HTTP/1.1 200 OK"
2026-03-12 14:46:02,482 - httpx - INFO - HTTP Request: POST http://localhost:11434/api/embed "HTTP/1.1 200 OK"
2026-03-12 14:46:03,140 - httpx - INFO - HTTP Request: POST http://localhost:11434/api/embed "HTTP/1.1 200 OK"
2026-03-12 14:46:03,791 - httpx - INFO - HTTP Request: POST http://localhost:11434/api/embed "HTTP/1.1 200 OK"
2026-03-12 14:46:04,468 - httpx - INFO - HTTP Request: POST http://localhost:11434/api/embed "HTTP/1.1 200 OK"
2026-03-12 14:46:05,126 - httpx - INFO - HTTP Request: POST http://localhost:11434/api/embed "HTTP/1.1 200 OK"
2026-03-12 14:46:05,811 - httpx - INFO - HTTP Request: POST http://localhost:11434/api/embed "HTTP/1.1 200 OK"
2026-03-12 14:46:06,477 - httpx - INFO - HTTP Request: POST http://localhost:11434/api/embed "HTTP/1.1 200 OK"
2026-03-12 14:46:07,131 - httpx - INFO - HTTP Request: POST http://localhost:11434/api/embed "HTTP/1.1 200 OK"
2026-03-12 14:46:07,853 - httpx - INFO - HTTP Request: POST http://localhost:11434/api/embed "HTTP/1.1 200 OK"
2026-03-12 14:46:08,499 - httpx - INFO - HTTP Request: POST http://localhost:11434/api/embed "HTTP/1.1 200 OK"
2026-03-12 14:46:09,235 - httpx - INFO - HTTP Request: POST http://localhost:11434/api/embed "HTTP/1.1 200 OK"
2026-03-12 14:46:09,967 - httpx - INFO - HTTP Request: POST http://localhost:11434/api/embed "HTTP/1.1 200 OK"
2026-03-12 14:46:10,674 - httpx - INFO - HTTP Request: POST http://localhost:11434/api/embed "HTTP/1.1 200 OK"
2026-03-12 14:46:11,398 - httpx - INFO - HTTP Request: POST http://localhost:11434/api/embed "HTTP/1.1 200 OK"
2026-03-12 14:46:12,099 - httpx - INFO - HTTP Request: POST http://localhost:11434/api/embed "HTTP/1.1 200 OK"
2026-03-12 14:46:12,781 - httpx - INFO - HTTP Request: POST http://localhost:11434/api/embed "HTTP/1.1 200 OK"
2026-03-12 14:46:13,533 - httpx - INFO - HTTP Request: POST http://localhost:11434/api/embed "HTTP/1.1 200 OK"
2026-03-12 14:46:14,199 - httpx - INFO - HTTP Request: POST http://localhost:11434/api/embed "HTTP/1.1 200 OK"
2026-03-12 14:46:14,867 - httpx - INFO - HTTP Request: POST http://localhost:11434/api/embed "HTTP/1.1 200 OK"
2026-03-12 14:46:15,518 - httpx - INFO - HTTP Request: POST http://localhost:11434/api/embed "HTTP/1.1 200 OK"
2026-03-12 14:46:16,189 - httpx - INFO - HTTP Request: POST http://localhost:11434/api/embed "HTTP/1.1 200 OK"
2026-03-12 14:46:16,810 - httpx - INFO - HTTP Request: POST http://localhost:11434/api/embed "HTTP/1.1 200 OK"
2026-03-12 14:46:17,466 - httpx - INFO - HTTP Request: POST http://localhost:11434/api/embed "HTTP/1.1 200 OK"
2026-03-12 14:46:18,164 - httpx - INFO - HTTP Request: POST http://localhost:11434/api/embed "HTTP/1.1 200 OK"
2026-03-12 14:46:18,846 - httpx - INFO - HTTP Request: POST http://localhost:11434/api/embed "HTTP/1.1 200 OK"
2026-03-12 14:46:19,532 - httpx - INFO - HTTP Request: POST http://localhost:11434/api/embed "HTTP/1.1 200 OK"
2026-03-12 14:46:20,179 - httpx - INFO - HTTP Request: POST http://localhost:11434/api/embed "HTTP/1.1 200 OK"
2026-03-12 14:46:20,869 - httpx - INFO - HTTP Request: POST http://localhost:11434/api/embed "HTTP/1.1 200 OK"
2026-03-12 14:46:21,565 - httpx - INFO - HTTP Request: POST http://localhost:11434/api/embed "HTTP/1.1 200 OK"
2026-03-12 14:46:22,205 - httpx - INFO - HTTP Request: POST http://localhost:11434/api/embed "HTTP/1.1 200 OK"
2026-03-12 14:46:22,849 - httpx - INFO - HTTP Request: POST http://localhost:11434/api/embed "HTTP/1.1 200 OK"
2026-03-12 14:46:23,533 - httpx - INFO - HTTP Request: POST http://localhost:11434/api/embed "HTTP/1.1 200 OK"
2026-03-12 14:46:24,184 - httpx - INFO - HTTP Request: POST http://localhost:11434/api/embed "HTTP/1.1 200 OK"
2026-03-12 14:46:24,885 - httpx - INFO - HTTP Request: POST http://localhost:11434/api/embed "HTTP/1.1 200 OK"
2026-03-12 14:46:25,566 - httpx - INFO - HTTP Request: POST http://localhost:11434/api/embed "HTTP/1.1 200 OK"
2026-03-12 14:46:26,278 - httpx - INFO - HTTP Request: POST http://localhost:11434/api/embed "HTTP/1.1 200 OK"
2026-03-12 14:46:27,023 - httpx - INFO - HTTP Request: POST http://localhost:11434/api/embed "HTTP/1.1 200 OK"
2026-03-12 14:46:27,726 - httpx - INFO - HTTP Request: POST http://localhost:11434/api/embed "HTTP/1.1 200 OK"
2026-03-12 14:46:28,441 - httpx - INFO - HTTP Request: POST http://localhost:11434/api/embed "HTTP/1.1 200 OK"
2026-03-12 14:46:29,166 - httpx - INFO - HTTP Request: POST http://localhost:11434/api/embed "HTTP/1.1 200 OK"
2026-03-12 14:46:29,780 - httpx - INFO - HTTP Request: POST http://localhost:11434/api/embed "HTTP/1.1 200 OK"
2026-03-12 14:46:30,459 - httpx - INFO - HTTP Request: POST http://localhost:11434/api/embed "HTTP/1.1 200 OK"
2026-03-12 14:46:31,118 - httpx - INFO - HTTP Request: POST http://localhost:11434/api/embed "HTTP/1.1 200 OK"
2026-03-12 14:46:31,761 - httpx - INFO - HTTP Request: POST http://localhost:11434/api/embed "HTTP/1.1 200 OK"
2026-03-12 14:46:32,392 - httpx - INFO - HTTP Request: POST http://localhost:11434/api/embed "HTTP/1.1 200 OK"
2026-03-12 14:46:33,010 - httpx - INFO - HTTP Request: POST http://localhost:11434/api/embed "HTTP/1.1 200 OK"
2026-03-12 14:46:33,658 - httpx - INFO - HTTP Request: POST http://localhost:11434/api/embed "HTTP/1.1 200 OK"
2026-03-12 14:46:34,292 - httpx - INFO - HTTP Request: POST http://localhost:11434/api/embed "HTTP/1.1 200 OK"
2026-03-12 14:46:34,958 - httpx - INFO - HTTP Request: POST http://localhost:11434/api/embed "HTTP/1.1 200 OK"
2026-03-12 14:46:35,602 - httpx - INFO - HTTP Request: POST http://localhost:11434/api/embed "HTTP/1.1 200 OK"
2026-03-12 14:46:36,233 - httpx - INFO - HTTP Request: POST http://localhost:11434/api/embed "HTTP/1.1 200 OK"
2026-03-12 14:46:36,890 - httpx - INFO - HTTP Request: POST http://localhost:11434/api/embed "HTTP/1.1 200 OK"
2026-03-12 14:46:37,537 - httpx - INFO - HTTP Request: POST http://localhost:11434/api/embed "HTTP/1.1 200 OK"
2026-03-12 14:46:38,201 - httpx - INFO - HTTP Request: POST http://localhost:11434/api/embed "HTTP/1.1 200 OK"
2026-03-12 14:46:38,844 - httpx - INFO - HTTP Request: POST http://localhost:11434/api/embed "HTTP/1.1 200 OK"
2026-03-12 14:46:39,489 - httpx - INFO - HTTP Request: POST http://localhost:11434/api/embed "HTTP/1.1 200 OK"
2026-03-12 14:46:40,188 - httpx - INFO - HTTP Request: POST http://localhost:11434/api/embed "HTTP/1.1 200 OK"
2026-03-12 14:46:40,850 - httpx - INFO - HTTP Request: POST http://localhost:11434/api/embed "HTTP/1.1 200 OK"
2026-03-12 14:46:41,482 - httpx - INFO - HTTP Request: POST http://localhost:11434/api/embed "HTTP/1.1 200 OK"
2026-03-12 14:46:42,129 - httpx - INFO - HTTP Request: POST http://localhost:11434/api/embed "HTTP/1.1 200 OK"
2026-03-12 14:46:42,758 - httpx - INFO - HTTP Request: POST http://localhost:11434/api/embed "HTTP/1.1 200 OK"
2026-03-12 14:46:43,427 - httpx - INFO - HTTP Request: POST http://localhost:11434/api/embed "HTTP/1.1 200 OK"
2026-03-12 14:46:44,027 - httpx - INFO - HTTP Request: POST http://localhost:11434/api/embed "HTTP/1.1 200 OK"
2026-03-12 14:46:44,678 - httpx - INFO - HTTP Request: POST http://localhost:11434/api/embed "HTTP/1.1 200 OK"
2026-03-12 14:46:45,326 - httpx - INFO - HTTP Request: POST http://localhost:11434/api/embed "HTTP/1.1 200 OK"
2026-03-12 14:46:45,945 - httpx - INFO - HTTP Request: POST http://localhost:11434/api/embed "HTTP/1.1 200 OK"
2026-03-12 14:46:46,613 - httpx - INFO - HTTP Request: POST http://localhost:11434/api/embed "HTTP/1.1 200 OK"
2026-03-12 14:46:47,264 - httpx - INFO - HTTP Request: POST http://localhost:11434/api/embed "HTTP/1.1 200 OK"
2026-03-12 14:46:47,890 - httpx - INFO - HTTP Request: POST http://localhost:11434/api/embed "HTTP/1.1 200 OK"
2026-03-12 14:46:48,540 - httpx - INFO - HTTP Request: POST http://localhost:11434/api/embed "HTTP/1.1 200 OK"
2026-03-12 14:46:49,140 - httpx - INFO - HTTP Request: POST http://localhost:11434/api/embed "HTTP/1.1 200 OK"
2026-03-12 14:46:49,835 - httpx - INFO - HTTP Request: POST http://localhost:11434/api/embed "HTTP/1.1 200 OK"
2026-03-12 14:46:50,449 - httpx - INFO - HTTP Request: POST http://localhost:11434/api/embed "HTTP/1.1 200 OK"
2026-03-12 14:46:51,105 - httpx - INFO - HTTP Request: POST http://localhost:11434/api/embed "HTTP/1.1 200 OK"
2026-03-12 14:46:51,747 - httpx - INFO - HTTP Request: POST http://localhost:11434/api/embed "HTTP/1.1 200 OK"
2026-03-12 14:46:52,365 - httpx - INFO - HTTP Request: POST http://localhost:11434/api/embed "HTTP/1.1 200 OK"
2026-03-12 14:46:52,994 - httpx - INFO - HTTP Request: POST http://localhost:11434/api/embed "HTTP/1.1 200 OK"
2026-03-12 14:46:53,580 - httpx - INFO - HTTP Request: POST http://localhost:11434/api/embed "HTTP/1.1 200 OK"
2026-03-12 14:46:54,196 - httpx - INFO - HTTP Request: POST http://localhost:11434/api/embed "HTTP/1.1 200 OK"
2026-03-12 14:46:54,814 - httpx - INFO - HTTP Request: POST http://localhost:11434/api/embed "HTTP/1.1 200 OK"
2026-03-12 14:46:55,493 - httpx - INFO - HTTP Request: POST http://localhost:11434/api/embed "HTTP/1.1 200 OK"
2026-03-12 14:46:56,172 - httpx - INFO - HTTP Request: POST http://localhost:11434/api/embed "HTTP/1.1 200 OK"
2026-03-12 14:46:56,819 - httpx - INFO - HTTP Request: POST http://localhost:11434/api/embed "HTTP/1.1 200 OK"
2026-03-12 14:46:57,439 - httpx - INFO - HTTP Request: POST http://localhost:11434/api/embed "HTTP/1.1 200 OK"
2026-03-12 14:46:58,073 - httpx - INFO - HTTP Request: POST http://localhost:11434/api/embed "HTTP/1.1 200 OK"
2026-03-12 14:46:58,718 - httpx - INFO - HTTP Request: POST http://localhost:11434/api/embed "HTTP/1.1 200 OK"
2026-03-12 14:46:59,321 - httpx - INFO - HTTP Request: POST http://localhost:11434/api/embed "HTTP/1.1 200 OK"
2026-03-12 14:46:59,970 - httpx - INFO - HTTP Request: POST http://localhost:11434/api/embed "HTTP/1.1 200 OK"
2026-03-12 14:47:00,576 - httpx - INFO - HTTP Request: POST http://localhost:11434/api/embed "HTTP/1.1 200 OK"
2026-03-12 14:47:01,236 - httpx - INFO - HTTP Request: POST http://localhost:11434/api/embed "HTTP/1.1 200 OK"
2026-03-12 14:47:01,894 - httpx - INFO - HTTP Request: POST http://localhost:11434/api/embed "HTTP/1.1 200 OK"
2026-03-12 14:47:02,499 - httpx - INFO - HTTP Request: POST http://localhost:11434/api/embed "HTTP/1.1 200 OK"
2026-03-12 14:47:03,184 - httpx - INFO - HTTP Request: POST http://localhost:11434/api/embed "HTTP/1.1 200 OK"
2026-03-12 14:47:03,879 - httpx - INFO - HTTP Request: POST http://localhost:11434/api/embed "HTTP/1.1 200 OK"
2026-03-12 14:47:04,582 - httpx - INFO - HTTP Request: POST http://localhost:11434/api/embed "HTTP/1.1 200 OK"
2026-03-12 14:47:05,281 - httpx - INFO - HTTP Request: POST http://localhost:11434/api/embed "HTTP/1.1 200 OK"
2026-03-12 14:47:06,009 - httpx - INFO - HTTP Request: POST http://localhost:11434/api/embed "HTTP/1.1 200 OK"
2026-03-12 14:47:06,689 - httpx - INFO - HTTP Request: POST http://localhost:11434/api/embed "HTTP/1.1 200 OK"
2026-03-12 14:47:07,386 - httpx - INFO - HTTP Request: POST http://localhost:11434/api/embed "HTTP/1.1 200 OK"
2026-03-12 14:47:08,089 - httpx - INFO - HTTP Request: POST http://localhost:11434/api/embed "HTTP/1.1 200 OK"
2026-03-12 14:47:08,732 - httpx - INFO - HTTP Request: POST http://localhost:11434/api/embed "HTTP/1.1 200 OK"
2026-03-12 14:47:09,369 - httpx - INFO - HTTP Request: POST http://localhost:11434/api/embed "HTTP/1.1 200 OK"
2026-03-12 14:47:09,974 - httpx - INFO - HTTP Request: POST http://localhost:11434/api/embed "HTTP/1.1 200 OK"
2026-03-12 14:47:10,591 - httpx - INFO - HTTP Request: POST http://localhost:11434/api/embed "HTTP/1.1 200 OK"
2026-03-12 14:47:11,212 - httpx - INFO - HTTP Request: POST http://localhost:11434/api/embed "HTTP/1.1 200 OK"
2026-03-12 14:47:11,864 - httpx - INFO - HTTP Request: POST http://localhost:11434/api/embed "HTTP/1.1 200 OK"
2026-03-12 14:47:12,503 - httpx - INFO - HTTP Request: POST http://localhost:11434/api/embed "HTTP/1.1 200 OK"
2026-03-12 14:47:12,867 - httpx - INFO - HTTP Request: POST http://localhost:11434/api/embed "HTTP/1.1 200 OK"
2026-03-12 14:47:12,927 - PipelineLogger - INFO - [VectorDB] Insertion complete! Your articles are now embedded.
2026-03-12 14:47:12,933 - PipelineLogger - INFO - Finished execution of 'store_articles_in_vector_db' in 282.3168 seconds.
2026-03-12 14:47:12,933 - PipelineLogger - INFO - Generating Vector Search EDA Metrics...
2026-03-12 14:47:12,933 - PipelineLogger - INFO - Starting execution of 'run_vector_eda'
2026-03-12 14:47:12,933 - PipelineLogger - INFO - [Vector EDA] Initializing ChromaDB persistent client...
2026-03-12 14:47:12,946 - PipelineLogger - INFO - [Vector EDA] Querying themes...
2026-03-12 14:47:12,947 - httpx - INFO - HTTP Request: POST http://localhost:11434/api/embed "HTTP/1.1 404 Not Found"
2026-03-12 14:47:12,948 - PipelineLogger - ERROR - [Vector EDA] Error querying theme 'WW3 / Escalation': model "nomic-embed-text" not found, try pulling it first (status code: 404)
2026-03-12 14:47:12,949 - httpx - INFO - HTTP Request: POST http://localhost:11434/api/embed "HTTP/1.1 404 Not Found"
2026-03-12 14:47:12,949 - PipelineLogger - ERROR - [Vector EDA] Error querying theme 'US-Israel': model "nomic-embed-text" not found, try pulling it first (status code: 404)
2026-03-12 14:47:12,951 - httpx - INFO - HTTP Request: POST http://localhost:11434/api/embed "HTTP/1.1 404 Not Found"
2026-03-12 14:47:12,951 - PipelineLogger - ERROR - [Vector EDA] Error querying theme 'Israel-Iran': model "nomic-embed-text" not found, try pulling it first (status code: 404)
2026-03-12 14:47:12,952 - httpx - INFO - HTTP Request: POST http://localhost:11434/api/embed "HTTP/1.1 404 Not Found"
2026-03-12 14:47:12,952 - PipelineLogger - ERROR - [Vector EDA] Error querying theme 'Iran-US': model "nomic-embed-text" not found, try pulling it first (status code: 404)
2026-03-12 14:47:12,954 - httpx - INFO - HTTP Request: POST http://localhost:11434/api/embed "HTTP/1.1 404 Not Found"
2026-03-12 14:47:12,954 - PipelineLogger - ERROR - [Vector EDA] Error querying theme 'Middle East Conflict': model "nomic-embed-text" not found, try pulling it first (status code: 404)
2026-03-12 14:47:12,956 - httpx - INFO - HTTP Request: POST http://localhost:11434/api/embed "HTTP/1.1 404 Not Found"
2026-03-12 14:47:12,956 - PipelineLogger - ERROR - [Vector EDA] Error querying theme 'Europe/Russia Context': model "nomic-embed-text" not found, try pulling it first (status code: 404)
2026-03-12 14:47:12,957 - httpx - INFO - HTTP Request: POST http://localhost:11434/api/embed "HTTP/1.1 404 Not Found"
2026-03-12 14:47:12,958 - PipelineLogger - ERROR - [Vector EDA] Error querying theme 'Global Economy & Oil': model "nomic-embed-text" not found, try pulling it first (status code: 404)
2026-03-12 14:47:12,958 - PipelineLogger - INFO - [Vector EDA] Generating Vector DB Charts...
2026-03-12 14:47:12,958 - PipelineLogger - INFO - [Vector EDA] Execution completed.
2026-03-12 14:47:12,958 - PipelineLogger - INFO - Finished execution of 'run_vector_eda' in 0.0253 seconds.
2026-03-12 14:47:12,958 - PipelineLogger - INFO - Building HTML Dashboard...
2026-03-12 14:47:12,958 - PipelineLogger - INFO - Starting execution of 'generate_html_report'
2026-03-12 14:47:12,959 - PipelineLogger - INFO - [Report] HTML dashboard generated at: eda_output/report.html
2026-03-12 14:47:12,959 - PipelineLogger - INFO - Finished execution of 'generate_html_report' in 0.0004 seconds.
2026-03-12 14:47:12,959 - PipelineLogger - INFO - =============================================
2026-03-12 14:47:12,959 - PipelineLogger - INFO -            PIPELINE EXECUTION COMPLETE       
2026-03-12 14:47:12,959 - PipelineLogger - INFO -   Please open 'eda_output/report.html' to view it  
2026-03-12 14:47:12,959 - PipelineLogger - INFO - =============================================
2026-03-12 14:47:12,960 - PipelineLogger - INFO - Finished execution of 'main' in 426.8061 seconds.
