title,description,url,source,published_at,text,content_hash,sim_ww3_risk,sim_us_israel,sim_israel_iran,sim_us_iran,sim_mideast,geo_relevance_score,kw_ww3___escalation,kw_us_israel,kw_israel_iran,kw_iran_us,kw_middle_east_conflict,total_keyword_hits,composite_score,risk_tier
"In Khamenei's absence, pragmatist Larijani emerges as power broker in Iran","By Ahmed Elimam March 1 (Reuters) - Veteran Iranian politician Ali Larijani, who said on Sunday a temporary leadership council would be set up after an air...",https://www.yahoo.com/news/articles/khameneis-absence-pragmatist-larijani-emerges-080112377.html,Yahoo Entertainment,2026-03-01 08:01:12+00:00,"In Khamenei's absence, pragmatist Larijani emerges as power broker in Iran. By Ahmed Elimam March 1 (Reuters) - Veteran Iranian politician Ali Larijani, who said on Sunday a temporary leadership council would be set up after an air...",3451dcebccd965f70a5a0e5fa27a5fd5,0.0,0.0,0.0029753882978522214,0.002747780581439274,0.0,0.0029753882978522214,0,0,0,0,0,0,0.0016364635638187219,Low
CT mobile: Hitting the road in style,"Kolkata, get ready to spot some serious street style – because Calcutta Times has hit the road with colour, imagination, and celebration. As part of o.",https://timesofindia.indiatimes.com/entertainment/events/ct-mobile-hitting-the-road-in-style/articleshow/128909694.cms,The Times of India,2026-03-01 07:58:42+00:00,"CT mobile: Hitting the road in style. Kolkata, get ready to spot some serious street style – because Calcutta Times has hit the road with colour, imagination, and celebration. As part of o.",e53e1cdb5f1c07a85495aa17534ab974,0.0,0.0,0.0,0.0,0.0,0.0,0,0,0,0,0,0,0.0,Low
"CBSE board exams 2026: Board issues fake circular alert on Class 10, 12 exam cancellation in Middle East","The Central Board of Secondary Education has issued a warning about a fake circular circulating on social media, falsely claiming the cancellation of some board exams in the Middle East for the 2025-26 academic session. CBSE has clarified that no such cancell…",https://timesofindia.indiatimes.com/education/news/cbse-board-exams-2026-board-issues-fake-circular-alert-on-class-10-12-exam-cancellation-in-middle-east/articleshow/128909205.cms,The Times of India,2026-03-01 07:56:40+00:00,"CBSE board exams 2026: Board issues fake circular alert on Class 10, 12 exam cancellation in Middle East. The Central Board of Secondary Education has issued a warning about a fake circular circulating on social media, falsely claiming the cancellation of some board exams in the Middle East for the 2025-26 academic session. CBSE has clarified that no such cancell…",211e6d0c09a3b82afd4e96d66459594f,0.0,0.0,0.0,0.0,0.05130577317512279,0.05130577317512279,0,0,0,0,0,0,0.028218175246317537,Low
"Will Sensex, Nifty react amid escalating Middle East war after Khamenei’s killing?","Indian benchmark indices Sensex and Nifty will remain in focus tomorrow, as the war in the Middle East flared up after the killing of Iran's Supreme Leader Ayatollah Ali Khamenei.",https://economictimes.indiatimes.com/markets/stocks/news/will-sensex-nifty-react-amid-escalating-middle-east-war-after-khameneis-killing/articleshow/128909536.cms,The Times of India,2026-03-01 07:49:11+00:00,"Will Sensex, Nifty react amid escalating Middle East war after Khamenei’s killing?. Indian benchmark indices Sensex and Nifty will remain in focus tomorrow, as the war in the Middle East flared up after the killing of Iran's Supreme Leader Ayatollah Ali Khamenei.",c14e91800441df1f9fc06a6dc097b06b,0.012816838424562917,0.0,0.0027585974377154977,0.0025475735307671963,0.07141189830272472,0.07141189830272472,0,0,0,0,0,0,0.0392765440664986,Low
"Massive protests hit Lucknow streets as Shia community condemns US-Israel strikes, demands global justice for Khamenei","Israel-Iran war: Large protests broke out in Lucknow over the killing of Iran’s Supreme Leader Ayatollah Ali Khamenei in US-Israeli strikes, with Shia clerics announcing a three-day mourning period, while Iran’s embassy in India condemned the attack and calle…",https://economictimes.indiatimes.com/news/india/massive-protests-hit-lucknow-streets-as-shia-community-condemns-us-israel-strikes-demands-global-justice-for-khamenei/articleshow/128909385.cms,The Times of India,2026-03-01 07:47:55+00:00,"Massive protests hit Lucknow streets as Shia community condemns US-Israel strikes, demands global justice for Khamenei. Israel-Iran war: Large protests broke out in Lucknow over the killing of Iran’s Supreme Leader Ayatollah Ali Khamenei in US-Israeli strikes, with Shia clerics announcing a three-day mourning period, while Iran’s embassy in India condemned the attack and calle…",111ca8a80319dea568f1f8368f9a994a,0.023749082506714005,0.009849787543201139,0.04439484792785155,0.006571542585854474,0.0,0.04439484792785155,0,0,0,0,0,0,0.024417166360318352,Low
Iran fires missiles at Israel and Gulf states after U.S.-Israeli strike kills Khamenei,"Iran fired missiles at targets in Israel and Gulf Arab states Sunday after vowing massive retaliation for the killing of Supreme Leader Ayatollah Ali Khamenei by the United States and Israel, prompting U.S. President Donald Trump to threaten Tehran against fu…",https://japantoday.com/category/world/iran%27s-parliament-speaker-calls-us-israeli-leaders-%27filthy-criminals%27,Japan Today,2026-03-01 07:36:14+00:00,"Iran fires missiles at Israel and Gulf states after U.S.-Israeli strike kills Khamenei. Iran fired missiles at targets in Israel and Gulf Arab states Sunday after vowing massive retaliation for the killing of Supreme Leader Ayatollah Ali Khamenei by the United States and Israel, prompting U.S. President Donald Trump to threaten Tehran against fu…",b2b4c94229bb5d06459ecf70469ee8b1,0.013124461072116763,0.09121161594081952,0.04763580686513514,0.09383365541725756,0.0,0.09383365541725756,0,0,0,0,0,0,0.051608510479491665,Moderate
Can Iran hit back hard enough? Missile and interceptor math matters,"Iran has launched a significant missile and drone offensive after the death of its Supreme Leader, Ali Khamenei. This retaliation marks a critical turning point, potentially igniting a prolonged and dangerous conflict. Iran's ability to sustain this fight hin…",https://economictimes.indiatimes.com/news/defence/can-iran-hit-back-hard-enough-missile-and-interceptor-math-matters/articleshow/128909215.cms,The Times of India,2026-03-01 07:35:30+00:00,"Can Iran hit back hard enough? Missile and interceptor math matters. Iran has launched a significant missile and drone offensive after the death of its Supreme Leader, Ali Khamenei. This retaliation marks a critical turning point, potentially igniting a prolonged and dangerous conflict. Iran's ability to sustain this fight hin…",ab595fa7435eac672bb803a54349bda2,0.014553028982174658,0.0,0.11010252024718198,0.007374333225030641,0.0478932039489731,0.11010252024718198,0,0,0,0,0,0,0.060556386135950095,Moderate
Iran’s supreme leader Khamenei killed in US-Israel strike,"Tehran, March 1: Iranian state media have confirmed that Supreme Leader Ayatollah Ali Khamenei was killed at his office in […]
The post Iran’s supreme leader Khamenei killed in US-Israel strike appeared first on Peoples' Review.",https://mypeoplesreview.com/2026/03/01/irans-supreme-leader-khamenei-killed-in-us-israel-strike/,Mypeoplesreview.com,2026-03-01 07:30:00+00:00,"Iran’s supreme leader Khamenei killed in US-Israel strike. Tehran, March 1: Iranian state media have confirmed that Supreme Leader Ayatollah Ali Khamenei was killed at his office in […] The post Iran’s supreme leader Khamenei killed in US-Israel strike appeared first on Peoples' Review.",b6947ab01f09bf50eb5f5d9cf8d35b0a,0.027029053263726403,0.01109253169165751,0.05755012884742354,0.004933781165461707,0.0,0.05755012884742354,0,0,0,0,0,0,0.031652570866082946,Low
Hoax notice says CBSE cancels exam across the Middle East over Iran-Israel war; Board denies it,"A fabricated circular citing ""war conditions"" caused panic among NRI students, but the CBSE has confirmed it is fake.",https://indianexpress.com/article/education/cbse-board-exams-2026-class-10th-12th-exam-cancelled-middle-east-iran-israel-us-fake-notice-10558693/,The Indian Express,2026-03-01 07:29:51+00:00,"Hoax notice says CBSE cancels exam across the Middle East over Iran-Israel war; Board denies it. A fabricated circular citing ""war conditions"" caused panic among NRI students, but the CBSE has confirmed it is fake.",52efb2efa0f99600a379f879daf37866,0.013748698596767295,0.0061440990056923234,0.008988588830395914,0.0027327972365240234,0.03830198343241744,0.03830198343241744,0,0,0,0,0,0,0.021066090887829594,Low
Quote of the day by Plato: 'Only the dead have seen the end of war'- Famous Greek philosopher on tragedies of war,"Ancient philosopher Plato's words on war's persistence resonate today.  His quote, 'Only the dead have seen the end of war,' reflects ongoing global tensions.  Recent coordinated strikes by Israeli and American forces on Iran, involving significant casualties…",https://economictimes.indiatimes.com/magazines/panache/quote-of-the-day-by-plato-only-the-dead-have-seen-the-end-of-war-famous-greek-philosopher-on-tragedies-of-war/articleshow/128908714.cms,The Times of India,2026-03-01 07:26:48+00:00,"Quote of the day by Plato: 'Only the dead have seen the end of war'- Famous Greek philosopher on tragedies of war. Ancient philosopher Plato's words on war's persistence resonate today.  His quote, 'Only the dead have seen the end of war,' reflects ongoing global tensions.  Recent coordinated strikes by Israeli and American forces on Iran, involving significant casualties…",23ecef6ca45fde137eee7ad881e402af,0.036265983575328134,0.023233799481033945,0.002135599969939498,0.001972233382566561,0.0,0.036265983575328134,0,0,0,0,0,0,0.019946290966430476,Low
Israel-Iran war: Hundreds protest outside US consulate in Karachi after Khamenei’s death,Iran's Supreme Leader Ali Khamenei has been killed in a US-Israeli strike. Senior Iranian officials also died in the attack. Iran has declared a period of national mourning. The country has vowed retaliation against US and Israeli targets. The United States h…,https://economictimes.indiatimes.com/news/international/world-news/israel-iran-war-hundreds-protest-outside-us-consulate-in-karachi-after-khameneis-death/articleshow/128908859.cms,The Times of India,2026-03-01 07:23:36+00:00,Israel-Iran war: Hundreds protest outside US consulate in Karachi after Khamenei’s death. Iran's Supreme Leader Ali Khamenei has been killed in a US-Israeli strike. Senior Iranian officials also died in the attack. Iran has declared a period of national mourning. The country has vowed retaliation against US and Israeli targets. The United States h…,49d541d412a27e1694c83f8d2c74641b,0.020795922427771035,0.042548955446779196,0.061686197625004796,0.041064524332471736,0.0,0.061686197625004796,0,0,0,0,0,0,0.03392740869375264,Low
Air India and IndiGo flights cancelled amid Iran-Israel war. Complete list of flight numbers and routes here,"Flight cancellations today: Indian aviation is facing a massive disruption as the Ministry of Civil Aviation projects the cancellation of 444 international flights today, March 1, 2026, due to escalating regional tensions and airspace restrictions in the Midd…",https://economictimes.indiatimes.com/news/new-updates/air-india-and-indigo-flights-cancelled-amid-iran-israel-war-complete-list-of-flight-numbers-and-routes-here/articleshow/128908528.cms,The Times of India,2026-03-01 07:16:47+00:00,"Air India and IndiGo flights cancelled amid Iran-Israel war. Complete list of flight numbers and routes here. Flight cancellations today: Indian aviation is facing a massive disruption as the Ministry of Civil Aviation projects the cancellation of 444 international flights today, March 1, 2026, due to escalating regional tensions and airspace restrictions in the Midd…",cfce7d335e9c589983069b8caaa3e018,0.005300824769847518,0.0047377272792098616,0.006931119186704773,0.0021072655248611637,0.0,0.006931119186704773,0,0,0,0,0,0,0.0038121155526876253,Low
‘SNL’ Weekend Update Uses Trump’s Own Words Against Him on Iran War,Colin Jost reminds the world that Trump once said Barack Obama would start a war against the country due to a failure to negotiate,http://www.rollingstone.com/tv-movies/tv-movie-news/snl-weekend-update-donald-trump-words-against-him-iran-war-1235523386/,Rolling Stone,2026-03-01 07:02:19+00:00,‘SNL’ Weekend Update Uses Trump’s Own Words Against Him on Iran War. Colin Jost reminds the world that Trump once said Barack Obama would start a war against the country due to a failure to negotiate,d23c2bec45f04e74e832ea3b28a4100e,0.03141739251978356,0.0,0.0032989891472565316,0.0030466269978119786,0.0,0.03141739251978356,0,0,0,0,0,0,0.01727956588588096,Low
Will the UN hold a moment of silence for Khamenei?,"Israel. The nation doing the hardest, most necessary work of keeping the free world safe - and the first nation the world lines up to boycott, sanction, and condemn for doing it. Opinion.",https://www.israelnationalnews.com/news/423151,Israelnationalnews.com,2026-03-01 06:57:33+00:00,"Will the UN hold a moment of silence for Khamenei?. Israel. The nation doing the hardest, most necessary work of keeping the free world safe - and the first nation the world lines up to boycott, sanction, and condemn for doing it. Opinion.",7cf963015ac3e8a6750d41b48a5aad71,0.02874372822341112,0.006118318516274862,0.006004125677193637,0.036442551041112464,0.0,0.036442551041112464,0,0,0,0,0,0,0.020043403072611855,Low
"Israel-Iran war: Chief of staff of Iranian Armed Forces, defence minister killed in airstrike",Iran's army chief and defense minister were killed in an airstrike. This led to Iran launching missiles and drones towards Israel and US bases. US President Donald Trump warned Iran against further escalation. The region faces heightened fears of a wider war …,https://economictimes.indiatimes.com/news/defence/israel-iran-war-irans-army-chief-defence-minister-killed-in-airstrike-us-donald-trump/articleshow/128908226.cms,The Times of India,2026-03-01 06:57:08+00:00,"Israel-Iran war: Chief of staff of Iranian Armed Forces, defence minister killed in airstrike. Iran's army chief and defense minister were killed in an airstrike. This led to Iran launching missiles and drones towards Israel and US bases. US President Donald Trump warned Iran against further escalation. The region faces heightened fears of a wider war …",fafec9ccf51af123d8a285b2d18f55ae,0.03372727583664703,0.009913162868850306,0.03460865792242713,0.00881843344910555,0.0,0.03460865792242713,1,0,0,0,0,1,0.2440347617448349,Critical
Show HN: The Dot,"The Dot, a Political Game part of The Lowball.

Comments URL: https://news.ycombinator.com/item?id=47204340
Points: 1
# Comments: 0",https://jadsaklawi.github.io/The%20Dot/The%20Dot.html,Github.io,2026-03-01 06:54:16+00:00,"Show HN: The Dot. The Dot, a Political Game part of The Lowball.  Comments URL: https://news.ycombinator.com/item?id=47204340 Points: 1 # Comments: 0",de53d4cb6e62e9148bac9d8abec02c1e,0.0,0.0,0.0,0.0,0.0,0.0,0,0,0,0,0,0,0.0,Low
Iran’s Supreme Leader Killed in US-Israeli Attacks as War Widens,"Iran’s supreme leader was killed in US–Israeli airstrikes, a seismic development in a conflict that’s spread to half a dozen countries across the Middle East and threatens to disrupt energy flows.",https://financialpost.com/pmn/business-pmn/irans-supreme-leader-killed-in-us-israeli-attacks-as-war-widens,Financial Post,2026-03-01 06:53:07+00:00,"Iran’s Supreme Leader Killed in US-Israeli Attacks as War Widens. Iran’s supreme leader was killed in US–Israeli airstrikes, a seismic development in a conflict that’s spread to half a dozen countries across the Middle East and threatens to disrupt energy flows.",4477fe5a22ae52b4ffe6d28de5d602aa,0.0229422188538448,0.0,0.005889725334512845,0.005439180128478519,0.05201444364515286,0.05201444364515286,0,0,0,0,0,0,0.028607944004834077,Low
War and peace cannot be left to one man — especially not Donald Trump,"President Trump initiated military action against Iran without congressional approval, a move criticized as monarchical. While acknowledging personal anger towards the Iranian regime, the author stresses the constitutional requirement for Congress to authoriz…",https://economictimes.indiatimes.com/news/international/world-news/war-and-peace-cannot-be-left-to-one-man-especially-not-donald-trump/articleshow/128908222.cms,The Times of India,2026-03-01 06:47:35+00:00,"War and peace cannot be left to one man — especially not Donald Trump. President Trump initiated military action against Iran without congressional approval, a move criticized as monarchical. While acknowledging personal anger towards the Iranian regime, the author stresses the constitutional requirement for Congress to authoriz…",64bc0455d869bcbd1ebf5785a8cdcd9c,0.02162441180255118,0.015763550019121154,0.002853393247168704,0.002635117763096591,0.0,0.02162441180255118,0,0,0,0,0,0,0.011893426491403151,Low
Which Iranian officials have been killed in US-Israel attacks along with Supreme Leader Ayotollah Khamenei? Full list,"Khamenei's familly was also killed, with state media reporting that his daughter, son-in-law and grandchild were also killed in the attacks.",https://indianexpress.com/article/world/which-iranian-officials-have-been-killed-in-us-israel-attacks-along-with-supreme-leader-ayotollah-khamenei-full-list-10558752/,The Indian Express,2026-03-01 06:45:17+00:00,"Which Iranian officials have been killed in US-Israel attacks along with Supreme Leader Ayotollah Khamenei? Full list. Khamenei's familly was also killed, with state media reporting that his daughter, son-in-law and grandchild were also killed in the attacks.",d5b6e1fd2c7fe8f31c22ee5515aa56d8,0.0,0.006744808703786565,0.006618922996317042,0.0,0.0,0.006744808703786565,0,0,0,0,0,0,0.003709644787082611,Low
Iran Got Trump All Wrong,"For decades, Iran managed to bluff American presidents. It deterred attacks from a superpower and carried out proxy campaigns against its neighbors and Israel. Our strikes on Iran on Saturday are evidence that this long-term strategy of negotiating in bad fai…",https://freerepublic.com/focus/f-news/4368804/posts,Freerepublic.com,2026-03-01 06:44:20+00:00,"Iran Got Trump All Wrong. For decades, Iran managed to bluff American presidents. It deterred attacks from a superpower and carried out proxy campaigns against its neighbors and Israel. Our strikes on Iran on Saturday are evidence that this long-term strategy of negotiating in bad fai…",70268a0ba7a6f321eec89492bd78d0c5,0.0,0.03646606613340559,0.014179171671308156,0.042607664244368175,0.0,0.042607664244368175,0,0,0,0,0,0,0.023434215334402497,Low
"Trump and Netanyahu want regime change, but Iran’s regime was built for survival. A long war is now likely",A public uprising might not be enough to topple a deeply entrenched political system backed by armed paramilitary groups.,https://theconversation.com/trump-and-netanyahu-want-regime-change-but-irans-regime-was-built-for-survival-a-long-war-is-now-likely-277193,The Conversation Africa,2026-03-01 06:42:15+00:00,"Trump and Netanyahu want regime change, but Iran’s regime was built for survival. A long war is now likely. A public uprising might not be enough to topple a deeply entrenched political system backed by armed paramilitary groups.",1ff2e0927a3fdae859f0fc50581c7399,0.0072970697175609705,0.0,0.0031411299977250847,0.0029008435698143157,0.0,0.0072970697175609705,0,0,0,0,0,0,0.004013388344658534,Low
Tucker Carlson Denounces Trump’s Iran Attack as ‘Absolutely Disgusting and Evil’,"Tucker Carlson has come out strongly against the U.S-Israel attack on Iran — ABC’s Jonathan Karl reports. Karl posted a video to X, Saturday, in which he revealed that he reached out to Carlson for his take on President Donald Trump’s decision to attack. And …",https://freerepublic.com/focus/f-news/4368803/posts,Freerepublic.com,2026-03-01 06:40:00+00:00,"Tucker Carlson Denounces Trump’s Iran Attack as ‘Absolutely Disgusting and Evil’. Tucker Carlson has come out strongly against the U.S-Israel attack on Iran — ABC’s Jonathan Karl reports. Karl posted a video to X, Saturday, in which he revealed that he reached out to Carlson for his take on President Donald Trump’s decision to attack. And …",849318d24a5836216b37e6995e99e8c4,0.0,0.0049420260055184,0.04687762600826491,0.0043962686793289135,0.0,0.04687762600826491,0,0,1,0,0,1,0.2507826941920457,Critical
Breaking News: Iran War Day Two...,"Pro-Iranian rioters seeking to approach the US Embassy in Baghdad, Iraq being forced back by Iraqi security forces. New explosions reported in Tehran at mid-morning local time. Iran's Security Council Secretary Ali Larijani saying Israel seeks to split Iran i…",https://freerepublic.com/focus/f-bloggers/4368802/posts,Freerepublic.com,2026-03-01 06:37:32+00:00,"Breaking News: Iran War Day Two.... Pro-Iranian rioters seeking to approach the US Embassy in Baghdad, Iraq being forced back by Iraqi security forces. New explosions reported in Tehran at mid-morning local time. Iran's Security Council Secretary Ali Larijani saying Israel seeks to split Iran i…",78010985cc5d05ef24b6fa888c89c0d5,0.005866955262279056,0.005243718703948575,0.0254288186693859,0.006996967319366273,0.0,0.0254288186693859,0,0,0,0,0,0,0.013985850268162245,Low
"Following Khamenei's assassination, his future heir will decide Iran's fate","Khamenei prepared for his death since the June war with Israel, while Iran's capacity to replace him and fight a prolonged war of attrition may push Trump to make do with tangible military achievements. But as a vacuum forms, different groups are vying for po…",https://www.haaretz.com/middle-east-news/iran/2026-03-01/ty-article/.premium/succession-battle-khameneis-heir-will-decide-iranian-regimes-future-and-fate/0000019c-a650-db6a-a7bc-ef7b89200000,Haaretz,2026-03-01 06:32:24+00:00,"Following Khamenei's assassination, his future heir will decide Iran's fate. Khamenei prepared for his death since the June war with Israel, while Iran's capacity to replace him and fight a prolonged war of attrition may push Trump to make do with tangible military achievements. But as a vacuum forms, different groups are vying for po…",db15cacc746bdf7bd0e6b508e8339af7,0.02588876130303248,0.019873127676753373,0.0273486258934576,0.0048292087747647166,0.0,0.0273486258934576,0,0,0,0,0,0,0.015041744241401683,Low
Iranian state TV confirms death of Khamenei as regime launches fresh attacks across region,Khamenei’s death was announced US President Donald Trump last night but Tehran had remained silent on the fate of its leader until the state TV broadcast.,https://www.thejournal.ie/ali-khamenei-dead-iran-6970691-Mar2026/,TheJournal.ie,2026-03-01 06:25:26+00:00,Iranian state TV confirms death of Khamenei as regime launches fresh attacks across region. Khamenei’s death was announced US President Donald Trump last night but Tehran had remained silent on the fate of its leader until the state TV broadcast.,8bc4ca3c476cdf3d2fc61e5651293341,0.0,0.0,0.014531279816318783,0.0,0.0,0.014531279816318783,0,0,0,0,0,0,0.007992203898975331,Low
"Despite antiwar MAGA wing, Trump gets Republican support for Iran strikes","Conservative opposition to war on Iran remains minimal as hawks heap praise on Trump for bombing, killing Khamenei.",https://www.aljazeera.com/news/2026/3/1/despite-antiwar-maga-wing-trump-gets-republican-support-for-iran-strikes,Al Jazeera English,2026-03-01 06:24:43+00:00,"Despite antiwar MAGA wing, Trump gets Republican support for Iran strikes. Conservative opposition to war on Iran remains minimal as hawks heap praise on Trump for bombing, killing Khamenei.",e5ceaabeae2ec209785a9c66c2170c8e,0.007335205980200978,0.0,0.006315092615451418,0.005832008168901458,0.0,0.007335205980200978,0,0,1,0,0,1,0.22903436317661052,Critical
Commercial LPG Rates Rise For Second Straight Month Ahead Of Holi; Check City-Wise Rates,"Oil marketing companies raised 19 kg commercial LPG cylinder prices in Delhi, Kolkata, Mumbai, and Chennai for March 2026, while 14.2 kg domestic LPG rates remain unchanged.",https://www.news18.com/business/economy/commercial-lpg-rates-rise-for-second-straight-month-ahead-of-holi-check-city-wise-rates-ws-l-9936210.html,News18,2026-03-01 06:23:17+00:00,"Commercial LPG Rates Rise For Second Straight Month Ahead Of Holi; Check City-Wise Rates. Oil marketing companies raised 19 kg commercial LPG cylinder prices in Delhi, Kolkata, Mumbai, and Chennai for March 2026, while 14.2 kg domestic LPG rates remain unchanged.",0d7d06d156188e93a1cc782bc9c0461e,0.0,0.0,0.0,0.0,0.0,0.0,0,0,0,0,0,0,0.0,Low
US-Israeli attacks on Iran could push oil prices above US$100: expert,"Mohammad Faisal, executive director of CORE Indonesia, said Saturday&rsquo;s US-Israeli attack on Iran, which caused massive explosions, could trigger a sharp ...",https://en.antaranews.com/news/406530/us-israeli-attacks-on-iran-could-push-oil-prices-above-us100-expert,Antaranews.com,2026-03-01 06:22:29+00:00,"US-Israeli attacks on Iran could push oil prices above US$100: expert. Mohammad Faisal, executive director of CORE Indonesia, said Saturday&rsquo;s US-Israeli attack on Iran, which caused massive explosions, could trigger a sharp ...",dfb9c97f0196fc77fe174ff0694d1ca7,0.0,0.0,0.021800556004408746,0.005577703357637336,0.0,0.021800556004408746,0,0,0,0,0,0,0.011990305802424812,Low
OPEC+ mulls oil production increase in shadow of war,The conflict could certainly severely disrupt global oil supplies and send barrel prices soaring to a level not seen in years,https://www.thedailystar.net/business/news/opec-mulls-oil-production-increase-shadow-war-4117711,The Daily Star,2026-03-01 06:14:55+00:00,OPEC+ mulls oil production increase in shadow of war. The conflict could certainly severely disrupt global oil supplies and send barrel prices soaring to a level not seen in years,8c8b96785c8750fc1ed5bc7a2ca18f9a,0.048068102640097504,0.0,0.0,0.0,0.014654176532375305,0.048068102640097504,0,0,0,0,0,0,0.02643745645205363,Low
"Israel-Iran war: More explosions heard in Dubai, Doha and Manama","Fresh blasts were heard across the Gulf cities of Dubai, Doha and Manama on Sunday morning after a day of Iranian strikes in retaliation for US and Israeli attacks.reporters heard blasts in Dubai, Bahrain's capital Manama and Qatar -- where AFP correspondents…",https://economictimes.indiatimes.com/news/defence/israel-iran-war-usa-more-explosions-heard-in-dubai-doha-and-manama/articleshow/128907266.cms,The Times of India,2026-03-01 06:06:37+00:00,"Israel-Iran war: More explosions heard in Dubai, Doha and Manama. Fresh blasts were heard across the Gulf cities of Dubai, Doha and Manama on Sunday morning after a day of Iranian strikes in retaliation for US and Israeli attacks.reporters heard blasts in Dubai, Bahrain's capital Manama and Qatar -- where AFP correspondents…",a0610321de5b84028e4afcbe3afd81d9,0.005090894881249055,0.0045500978813108935,0.020730917498239104,0.01807704079986995,0.0,0.020730917498239104,0,0,0,0,0,0,0.011402004624031509,Low
"More SIA, Scoot flights to Middle East cancelled amid US-Israel war on Iran","<![CDATA[ ""We will continue to monitor the situation in the Middle East closely and will adjust our flight paths as needed,"" says Singapore Airlines. ]]>",https://www.channelnewsasia.com/singapore/sia-scoot-flights-middle-east-cancelled-iran-dubai-jeddah-5961591,CNA,2026-03-01 06:06:23+00:00,"More SIA, Scoot flights to Middle East cancelled amid US-Israel war on Iran. <![CDATA[ ""We will continue to monitor the situation in the Middle East closely and will adjust our flight paths as needed,"" says Singapore Airlines. ]]>",23a99189eb577575a0e7e98be776ee80,0.0073249694160422785,0.006546850523934544,0.009577799354989192,0.0029119346877660175,0.08162542956092836,0.08162542956092836,0,0,0,0,0,0,0.0448939862585106,Moderate
War splits opinion as US and Iran face off at UN,"Iran and the United States have no direct diplomatic relations. One of the only places the two countries come face to face is here in New York at the UN Security Council. With the conflict escalating, RTÉ's Yvonne Murray looks at the UN reaction to Operation …",https://www.rte.ie/news/analysis-and-comment/2026/0301/1561008-iran-un-analysis/,RTE,2026-03-01 06:02:54+00:00,"War splits opinion as US and Iran face off at UN. Iran and the United States have no direct diplomatic relations. One of the only places the two countries come face to face is here in New York at the UN Security Council. With the conflict escalating, RTÉ's Yvonne Murray looks at the UN reaction to Operation …",dd2ebf82b99fc74e8f447d16dff021b0,0.020924249187339587,0.03499157692058893,0.005371672257571579,0.036672462427585546,0.012675154436261918,0.036672462427585546,0,0,0,0,0,0,0.02016985433517205,Low
"Nextrush Unplugged Weekend*War With Iran*Remembering Mom*Who Do You Want To Crucify?*I Did Not Xi This Coming...*China Gets ""A Bombed""*Not Quiet On China's Western Front*The Power Of Forgiveness*","Israel And US Attack Iran Launching War... Iran's Supreme Leader Ayatollah Ali Khamenei Confirmed Dead... The Opening Of Saturday Night Live Tonight February 28, 2026... Melba Montgomery's ""No Charge"" reminds me of the passing of my mother five years ago this…",https://freerepublic.com/focus/f-bloggers/4368798/posts,Freerepublic.com,2026-03-01 06:01:36+00:00,"Nextrush Unplugged Weekend*War With Iran*Remembering Mom*Who Do You Want To Crucify?*I Did Not Xi This Coming...*China Gets ""A Bombed""*Not Quiet On China's Western Front*The Power Of Forgiveness*. Israel And US Attack Iran Launching War... Iran's Supreme Leader Ayatollah Ali Khamenei Confirmed Dead... The Opening Of Saturday Night Live Tonight February 28, 2026... Melba Montgomery's ""No Charge"" reminds me of the passing of my mother five years ago this…",fe2b9aadbeda1ec3be270636ed6715a8,0.01008013444358219,0.004504669556624111,0.022252419569822768,0.006010815501698996,0.0,0.022252419569822768,0,0,0,0,0,0,0.012238830763402523,Low
The Feel Good Videos - Dancin' in the Streets...of Iran,"We've watched the videos of American and Israeli firepower just lay waste to Iranian defenses and the regime hierarchy.Videos are now coming from some of our Navy ships at sea, too, of missile launches.CENTCOM RELEASED RAW FOOTAGE OF U.S. STRIKES ON IRAN …",https://freerepublic.com/focus/f-news/4368794/posts,Freerepublic.com,2026-03-01 05:50:11+00:00,"The Feel Good Videos - Dancin' in the Streets...of Iran. We've watched the videos of American and Israeli firepower just lay waste to Iranian defenses and the regime hierarchy.Videos are now coming from some of our Navy ships at sea, too, of missile launches.CENTCOM RELEASED RAW FOOTAGE OF U.S. STRIKES ON IRAN …",28eeb21335fc5c69c3988d330738ae4d,0.0,0.026786172089377364,0.024454277763076515,0.004547562944146729,0.04070102118422957,0.04070102118422957,0,0,0,0,0,0,0.022385561651326265,Low
The Latest: Iran’s Supreme Leader Khamenei killed in US-Israeli attack,"Iranian Supreme Leader Ayatollah Ali Khamenei has been killed in a major attack on Iran launched by Israel and the United States, throwing the future of the Islamic Republic into doubt and raising the risk of regional instability",https://abcnews.com/US/wireStory/latest-irans-supreme-leader-khamenei-killed-us-israeli-130645324,Abcnews.com,2026-03-01 05:38:49+00:00,"The Latest: Iran’s Supreme Leader Khamenei killed in US-Israeli attack. Iranian Supreme Leader Ayatollah Ali Khamenei has been killed in a major attack on Iran launched by Israel and the United States, throwing the future of the Islamic Republic into doubt and raising the risk of regional instability",4e5513a2c15c0f3294c99b10ea80234e,0.0,0.045647390420413346,0.043747018767700235,0.04126393529914561,0.0,0.045647390420413346,0,0,0,0,0,0,0.025106064731227343,Low
Israel-Iran war: Trump threatens the Islamic Republic with force ‘never seen before’ if they retaliate,"U.S. President Donald Trump on Sunday warned Iran against escalating its attacks, saying the United States would respond with overwhelming force if Tehran followed through on its threats. Posting on Truth Social after Iran acknowledged the killing of Supreme …",https://economictimes.indiatimes.com/news/international/global-trends/israel-iran-war-trump-threatens-the-islamic-republic-with-force-never-seen-before-if-it-escalates/articleshow/128906751.cms,The Times of India,2026-03-01 05:36:36+00:00,"Israel-Iran war: Trump threatens the Islamic Republic with force ‘never seen before’ if they retaliate. U.S. President Donald Trump on Sunday warned Iran against escalating its attacks, saying the United States would respond with overwhelming force if Tehran followed through on its threats. Posting on Truth Social after Iran acknowledged the killing of Supreme …",3f1f496c060aaadbbef66e0d2f755263,0.00627787838769485,0.040818419521287876,0.04456568893666948,0.03939436265930347,0.0,0.04456568893666948,0,0,0,0,0,0,0.024511128915168216,Low
Quote of the day by Bertrand Russell: 'War does not determine who is right - only who is left'- Lessons on dangers of war from British philosopher,"Philosopher Bertrand Russell's timeless warning, 'War does not determine who is right - only who is left,' resonates amidst global tensions.  His insights highlight that conflict offers no moral resolution, merely devastation and survivors.  This perspective …",https://economictimes.indiatimes.com/magazines/panache/quote-of-the-day-by-bertrand-russell-war-does-not-determine-who-is-right-only-who-is-left-lessons-on-dangers-of-war-from-british-philosopher/articleshow/128906645.cms,The Times of India,2026-03-01 05:33:27+00:00,"Quote of the day by Bertrand Russell: 'War does not determine who is right - only who is left'- Lessons on dangers of war from British philosopher. Philosopher Bertrand Russell's timeless warning, 'War does not determine who is right - only who is left,' resonates amidst global tensions.  His insights highlight that conflict offers no moral resolution, merely devastation and survivors.  This perspective …",4d731606a38553cde4897020b59fc6dd,0.040548818974990686,0.0,0.0,0.0,0.009508076527831753,0.040548818974990686,0,0,0,0,0,0,0.02230185043624488,Low
World leaders react cautiously to US and Israeli strikes and death of Iran leader Ali Khamenei,"World leaders have been responding cautiously amid U.S. and Israeli strikes on Iran, reports of its supreme leader's death and fears of a wider war",https://abcnews.com/US/wireStory/world-leaders-react-cautiously-us-israeli-strikes-death-130645014,Abcnews.com,2026-03-01 05:30:36+00:00,"World leaders react cautiously to US and Israeli strikes and death of Iran leader Ali Khamenei. World leaders have been responding cautiously amid U.S. and Israeli strikes on Iran, reports of its supreme leader's death and fears of a wider war",8aa85a675f91dacbdf08c53c7da44817,0.03814330121635649,0.0,0.006316442299716562,0.005833254606624399,0.0,0.03814330121635649,0,0,0,0,0,0,0.02097881566899607,Low
Iran after Khamenei: What's next and what it means for the world?,"Khamenei assumed power following the death of Ayatollah Ruhollah Khomeini in 1989, inheriting a revolutionary state still consolidating itself.",https://www.cnbc.com/2026/03/01/iran-khamenei-dead-us-israel-strike-trump-netanyahu.html,CNBC,2026-03-01 05:30:31+00:00,"Iran after Khamenei: What's next and what it means for the world?. Khamenei assumed power following the death of Ayatollah Ruhollah Khomeini in 1989, inheriting a revolutionary state still consolidating itself.",cd107137c14de3a70675684dafb4f6cd,0.01808305413129672,0.0,0.0037076742230438167,0.00342404896857894,0.0,0.01808305413129672,0,0,0,0,0,0,0.009945679772213197,Low
The Sunday Independent’s view: Iran’s future depends on Donald Trump’s whims,Few of Iran’s neighbours would shed a tear if the theocratic regime that has ruled the country since the revolution in 1979 were to fall as a result of the “major combat operations” jointly launched by the United States and Israel yesterday morning.,https://www.independent.ie/opinion/editorial/the-sunday-independents-view-irans-future-depends-on-donald-trumps-whims/a314505350.html,Independent.ie,2026-03-01 05:30:00+00:00,The Sunday Independent’s view: Iran’s future depends on Donald Trump’s whims. Few of Iran’s neighbours would shed a tear if the theocratic regime that has ruled the country since the revolution in 1979 were to fall as a result of the “major combat operations” jointly launched by the United States and Israel yesterday morning.,95d16afaccefdd200bf545f6228d7d97,0.0,0.06162645038548788,0.011143920775724948,0.037686114533776446,0.0,0.06162645038548788,0,0,0,0,0,0,0.03389454771201834,Low
Scott Lucas: Trump and Netanyahu have no limits — and no plan B,"Less than nine months after its 12-day assault on Iran last June, Benjamin Netanyahu’s Israel government relaunched the war.",https://www.independent.ie/opinion/scott-lucas-trump-and-netanyahu-have-no-limits-and-no-plan-b/a912090626.html,Independent.ie,2026-03-01 05:30:00+00:00,"Scott Lucas: Trump and Netanyahu have no limits — and no plan B. Less than nine months after its 12-day assault on Iran last June, Benjamin Netanyahu’s Israel government relaunched the war.",fada26954fb0107f82e9d03fcaf13bb3,0.008489676837462073,0.007587833080865485,0.011100718203659678,0.0033749471249378414,0.0,0.011100718203659678,0,0,0,0,0,0,0.0061053950120128235,Low
"Scott Lucas: Iranians will be the first victims, but there will be more","Less than nine months after its 12-day assault on Iran last June, Benjamin Netanyahu’s Israel government relaunched the war.",https://www.independent.ie/opinion/scott-lucas-iranians-will-be-the-first-victims-but-there-will-be-more/a912090626.html,Independent.ie,2026-03-01 05:30:00+00:00,"Scott Lucas: Iranians will be the first victims, but there will be more. Less than nine months after its 12-day assault on Iran last June, Benjamin Netanyahu’s Israel government relaunched the war.",d224e73b5e0cee41948c97733f597d16,0.009237004574840297,0.008255773479127102,0.01207789021824183,0.003672036360127733,0.0,0.01207789021824183,0,0,0,0,0,0,0.006642839620033007,Low
"US, Israeli strikes on Iran: Global leaders react after reports of Khamenei’s death","Global leaders are reacting cautiously to US and Israeli strikes on Iran. The reported death of Supreme Leader Ayatollah Ali Khamenei has thrown Iran's future into uncertainty. Nations are divided, with some supporting the strikes and others criticising them.…",https://economictimes.indiatimes.com/news/international/world-news/us-israeli-strikes-on-iran-global-leaders-react-after-reports-of-khameneis-death/articleshow/128906392.cms,The Times of India,2026-03-01 05:26:28+00:00,"US, Israeli strikes on Iran: Global leaders react after reports of Khamenei’s death. Global leaders are reacting cautiously to US and Israeli strikes on Iran. The reported death of Supreme Leader Ayatollah Ali Khamenei has thrown Iran's future into uncertainty. Nations are divided, with some supporting the strikes and others criticising them.…",e094d845ee5c981050ce4d6348d75e32,0.042604689878803746,0.0,0.008311109207910568,0.00767533585724012,0.0,0.042604689878803746,0,0,0,0,0,0,0.023432579433342062,Low
Israeli strikes rock Tehran as Iran's counterattacks widen,Israel and Iran are trading strikes as part of a widening war after the killing of Iran’s Supreme Leader Ayatollah Ali Khamenei in a surprise U.S. and Israeli bombardment a day earlier. Blasts in Tehran — whose target was not immediately clear — sent a huge p…,https://apnews.com/article/iran-israel-us-03-01-2026-693bc30bbbc98660d81f4a13f65ca10f,Associated Press,2026-03-01 05:24:44+00:00,Israeli strikes rock Tehran as Iran's counterattacks widen. Israel and Iran are trading strikes as part of a widening war after the killing of Iran’s Supreme Leader Ayatollah Ali Khamenei in a surprise U.S. and Israeli bombardment a day earlier. Blasts in Tehran — whose target was not immediately clear — sent a huge p…,598ca4e25f58c5de79d8bd17af3adb5d,0.006644490208068635,0.0059386574508696905,0.06155858412733287,0.007924260329478907,0.0,0.06155858412733287,0,0,0,0,0,0,0.033857221270033086,Low
"'Times Are Scary, Very Tough': Esha Gupta Shares Update From Abu Dhabi Amid US-Israel Air Strikes On Iran","Actress Sonal Chauhan, known for her film Jannat, and badminton champion PV Sindhu are among those stuck in the region amid the ongoing security situation. The developments follow coordinated strikes launched by the United States and Israel on Iran, which rep…",https://www.freepressjournal.in/entertainment/times-are-scary-very-tough-esha-gupta-shares-update-from-abu-dhabi-amid-us-israel-air-strikes-on-iran,Free Press Journal,2026-03-01 08:14:44+00:00,"'Times Are Scary, Very Tough': Esha Gupta Shares Update From Abu Dhabi Amid US-Israel Air Strikes On Iran. Actress Sonal Chauhan, known for her film Jannat, and badminton champion PV Sindhu are among those stuck in the region amid the ongoing security situation. The developments follow coordinated strikes launched by the United States and Israel on Iran, which rep…",ca6e4d86065a5a0e4d998e7cae17c0f2,0.0,0.05847268730144718,0.029944113682407687,0.032715270389849345,0.0,0.05847268730144718,0,0,0,0,0,0,0.032159978015795954,Low
We destroyed 137 missiles and 200 drones from Iran - Attacking us is unfair - UAE spokesperson,"There is currently significant attention on an unprecedented series of attacks launched by Iran against the Gulf region, including the United Arab Emirates. While the UAE has been making strenuous efforts to de-escalate regional conflicts through dialogue and…",https://english.gossiplankanews.com/2026/03/we-destroyed-137-missiles-and-200.html,Gossiplankanews.com,2026-03-01 08:10:23+00:00,"We destroyed 137 missiles and 200 drones from Iran - Attacking us is unfair - UAE spokesperson. There is currently significant attention on an unprecedented series of attacks launched by Iran against the Gulf region, including the United Arab Emirates. While the UAE has been making strenuous efforts to de-escalate regional conflicts through dialogue and…",ca8ee19ceb5d40670db29595315c2111,0.0,0.010884042948750684,0.005171290598276056,0.033580416407911956,0.0,0.033580416407911956,0,0,0,0,0,0,0.018469229024351577,Low
Irish citizens urged to shelter in place across Middle East as thousands of flights cancelled,Irish people travelling to or through the region have been urged to contact their airline or travel agent immediately.,https://www.thejournal.ie/irish-travel-advice-middle-east-gulf-6971011-Mar2026/,TheJournal.ie,2026-03-01 07:54:44+00:00,Irish citizens urged to shelter in place across Middle East as thousands of flights cancelled. Irish people travelling to or through the region have been urged to contact their airline or travel agent immediately.,83f52064d520e55bab7776e09b518653,0.0,0.0,0.0,0.0,0.040833276934569,0.040833276934569,0,0,0,0,0,0,0.02245830231401295,Low
"Khamenei's daughter, son-in-law, granddaughter, and daughter-in-law were also killed in the attack - The next successor is second son Mojtaba","Reports indicate that Iran's Supreme Leader Ayatollah Ali Khamenei and 40 other commanders have been killed in a massive missile attack launched by the United States and Israel. Approximately 30 missiles struck Khamenei's office complex, and his daughter, son…",https://english.gossiplankanews.com/2026/03/khameneis-daughter-son-in-law.html,Gossiplankanews.com,2026-03-01 07:40:21+00:00,"Khamenei's daughter, son-in-law, granddaughter, and daughter-in-law were also killed in the attack - The next successor is second son Mojtaba. Reports indicate that Iran's Supreme Leader Ayatollah Ali Khamenei and 40 other commanders have been killed in a massive missile attack launched by the United States and Israel. Approximately 30 missiles struck Khamenei's office complex, and his daughter, son…",2ac0ca92559e1348c3d3835fd2482337,0.0,0.05009917770711073,0.048034919909344345,0.028564742261443773,0.014892149363685013,0.05009917770711073,0,0,0,0,0,0,0.027554547738910907,Low
"Around 1,200 Indian students stuck in Iran; evacuation sought as tensions rise","Kashmiri students in Iran are seeking immediate evacuation following military strikes involving Israel and the US. The Jammu and Kashmir Students Association has appealed to Prime Minister Modi for a full-fledged operation, citing anxiety among around 1,200 s…",https://timesofindia.indiatimes.com/education/news/around-1200-indian-students-stuck-in-iran-evacuation-sought-as-tensions-rise/articleshow/128908504.cms,The Times of India,2026-03-01 07:17:57+00:00,"Around 1,200 Indian students stuck in Iran; evacuation sought as tensions rise. Kashmiri students in Iran are seeking immediate evacuation following military strikes involving Israel and the US. The Jammu and Kashmir Students Association has appealed to Prime Minister Modi for a full-fledged operation, citing anxiety among around 1,200 s…",8e82ef1b34f7302cb7aaef6f7f85d5b3,0.012762704800474886,0.01845840073464823,0.009805113984112646,0.004485427369349505,0.0,0.01845840073464823,0,0,0,0,0,0,0.010152120404056528,Low
"6 Polymarket traders net $1M on US-Iran strike, spark insider fears: Report","Six Polymarket wallets profited roughly $1 million from well-timed US-Iran strike bets, prompting renewed scrutiny over insider trading and prediction market activity.",https://cointelegraph.com/news/polymarket-traders-1m-us-iran-strike-insider-trading-concerns,Cointelegraph,2026-03-01 07:16:30+00:00,"6 Polymarket traders net $1M on US-Iran strike, spark insider fears: Report. Six Polymarket wallets profited roughly $1 million from well-timed US-Iran strike bets, prompting renewed scrutiny over insider trading and prediction market activity.",9ea653bed319c1f4cac0833b2da98958,0.026726874279797797,0.0,0.03285363677753009,0.004878622556502729,0.0,0.03285363677753009,0,0,1,0,0,1,0.24306950011514156,Critical
UN nuclear watchdog calls emergency meeting on Monday over Iran attacks,The International Atomic Energy Agency is holding an urgent meeting. This follows joint military strikes by the United States and Israel on Iran. The agency is monitoring the situation closely. It has detected no radiological impact from the strikes or counte…,https://economictimes.indiatimes.com/news/international/world-news/un-nuclear-watchdog-calls-emergency-meeting-on-monday-over-iran-attacks/articleshow/128908505.cms,The Times of India,2026-03-01 07:11:30+00:00,UN nuclear watchdog calls emergency meeting on Monday over Iran attacks. The International Atomic Energy Agency is holding an urgent meeting. This follows joint military strikes by the United States and Israel on Iran. The agency is monitoring the situation closely. It has detected no radiological impact from the strikes or counte…,03cc353d0aadee7217c57359210ddf29,0.032255409641331154,0.07408199391894126,0.0466755733918339,0.03631716501627015,0.0,0.07408199391894126,1,0,1,0,0,2,0.4907450964304177,Critical
Ex‑VP Harris slams Trump for dragging US into unwanted Iran conflict,"Former VP Kamala Harris accuses Trump of dragging the US into a dangerous and unnecessary Iran conflict, calling for congressional oversight.

Read More: https://punchng.com/ex%e2%80%91vp-harris-slams-trump-for-dragging-us-into-unwanted-iran-conflict/",https://punchng.com/ex‑vp-harris-slams-trump-for-dragging-us-into-unwanted-iran-conflict/,The Punch,2026-03-01 06:12:37+00:00,"Ex‑VP Harris slams Trump for dragging US into unwanted Iran conflict. Former VP Kamala Harris accuses Trump of dragging the US into a dangerous and unnecessary Iran conflict, calling for congressional oversight.  Read More: https://punchng.com/ex%e2%80%91vp-harris-slams-trump-for-dragging-us-into-unwanted-iran-conflict/",255d0120dcb6ad442b936706c18ac741,0.030868218196734503,0.0,0.005645745165408845,0.005213863664269739,0.02664372971693075,0.030868218196734503,0,0,0,0,0,0,0.01697752000820398,Low
"China calls for immediate stop of military actions against Iran launched by US, Israel","BEIJING: China is highly concerned over the military strikes against Iran launched by the US and Israel, a Chinese foreign ministry spokesperson said on Saturday, noting that China calls for an immediate stop of the military actions, reported Xinhua. Read ful…",https://www.thestar.com.my/news/world/2026/03/01/china-calls-for-immediate-stop-of-military-actions-against-iran-launched-by-us-israel,The Star Online,2026-03-01 06:10:00+00:00,"China calls for immediate stop of military actions against Iran launched by US, Israel. BEIJING: China is highly concerned over the military strikes against Iran launched by the US and Israel, a Chinese foreign ministry spokesperson said on Saturday, noting that China calls for an immediate stop of the military actions, reported Xinhua. Read ful…",8b40d6b2767dfe888f80421fa2661e0d,0.03431409789169318,0.045108770044524564,0.013221981360875844,0.004019873954205794,0.0,0.045108770044524564,0,0,0,0,0,0,0.024809823524488513,Low
Why did the US and Israel strike Iran? #tabloid,"What happened and why it matters The United States, joined by Israeli forces, launched coordinated strikes against targets in Iran in the early hours of Feb. 28. President Donald Trump described the action as a major military operation intended to “eliminate …",https://alltoc.com/tabloid/why-did-the-us-and-israel-strike-iran,Alltoc.com,2026-03-01 06:04:16+00:00,"Why did the US and Israel strike Iran? #tabloid. What happened and why it matters The United States, joined by Israeli forces, launched coordinated strikes against targets in Iran in the early hours of Feb. 28. President Donald Trump described the action as a major military operation intended to “eliminate …",1f6e80cde0aa475d1d2210dce54d9694,0.030293949624456,0.0605866200673652,0.027186333505235707,0.04010140766363394,0.0,0.0605866200673652,0,0,0,0,0,0,0.03332264103705086,Low
Iran’s Supreme Leader Ayatollah Ali Khamenei killed in US-Israel strike,"Iran’s Supreme Leader, Ayatollah Ali Khamenei, was killed in a joint US-Israel airstrike launched on the Islamic Republic early on Saturday, an attack that has dramatically escalated the conflict across the Middle East. In retaliation, Iran continued firing m…",https://newsnextbd.com/irans-supreme-leader-ayatollah-ali-khamenei-killed-in-us-israel-strike/,Newsnextbd.com,2026-03-01 06:03:21+00:00,"Iran’s Supreme Leader Ayatollah Ali Khamenei killed in US-Israel strike. Iran’s Supreme Leader, Ayatollah Ali Khamenei, was killed in a joint US-Israel airstrike launched on the Islamic Republic early on Saturday, an attack that has dramatically escalated the conflict across the Middle East. In retaliation, Iran continued firing m…",7381de2ee9052145648e93b2293659e1,0.030051898939038882,0.011854806783673661,0.04999664794494012,0.007909243451627728,0.05042364082734932,0.05042364082734932,0,0,0,0,0,0,0.02773300245504213,Low
Trump Launches ‘Task Force Scorpion’ as Iran Peace Talks Collapse,"Introduction: A Standoff Between Diplomacy and the Drone’s Gaze Diplomatic negotiations between the United States and Iran over Tehran’s nuclear program have collapsed in Geneva, creating a perilous vacuum where the specter of war looms larger than ever [1]. …",https://www.naturalnews.com/2026-03-01-trump-task-force-scorpion-iran-talks-collapse.html,Naturalnews.com,2026-03-01 06:00:00+00:00,"Trump Launches ‘Task Force Scorpion’ as Iran Peace Talks Collapse. Introduction: A Standoff Between Diplomacy and the Drone’s Gaze Diplomatic negotiations between the United States and Iran over Tehran’s nuclear program have collapsed in Geneva, creating a perilous vacuum where the specter of war looms larger than ever [1]. …",50084d7621c8db496b0c12c2df4d1f84,0.024866379248385556,0.03523417408722988,0.06705963727929042,0.06645933018524824,0.0,0.06705963727929042,1,0,0,0,0,1,0.2618828003911097,Critical
Expert says US-Israeli attacks undermine Board of Peace credibility,"Ahmad Khoirul Umam, an international relations expert at Paramadina University, said that US-Israeli strikes on Iran challenge the credibility of the Board of ...",https://en.antaranews.com/news/406518/expert-says-us-israeli-attacks-undermine-board-of-peace-credibility,Antaranews.com,2026-03-01 05:52:53+00:00,"Expert says US-Israeli attacks undermine Board of Peace credibility. Ahmad Khoirul Umam, an international relations expert at Paramadina University, said that US-Israeli strikes on Iran challenge the credibility of the Board of ...",b1b18b5e21425901d84c4697178775ba,0.0,0.0,0.0029654763608165753,0.0027386268759781555,0.0,0.0029654763608165753,0,0,0,0,0,0,0.0016310119984491165,Low
"Anwar calls for diplomacy amid US-Iran conflict, Prabowo 'prepared' to travel to Tehran for mediation talks",The leaders' comments come after Israel and the United States launched an attack of unprecedented scale aimed at bringing down the Islamic republic.,https://www.channelnewsasia.com/asia/anwar-calls-diplomacy-amid-us-iran-conflict-prabowo-prepared-mediate-5961511,CNA,2026-03-01 05:30:19+00:00,"Anwar calls for diplomacy amid US-Iran conflict, Prabowo 'prepared' to travel to Tehran for mediation talks. The leaders' comments come after Israel and the United States launched an attack of unprecedented scale aimed at bringing down the Islamic republic.",4e80462c1dafc044bad982bd17d6c13a,0.016806889988920555,0.04643045492780562,0.04084611474399401,0.03913299883593491,0.014506772998460933,0.04643045492780562,0,0,0,0,0,0,0.025536750210293092,Low
Bali immigration urges foreigners to monitor visas amid Mideast crisis,Foreign nationals in Bali are advised to stay in contact with Indonesian immigration authorities to avoid overstaying due to flight delays triggered by ...,https://en.antaranews.com/news/406510/bali-immigration-urges-foreigners-to-monitor-visas-amid-mideast-crisis,Antaranews.com,2026-03-01 05:28:19+00:00,Bali immigration urges foreigners to monitor visas amid Mideast crisis. Foreign nationals in Bali are advised to stay in contact with Indonesian immigration authorities to avoid overstaying due to flight delays triggered by ...,d6d1b35673c9cec199b7070e78b482a9,0.0,0.0,0.0,0.0,0.0,0.0,0,0,0,0,0,0,0.0,Low
Iran Strike: Democrats call for immediate Vote on Trump War Powers,"there is no consensus for another interminable war in the Middle East,” Senate Democratic Whip Dick Durbin of Illinois said.",https://www.juancole.com/2026/03/israel-democrats-immediate.html,Juancole.com,2026-03-01 05:06:05+00:00,"Iran Strike: Democrats call for immediate Vote on Trump War Powers. there is no consensus for another interminable war in the Middle East,” Senate Democratic Whip Dick Durbin of Illinois said.",f84255c9a975b6d49759afd3e62b0b26,0.03350113957006681,0.0,0.0214669036983116,0.0031877420849944714,0.04467834016166487,0.04467834016166487,0,0,1,0,0,1,0.24957308697641567,Critical
"PV Sindhu stranded in Dubai amid Israel-Iran tensions, Indian Embassy steps in",India's badminton star PV Sindhu is stuck in Dubai after airlines cancelled all flights due to escalating military tensions in the Gulf. Sindhu's father told the media that his daughter was being cared for by the Indian Embassy in Dubai. The badminton player …,https://economictimes.indiatimes.com/news/new-updates/pv-sindhu-stranded-in-dubai-amid-israel-iran-tensions-indian-embassy-steps-in/articleshow/128905321.cms,The Times of India,2026-03-01 04:38:59+00:00,"PV Sindhu stranded in Dubai amid Israel-Iran tensions, Indian Embassy steps in. India's badminton star PV Sindhu is stuck in Dubai after airlines cancelled all flights due to escalating military tensions in the Gulf. Sindhu's father told the media that his daughter was being cared for by the Indian Embassy in Dubai. The badminton player …",b2067c7720b6f81223239889c9a67509,0.011443725341808066,0.016550791666707112,0.020599046321324796,0.017962051164432478,0.0,0.020599046321324796,0,0,0,0,0,0,0.01132947547672864,Low
"Russia Demands US, Israel Immediately Stop Aggressive Actions Against Iran - Nebenzia","UNITED NATIONS (Sputnik) - Russia demands that the United States and Israel immediately stop their aggressive actions against Iran, Russia's Permanent Representative to the UN Vassily Nebenzia said.",https://sputnikglobe.com/20260301/russia-demands-us-israel-immediately-stop-aggressive-actions-against-iran---nebenzia-1123724329.html,Sputnikglobe.com,2026-03-01 04:08:00+00:00,"Russia Demands US, Israel Immediately Stop Aggressive Actions Against Iran - Nebenzia. UNITED NATIONS (Sputnik) - Russia demands that the United States and Israel immediately stop their aggressive actions against Iran, Russia's Permanent Representative to the UN Vassily Nebenzia said.",8f03da937d2fff6aa6b15cf52da244d8,0.0,0.06616206954483579,0.014047213255775482,0.040392663581755986,0.0,0.06616206954483579,0,0,0,0,0,0,0.03638913824965969,Low
World Leaders Urge Swift End to Iran Crisis After Khamenei Death,Global leaders called for a quick resolution to the crisis in the Middle East as US allies backed the decision to target Iran’s supreme leader Ayatollah Ali Khamenei.,https://financialpost.com/pmn/business-pmn/world-leaders-urge-swift-end-to-iran-crisis-after-khamenei-death,Financial Post,2026-03-01 03:49:30+00:00,World Leaders Urge Swift End to Iran Crisis After Khamenei Death. Global leaders called for a quick resolution to the crisis in the Middle East as US allies backed the decision to target Iran’s supreme leader Ayatollah Ali Khamenei.,cc134ec8e50e8a3390779ede6f9509b0,0.03904846550902454,0.0,0.00621466910692485,0.005739266738531348,0.040219833472361556,0.040219833472361556,0,0,0,0,0,0,0.022120908409798856,Low
"World leaders react cautiously to US and Israeli strikes, death of Iran’s Ali Khamenei","US President Donald Trump said on social media that Khamenei was dead, calling it “the single greatest chance for the Iranian people to take back their Country”",https://www.thehindubusinessline.com/news/world/world-leaders-react-cautiously-to-us-and-israeli-strikes-death-of-irans-ali-khamenei/article70690591.ece,BusinessLine,2026-03-01 03:46:20+00:00,"World leaders react cautiously to US and Israeli strikes, death of Iran’s Ali Khamenei. US President Donald Trump said on social media that Khamenei was dead, calling it “the single greatest chance for the Iranian people to take back their Country”",389eca86df4ae02217f41f5c59deaba0,0.016763347778896757,0.0,0.003437087120375577,0.0031741609163753303,0.0,0.016763347778896757,0,0,0,0,0,0,0.009219841278393218,Low
Khamenei’s final X post surfaces hours after Trump announces killing: What it means,"Hours after President Trump announced the killing of Iran's Supreme Leader, Ayatollah Ali Khamenei, in a joint US-Israel strike, a cryptic message appeared on X invoking Imam Ali. Iran's state television later confirmed Khamenei's death in air strikes, announ…",https://economictimes.indiatimes.com/news/international/global-trends/khameneis-final-x-post-surfaces-hours-after-trump-announces-killing-what-it-means/articleshow/128904588.cms,The Times of India,2026-03-01 03:45:49+00:00,"Khamenei’s final X post surfaces hours after Trump announces killing: What it means. Hours after President Trump announced the killing of Iran's Supreme Leader, Ayatollah Ali Khamenei, in a joint US-Israel strike, a cryptic message appeared on X invoking Imam Ali. Iran's state television later confirmed Khamenei's death in air strikes, announ…",1200fd66282d1ea7a1a9cb0250bbdcec,0.012703894695159729,0.005213588250338558,0.023243371181461983,0.004637841789235259,0.0,0.023243371181461983,0,0,0,0,0,0,0.012783854149804092,Low
"US-Israel attack on Iran — Khamenei dead, protests outside White House: Key events in the past 24 hours","Over 200 Iranians dead, flights disrupted at multiple airports; UNSC emergency meeting; here are the key events from the past 24 hours.",https://indianexpress.com/article/world/us-israel-attacks-iran-khamenei-dead-timeline-key-events-10558509/,The Indian Express,2026-03-01 03:15:43+00:00,"US-Israel attack on Iran — Khamenei dead, protests outside White House: Key events in the past 24 hours. Over 200 Iranians dead, flights disrupted at multiple airports; UNSC emergency meeting; here are the key events from the past 24 hours.",1b65869c9cf14b9bef01ce47237e80b3,0.0,0.004996806071243179,0.019870309943721104,0.0022224996391315695,0.0,0.019870309943721104,0,0,0,0,0,0,0.010928670469046609,Low
Middle East in flames: Celebrations in Tehran over the death of Ali Khamenei; President Masoud Pezeshkian is currently leading the country,"Key events
The post Middle East in flames: Celebrations in Tehran over the death of Ali Khamenei; President Masoud Pezeshkian is currently leading the country appeared first on ProtoThema English.",https://en.protothema.gr/2026/03/01/israel-attacked-iran-us-media-speak-of-a-joint-operation-with-the-united-states-watch-video/,Protothema.gr,2026-03-01 03:10:36+00:00,Middle East in flames: Celebrations in Tehran over the death of Ali Khamenei; President Masoud Pezeshkian is currently leading the country. Key events The post Middle East in flames: Celebrations in Tehran over the death of Ali Khamenei; President Masoud Pezeshkian is currently leading the country appeared first on ProtoThema English.,7f8e0b39594ae96de80d75657bcd9bb8,0.0,0.0,0.020416795035683652,0.0,0.05252509015718061,0.05252509015718061,0,0,0,0,0,0,0.02888879958644934,Low
‘Never imagined this in Dubai’: Family WhatsApp chat reveals fear during Iran attacks,"The Middle East experienced a sudden escalation on Saturday. Following coordinated strikes in Iran, Iranian forces launched retaliatory attacks targeting the United Arab Emirates. Residents in Dubai heard explosions as air defence systems intercepted drones a…",https://timesofindia.indiatimes.com/etimes/trending/never-imagined-this-in-dubai-family-whatsapp-chat-reveals-fear-during-iran-attacks/articleshow/128903854.cms,The Times of India,2026-03-01 03:06:58+00:00,"‘Never imagined this in Dubai’: Family WhatsApp chat reveals fear during Iran attacks. The Middle East experienced a sudden escalation on Saturday. Following coordinated strikes in Iran, Iranian forces launched retaliatory attacks targeting the United Arab Emirates. Residents in Dubai heard explosions as air defence systems intercepted drones a…",dfdb727d54316a7e97eca97136b3bcb6,0.02364239742811989,0.010495622450852617,0.004986741963323403,0.014117106735555385,0.03227298636238235,0.03227298636238235,1,0,1,0,0,2,0.4677501422743103,Critical
"US, Israel clash with Iran at emergency Security Council meeting, UN chief condemns attacks","UNITED NATIONS: The United States and Israel clashed with Iran at an emergency meeting of the U.N. Security Council on Saturday (Feb 28), where the U.N. chief and many countries urged a halt to their attacks and a return to negotiations to prevent the conflic…",https://www.thestar.com.my/news/world/2026/03/01/us-israel-clash-with-iran-at-emergency-security-council-meeting-un-chief-condemns-attacks,The Star Online,2026-03-01 03:06:00+00:00,"US, Israel clash with Iran at emergency Security Council meeting, UN chief condemns attacks. UNITED NATIONS: The United States and Israel clashed with Iran at an emergency meeting of the U.N. Security Council on Saturday (Feb 28), where the U.N. chief and many countries urged a halt to their attacks and a return to negotiations to prevent the conflic…",b41af4ad911a0e6b1215450d044b2c28,0.0,0.07323102093303092,0.015548059107905236,0.04470833534449697,0.0,0.07323102093303092,0,0,0,0,0,0,0.04027706151316701,Moderate
"China urges immediate ceasefire after US, Israel strike Iran","<![CDATA[ On Sunday (Mar 1), China's embassy in Israel issued a notice advising Chinese citizens in Israel to evacuate to safer areas within the country as soon as possible or to leave for Egypt via the Taba border crossing. ]]>",https://www.channelnewsasia.com/east-asia/china-urges-immediate-ceasefire-after-us-israel-strike-iran-5961376,CNA,2026-03-01 03:03:39+00:00,"China urges immediate ceasefire after US, Israel strike Iran. <![CDATA[ On Sunday (Mar 1), China's embassy in Israel issued a notice advising Chinese citizens in Israel to evacuate to safer areas within the country as soon as possible or to leave for Egypt via the Taba border crossing. ]]>",17a6de93001ab4b0342e2e7ed37a1e0c,0.013600391683105952,0.01674451276097072,0.033150083140906804,0.0024825640644639867,0.0,0.033150083140906804,0,0,0,0,0,0,0.018232545727498745,Low
COMPLIATION: ***Operation: Roaring Lion / Epic Fury*** (2.28.26),"***Operation: Roaring Lion / Epic Fury*** In the joint military operations launched on 28 February 2026 (codenamed ""Operation Epic Fury"" by the US and ""Roaring Lion"" by Israel), the two nations focused on distinct but overlapping target sets to dismantle Iran…",https://freerepublic.com/focus/f-bloggers/4368778/posts,Freerepublic.com,2026-03-01 02:57:03+00:00,"COMPLIATION: ***Operation: Roaring Lion / Epic Fury*** (2.28.26). ***Operation: Roaring Lion / Epic Fury*** In the joint military operations launched on 28 February 2026 (codenamed ""Operation Epic Fury"" by the US and ""Roaring Lion"" by Israel), the two nations focused on distinct but overlapping target sets to dismantle Iran…",f25b91d3bcd9849e7d8c2f86563a6458,0.010700383358446646,0.015475713583630023,0.006184641795021112,0.0018803142879526096,0.0,0.015475713583630023,0,0,0,0,0,0,0.008511642470996514,Low
"Pro-Iran protests in Kashmir, Mirwaiz, Mehbooba Mufti condemn Israeli aggression","Protests against Israel and US actions targeting Iran swept through Shia-dominated areas of Kashmir, with demonstrators expressing solidarity with Tehran. Political leaders condemned the aggression, while Indian students in Iran urgently appealed for safe eva…",https://economictimes.indiatimes.com/news/india/pro-iran-protests-in-kashmir-mirwaiz-mufti-condemn-israeli-aggression/articleshow/128903639.cms,The Times of India,2026-03-01 02:38:57+00:00,"Pro-Iran protests in Kashmir, Mirwaiz, Mehbooba Mufti condemn Israeli aggression. Protests against Israel and US actions targeting Iran swept through Shia-dominated areas of Kashmir, with demonstrators expressing solidarity with Tehran. Political leaders condemned the aggression, while Indian students in Iran urgently appealed for safe eva…",9be148d95e2e8e7cbaf483992e0c739d,0.0,0.005001259764710881,0.024253041563721493,0.006673441712842625,0.0,0.024253041563721493,0,0,0,0,0,0,0.013339172860046822,Low
Mamdani's response to Trump's Iran strike sparks conservative backlash: 'Rooting for the Ayatollah',"NYC socialist Mayor Zohran Mamdani faces conservative backlash after condemning Trump's Iran strike that killed Ayatollah Khamenei, calling it an illegal war.",https://www.foxnews.com/politics/mamdanis-response-trumps-iran-strike-sparks-conservative-backlash-rooting-ayatollah,Fox News,2026-03-01 02:26:56+00:00,"Mamdani's response to Trump's Iran strike sparks conservative backlash: 'Rooting for the Ayatollah'. NYC socialist Mayor Zohran Mamdani faces conservative backlash after condemning Trump's Iran strike that killed Ayatollah Khamenei, calling it an illegal war.",0d45adf65940336c8a9cd1498e142eb3,0.031849686808049796,0.0,0.03184065116645281,0.004728198587154095,0.0,0.031849686808049796,0,0,1,0,0,1,0.24251732763192738,Critical
Russia accuses America of ‘pre-planned and unprovoked act of armed aggression’ against Iran,The Arab League called the Iranian attacks “a blatant violation of the sovereignty of countries that advocate for peace and strive for stability.”,https://fortune.com/2026/02/28/russia-reaction-iran-attack-trump-israel-world-leaders-reactions/,Fortune,2026-03-01 02:22:01+00:00,Russia accuses America of ‘pre-planned and unprovoked act of armed aggression’ against Iran. The Arab League called the Iranian attacks “a blatant violation of the sovereignty of countries that advocate for peace and strive for stability.”,a39a1a52a107104d3af0defb19d6fb34,0.0,0.0,0.003036157816496724,0.0028039014256985963,0.0,0.003036157816496724,0,0,0,0,0,0,0.0016698867990731982,Low
"World leaders react cautiously to US and Israeli strikes, death of Iran's Ali Khamenei","World leaders reacted warily to U.S. and Israeli strikes on Iran, following reports of Supreme Leader Ayatollah Ali Khamenei's death. While some nations expressed support, others, including Russia and China, criticized the action. European and Middle Eastern …",https://economictimes.indiatimes.com/news/international/global-trends/world-leaders-react-cautiously-to-us-and-israeli-strikes-death-of-iran-ali-khamenei/articleshow/128903068.cms,The Times of India,2026-03-01 01:58:45+00:00,"World leaders react cautiously to US and Israeli strikes, death of Iran's Ali Khamenei. World leaders reacted warily to U.S. and Israeli strikes on Iran, following reports of Supreme Leader Ayatollah Ali Khamenei's death. While some nations expressed support, others, including Russia and China, criticized the action. European and Middle Eastern …",3304ef8d94e8a57455b7db6d43ddfcb2,0.026156351253329695,0.0,0.005362989493185577,0.004952737899277067,0.011288354072353674,0.026156351253329695,0,0,0,0,0,0,0.014385993189331333,Low
US strikes on Iran lead to renewed demands for war powers legislation,"Democratic lawmakers have largely condemned the strikes on Iran, emphasising the lack of congressional approval.",https://www.aljazeera.com/news/2026/3/1/us-strikes-on-iran-lead-to-renewed-demands-for-war-powers-legislation,Al Jazeera English,2026-03-01 01:48:20+00:00,"US strikes on Iran lead to renewed demands for war powers legislation. Democratic lawmakers have largely condemned the strikes on Iran, emphasising the lack of congressional approval.",9be930e4315ed83476161caec2a2777b,0.008554873767656604,0.0,0.007365140161308331,0.006801730426052346,0.0,0.008554873767656604,0,0,0,0,0,0,0.004705180572211132,Low
"FULL REMARKS: Israeli UN Ambassador Danny Danon Defends Strikes On Iran At Security Council Meeting. [Evokes Book
Of Esther / Purim]","Forbes Breaking News. Feb 28, 2026. Israeli UN Ambassador Danny Danon speaks at a UN Security Council meeting following the U.S.-Israeli strikes on Iran. https://www.youtube.com/watch?v=kSnwleH5DzE >> Mr. President, for 47 years, the Islamic regime in Iran ha…",https://freerepublic.com/focus/f-news/4368769/posts,Freerepublic.com,2026-03-01 01:44:41+00:00,"FULL REMARKS: Israeli UN Ambassador Danny Danon Defends Strikes On Iran At Security Council Meeting. [Evokes Book Of Esther / Purim]. Forbes Breaking News. Feb 28, 2026. Israeli UN Ambassador Danny Danon speaks at a UN Security Council meeting following the U.S.-Israeli strikes on Iran. https://www.youtube.com/watch?v=kSnwleH5DzE >> Mr. President, for 47 years, the Islamic regime in Iran ha…",f9c1f763b679e85b607b0db82bdabeda,0.0,0.0,0.00589828172023949,0.005447081977982985,0.0,0.00589828172023949,0,0,0,0,0,0,0.0032440549461317195,Low
Killing of Khamenei an attempt to 'kill an era' in Iran: Analyst,"Khamenei has followers in Lebanon, Iraq, Bahrain, UAE and many other countries so there is a risk of major escalation in those areas, says an analyst.",https://www.channelnewsasia.com/world/iran-khamenei-killed-us-israel-attack-analysts-5961246,CNA,2026-03-01 01:25:00+00:00,"Killing of Khamenei an attempt to 'kill an era' in Iran: Analyst. Khamenei has followers in Lebanon, Iraq, Bahrain, UAE and many other countries so there is a risk of major escalation in those areas, says an analyst.",efd2ffbe97af30a21daad7d4a134c037,0.030912272975900473,0.0,0.003260065509415841,0.0030106808941404582,0.0,0.030912272975900473,1,0,0,0,0,1,0.24200175002424526,Critical
US and Israel clash with Iran at emergency Security Council meeting. UN chief condemns attacks,The United Nations Security Council convened an emergency session as the United States and Iran clashed over recent airstrikes. UN chief Antonio Guterres urged an end to attacks and a return to talks to prevent wider regional conflict. Ambassadors from both n…,https://economictimes.indiatimes.com/news/defence/us-and-israel-clash-with-iran-at-emergency-security-council-meeting-un-chief-condemns-attacks/articleshow/128902609.cms,The Times of India,2026-03-01 01:24:23+00:00,US and Israel clash with Iran at emergency Security Council meeting. UN chief condemns attacks. The United Nations Security Council convened an emergency session as the United States and Iran clashed over recent airstrikes. UN chief Antonio Guterres urged an end to attacks and a return to talks to prevent wider regional conflict. Ambassadors from both n…,e4bf69c7234d88658c5a867c96ece3a1,0.013458488181945644,0.047541822829119736,0.009938553969172407,0.06988014361340347,0.01161661872521688,0.06988014361340347,0,0,0,0,0,0,0.03843407898737191,Low
"Ali Khamenei, Who Based Iron Rule On Hostility To U.S. And Israel, Killed By U.S.-Israeli Airstrikes",He was killed on Saturday in air strikes by Israel and the U.S. that pulverised his central Tehran compound.,https://www.huffpost.com/entry/irans-alikhamenei-who-based-iron-rule-on-hostility-to-us-killed-by-us-israeli-airstrikes_n_69a3b94ce4b008ee6ce25d72,HuffPost,2026-03-01 04:08:51+00:00,"Ali Khamenei, Who Based Iron Rule On Hostility To U.S. And Israel, Killed By U.S.-Israeli Airstrikes. He was killed on Saturday in air strikes by Israel and the U.S. that pulverised his central Tehran compound.",75a4e8df592bb3561f118e6f1c3d789b,0.0,0.015215495694513529,0.0333663760370513,0.0,0.0,0.0333663760370513,0,0,0,0,0,0,0.018351506820378217,Low
Iran is set to play 2 matches in Los Angeles at the 2026 FIFA World Cup. Will that still happen?,"Saturday’s major military attack on Iran by U.S. and Israeli forces is impacting everything from international diplomacy to the game of soccer. The move by President Trump to strike multiple targets in Iran comes just months before the 2026 FIFA World Cup, wh…",https://freerepublic.com/focus/f-chat/4368782/posts,Freerepublic.com,2026-03-01 03:53:31+00:00,"Iran is set to play 2 matches in Los Angeles at the 2026 FIFA World Cup. Will that still happen?. Saturday’s major military attack on Iran by U.S. and Israeli forces is impacting everything from international diplomacy to the game of soccer. The move by President Trump to strike multiple targets in Iran comes just months before the 2026 FIFA World Cup, wh…",1647b0046fcf95974ebfd8f1f38c2eee,0.04629636283358564,0.01274416608463678,0.030999695699458284,0.006391145088145275,0.0,0.04629636283358564,0,0,0,0,0,0,0.025462999558472102,Low
How have US politicians reacted to the attack on Iran?,"Republicans largely rally behind Trump's strikes on Iran, while Democrats fail to offer singular message of opposition.",https://www.aljazeera.com/news/2026/2/28/how-have-us-politicians-reacted-to-the-attack-on-iran,Al Jazeera English,2026-02-28 23:56:51+00:00,"How have US politicians reacted to the attack on Iran?. Republicans largely rally behind Trump's strikes on Iran, while Democrats fail to offer singular message of opposition.",b40ce67fe4272e7ea8e9a6057a3ec932,0.0,0.0,0.028143801043174477,0.007200631651020539,0.0,0.028143801043174477,0,0,0,0,0,0,0.015479090573745963,Low
"Iran's Ayatollah Ali Khamenei is killed in Israeli strike, ending 36-year iron rule","Iran's supreme leader, Ayatollah Ali Khamenei, was killed in Israeli attacks, with U.S. support, on Saturday. He was 86 years old. A plume of smoke rises following a reported explosion in Tehran on Saturday, February 28, 2026. Israel's defense ministry said i…",https://freerepublic.com/focus/f-news/4368759/posts,Freerepublic.com,2026-02-28 23:51:51+00:00,"Iran's Ayatollah Ali Khamenei is killed in Israeli strike, ending 36-year iron rule. Iran's supreme leader, Ayatollah Ali Khamenei, was killed in Israeli attacks, with U.S. support, on Saturday. He was 86 years old. A plume of smoke rises following a reported explosion in Tehran on Saturday, February 28, 2026. Israel's defense ministry said i…",d9a9f10c6c6c6091faf82348f39820e3,0.01240309384157388,0.0050901417141716206,0.03502729515951473,0.004528027688719326,0.0,0.03502729515951473,0,0,0,0,0,0,0.019265012337733103,Low
Wow Finish: Stanley Kramer brings down the curtain in On the Beach,"In Nevil Shute's 1957 novel On the Beach there's a scene set in the ""Pastoral Club"" in Melbourne – a fictional combination of the real-life Australian Club and Melbourne Club, relics of the country's ""more British than Britain"" men's social clubs. John Osborn…",https://freerepublic.com/focus/f-chat/4368757/posts,Freerepublic.com,2026-02-28 23:28:15+00:00,"Wow Finish: Stanley Kramer brings down the curtain in On the Beach. In Nevil Shute's 1957 novel On the Beach there's a scene set in the ""Pastoral Club"" in Melbourne – a fictional combination of the real-life Australian Club and Melbourne Club, relics of the country's ""more British than Britain"" men's social clubs. John Osborn…",5a16b3b7d6b7013ea85590ac0f4e8058,0.0,0.0,0.0,0.0,0.0,0.0,0,0,0,0,0,0,0.0,Low
Ali Khamenei mastered the art of pitting his enemies against each other,"A conservative Islamic scholar with a head for politics, Iran's Supreme Leader Ayatollah Ali Khamenei succeeded his mentor in the wake of the Iran-Iraq War — and consolidated his grip on power over the following decades.",https://www.abc.net.au/news/2026-03-01/ayatollah-ali-khamenei-obituary-supreme-leader-iran-revolution/105436050,ABC News (AU),2026-02-28 23:11:29+00:00,"Ali Khamenei mastered the art of pitting his enemies against each other. A conservative Islamic scholar with a head for politics, Iran's Supreme Leader Ayatollah Ali Khamenei succeeded his mentor in the wake of the Iran-Iraq War — and consolidated his grip on power over the following decades.",99558c37c0b63ff91264ad44e155b2f1,0.006903916779015812,0.0,0.005943783172079283,0.0054891027138590145,0.0,0.006903916779015812,0,0,0,0,0,0,0.003797154228458697,Low
Ayatollah Ali Khamenei: The leader who shaped Iran’s defiance,"The supreme leader of the Islamic Republic of Iran, has been killed in a joint US-Israeli air strikes on Saturday.",https://www.aljazeera.com/news/2026/2/28/ayatollah-ali-khamenei-the-leader-who-shaped-irans-defiance,Al Jazeera English,2026-02-28 22:20:41+00:00,"Ayatollah Ali Khamenei: The leader who shaped Iran’s defiance. The supreme leader of the Islamic Republic of Iran, has been killed in a joint US-Israeli air strikes on Saturday.",c465c842408123ab76a70ed167814673,0.0,0.0,0.008239459432332685,0.007609167061006195,0.0,0.008239459432332685,0,0,0,0,0,0,0.004531702687782977,Low
Strikes on Iran spark travel chaos as airlines cancel flights,"Airlines suspended flights across the Middle East on Saturday, including to and from the world's busiest travel hub Dubai, after the U.S. and Israel launched strikes on Iran. Flight maps showed airspace over Iran, Iraq, Kuwait, Israel ‌and Bahrain virtually e…",https://japantoday.com/category/world/us-strikes-on-iran-spark-travel-chaos-as-airlines-cancel-flights1,Japan Today,2026-02-28 21:26:37+00:00,"Strikes on Iran spark travel chaos as airlines cancel flights. Airlines suspended flights across the Middle East on Saturday, including to and from the world's busiest travel hub Dubai, after the U.S. and Israel launched strikes on Iran. Flight maps showed airspace over Iran, Iraq, Kuwait, Israel ‌and Bahrain virtually e…",80023e0d9c9acfaced63d22be4b06611,0.012655075277126913,0.01077491142291481,0.01835803955208427,0.007188763104171714,0.03358510974708366,0.03358510974708366,0,0,0,0,0,0,0.018471810360896016,Low
"What To Watch This Week: 40+ Premieres, Finales, And More",TVLine offers a look at the week ahead: a handy roundup of new TV premieres and finales to help you plan your viewing for March 1-7.,https://www.tvline.com/2110229/what-to-watch-week-of-march-1-2026/,TVLine,2026-02-28 21:00:00+00:00,"What To Watch This Week: 40+ Premieres, Finales, And More. TVLine offers a look at the week ahead: a handy roundup of new TV premieres and finales to help you plan your viewing for March 1-7.",882e24d5e942fbeb3390016675ba5490,0.0,0.0,0.0,0.0,0.0,0.0,0,0,0,0,0,0,0.0,Low
‘This could work to Moscow’s advantage in the conflict in Ukraine’: Russian analysts on the Iran strikes,"From regime change ambitions to missile arsenals and oil markets, Russian experts break down the strategy, Iran’s potential response, and the unfolding crisis in the Middle East",https://www.rt.com/news/633223-they-didnt-catch-iran-off-guard/,RT,2026-02-28 19:54:26+00:00,"‘This could work to Moscow’s advantage in the conflict in Ukraine’: Russian analysts on the Iran strikes. From regime change ambitions to missile arsenals and oil markets, Russian experts break down the strategy, Iran’s potential response, and the unfolding crisis in the Middle East",63a289d7ec815536e5b6c2795c71a513,0.015520947253063992,0.0,0.02819502277816107,0.005243198839792987,0.06898116533105209,0.06898116533105209,0,0,1,0,0,1,0.26293964081957866,Critical
NOT IRAQ 2.0: The 118-Year Empire Trump Just Ended,"RunTime 15 m 23 s ... the U.S. and Israel’s major combat operations against Iran, announced by President Trump as Operation Epic Fury, are being miscast as “Iraq 2.0” and “regime change.” She cites Trump’s message to Iranians to “take over your government” an…",https://freerepublic.com/focus/f-bloggers/4368727/posts,Freerepublic.com,2026-02-28 19:36:46+00:00,"NOT IRAQ 2.0: The 118-Year Empire Trump Just Ended. RunTime 15 m 23 s ... the U.S. and Israel’s major combat operations against Iran, announced by President Trump as Operation Epic Fury, are being miscast as “Iraq 2.0” and “regime change.” She cites Trump’s message to Iranians to “take over your government” an…",85b68063d37e8008a32da973ce88de0f,0.0,0.0057244046882575445,0.008374591619351654,0.0025461238984466265,0.0,0.008374591619351654,0,0,0,0,0,0,0.00460602539064341,Low
Polymarket Bravely Defends Betting On World War 3 As A Valuable Public Service,"Controversial gambling platform acknowledges tragedy, but someone must win big",https://kotaku.com/polymarket-ww3-bomb-iran-trum-prediction-market-2000674772,Kotaku,2026-02-28 19:30:18+00:00,"Polymarket Bravely Defends Betting On World War 3 As A Valuable Public Service. Controversial gambling platform acknowledges tragedy, but someone must win big",b1169e4ecbf9853df306e29bd6725bea,0.06331053042618981,0.0,0.0,0.0,0.0,0.06331053042618981,1,0,0,0,0,1,0.2598207916219044,Critical
Techno‑Feudal Elite Are Attempting to Build a Twenty‑First‑Century Fascist State,Introduction: Fascism at the End of Industrial Civilization This essay argues that the United States is drifting toward a distinctly twenty‑first‑century form of fascism driven not by mass parties …,https://collapseofindustrialcivilization.com/2026/02/16/americas-oligarchic-techno-feudal-elite-are-attempting-to-build-a-twenty-first-century-fascist-state/,Collapseofindustrialcivilization.com,2026-02-28 18:57:43+00:00,Techno‑Feudal Elite Are Attempting to Build a Twenty‑First‑Century Fascist State. Introduction: Fascism at the End of Industrial Civilization This essay argues that the United States is drifting toward a distinctly twenty‑first‑century form of fascism driven not by mass parties …,bc7bcde68a377c8de83fc2650f9279b0,0.0,0.03584684706712381,0.0,0.032486808943817454,0.0,0.03584684706712381,0,0,0,0,0,0,0.019715765886918094,Low
Did Iran deploy Kamikaze Drones against Arab nations? How they work and why they are deadly,"Today, the United States and Israel launched a joint military strike on Iran in an operation the Pentagon is calling ""Operation Epic Fury"" and Israel is calling ""Operation Roaring Lion."" Strikes have hit Tehran, Isfahan, Qom, Karaj, and Kermanshah. President …",https://economictimes.indiatimes.com/news/international/us/did-iran-deploy-kamikaze-drones-against-arab-nations-how-they-work-and-why-they-are-deadly/articleshow/128891882.cms,The Times of India,2026-02-28 17:26:51+00:00,"Did Iran deploy Kamikaze Drones against Arab nations? How they work and why they are deadly. Today, the United States and Israel launched a joint military strike on Iran in an operation the Pentagon is calling ""Operation Epic Fury"" and Israel is calling ""Operation Roaring Lion."" Strikes have hit Tehran, Isfahan, Qom, Karaj, and Kermanshah. President …",c6d51a1e41bc9df42c60fb1e07973523,0.05396546112159524,0.07416510273902413,0.040455342067140396,0.03383557957292964,0.0,0.07416510273902413,0,0,0,0,0,0,0.04079080650646327,Moderate
"Saudi Arabia SLAMS “Brutal Iranian Aggression” Against Bahrain, Qatar, UAE, Jordan, and Kuwait — Gulf States Vow FULL RIGHT to Retaliate After Tehran’s Attack","A major geopolitical flashpoint erupted across the Middle East on Saturday after Iran launched missile and drone attacks targeting multiple Gulf nations, prompting Saudi Arabia to issue a blistering condemnation of what it described as “brutal Iranian aggress…",https://freerepublic.com/focus/f-chat/4368700/posts,Freerepublic.com,2026-02-28 16:42:28+00:00,"Saudi Arabia SLAMS “Brutal Iranian Aggression” Against Bahrain, Qatar, UAE, Jordan, and Kuwait — Gulf States Vow FULL RIGHT to Retaliate After Tehran’s Attack. A major geopolitical flashpoint erupted across the Middle East on Saturday after Iran launched missile and drone attacks targeting multiple Gulf nations, prompting Saudi Arabia to issue a blistering condemnation of what it described as “brutal Iranian aggress…",000df31d3bb748020f1f83b1f6b6aec5,0.0,0.009171478693952767,0.08808344484144286,0.041222830406670616,0.04137688298423679,0.08808344484144286,0,0,0,0,0,0,0.04844589466279357,Moderate
JONATHAN TURLEY: Trump strikes Iran — precedent and history are on his side,"Trump administration cites 2001 and 2002 Authorizations for Use of Military Force to justify Iran attacks, following precedent set by Obama and Biden administrations.",https://www.foxnews.com/opinion/jonathan-turley-trump-strikes-iran-precedent-history-his-side,Fox News,2026-02-28 15:53:39+00:00,"JONATHAN TURLEY: Trump strikes Iran — precedent and history are on his side. Trump administration cites 2001 and 2002 Authorizations for Use of Military Force to justify Iran attacks, following precedent set by Obama and Biden administrations.",7e576fb4502b22c9f7514c9c673dda9e,0.015383430533437352,0.01617105313806991,0.005854312482632955,0.005406476246837528,0.0,0.01617105313806991,0,0,1,0,0,1,0.23389407911343846,Critical
GOP Rep Massie joins Democrats in opposition to US Iran strikes,"Rep. Thomas Massie joined Democrats opposing President Donald Trump's Iran strikes, citing lack of congressional approval for military action against Iranian targets.",https://www.foxnews.com/politics/gop-rep-massie-joins-democrats-opposition-us-iran-strikes,Fox News,2026-02-28 14:46:28+00:00,"GOP Rep Massie joins Democrats in opposition to US Iran strikes. Rep. Thomas Massie joined Democrats opposing President Donald Trump's Iran strikes, citing lack of congressional approval for military action against Iranian targets.",59cd4f08f8c48ee5578e12d5003d462e,0.01461266772661236,0.015360827728404422,0.005560991281530451,0.00513559318223191,0.0,0.015360827728404422,0,0,1,0,0,1,0.23344845513812243,Critical
"Baba Vanga prediction for World War 3: US-Israel-Iran, Pakistan-Afghanistan, Russia-Ukraine -- how close are we to World War III?",Baba Vanga predictions for 2026: The current scenario has not escalated into World War 3 like situation but there are geo-political conflicts which must be checked at the earliest.,https://economictimes.indiatimes.com/news/international/us/baba-vanga-prediction-for-world-war-3-us-israel-iran-pakistan-afghanistan-russia-ukraine-how-close-are-we-to-world-war-iii/articleshow/128888245.cms,The Times of India,2026-02-28 14:15:16+00:00,"Baba Vanga prediction for World War 3: US-Israel-Iran, Pakistan-Afghanistan, Russia-Ukraine -- how close are we to World War III?. Baba Vanga predictions for 2026: The current scenario has not escalated into World War 3 like situation but there are geo-political conflicts which must be checked at the earliest.",cae531b8c2c132ce91942407758e41df,0.12844909391611084,0.005065590294998985,0.023079577016758543,0.0022530937647181138,0.0,0.12844909391611084,2,0,0,0,0,2,0.520647001428861,Critical
"World reacts to US, Israel attack on Iran, Tehran retaliation",EU urges 'maximum restraint'; mediator Oman warns US 'not to get sucked in' further into conflict.,https://www.aljazeera.com/news/2026/2/28/world-reacts-to-us-israel-attack-on-iran-tehran-retaliation,Al Jazeera English,2026-02-28 13:52:05+00:00,"World reacts to US, Israel attack on Iran, Tehran retaliation. EU urges 'maximum restraint'; mediator Oman warns US 'not to get sucked in' further into conflict.",19c2819fcf92942e7c55f9d62ffc182e,0.04024398167850658,0.008077400374937935,0.05169351943942749,0.003592698848517528,0.018359301899321227,0.05169351943942749,0,0,0,0,0,0,0.02843143569168512,Low
Leader Of 'Board Of Peace' Starts His War With Iran,"Without securing Congressional authority, Trump has started bombing Iran with one of the goals being forced regime change.
This is also a clear distraction from the Epstein Files.
Trump declared war in a 3am video (I think from Mar-a-Lago) while he wore a whi…",https://crooksandliars.com/2026/02/leader-board-peace-starts-war-iran,Crooksandliars.com,2026-02-28 13:23:00+00:00,"Leader Of 'Board Of Peace' Starts His War With Iran. Without securing Congressional authority, Trump has started bombing Iran with one of the goals being forced regime change. This is also a clear distraction from the Epstein Files. Trump declared war in a 3am video (I think from Mar-a-Lago) while he wore a whi…",6e446135cb1ed85c39045280af36566c,0.0123993328018029,0.0,0.0053374734959415965,0.004929173794452941,0.0,0.0123993328018029,0,0,0,0,0,0,0.006819633040991595,Low
Why did US attack Iran and will it lead to World War 3? Full update on Operation Epic Fury and Middle East tensions,"Why did US attack Iran and will it lead to World War 3? The United States launched Operation Epic Fury, targeting Iranian military bases. Iran retaliated with missile strikes across the Gulf. The conflict has involved Israel and Gulf states, raising fears of …",https://economictimes.indiatimes.com/news/international/us/why-did-us-attack-iran-and-will-it-lead-to-world-war-3-full-update-on-operation-epic-fury-and-middle-east-tensions/articleshow/128886461.cms,The Times of India,2026-02-28 13:07:09+00:00,"Why did US attack Iran and will it lead to World War 3? Full update on Operation Epic Fury and Middle East tensions. Why did US attack Iran and will it lead to World War 3? The United States launched Operation Epic Fury, targeting Iranian military bases. Iran retaliated with missile strikes across the Gulf. The conflict has involved Israel and Gulf states, raising fears of …",aa0f27f550b9f5a52925b98ae3b9a494,0.10295264327282096,0.056100204325492696,0.052592301060343336,0.07450699653030517,0.05459633006428256,0.10295264327282096,1,0,0,0,0,1,0.28162395368755155,Critical
"Airlines Halt Middle East Flights After US, Israel Strike Iran","REUTERS—Global airlines suspended flights across the Middle East on Saturday after the United States and Israel launched strikes on Iran, plunging the region into a renewed... Read More
The post Airlines Halt Middle East Flights After US, Israel Strike Iran a…",https://www.dailysignal.com/2026/02/28/airlines-halt-middle-east-flights-after-us-israel-strike-iran/,Daily Signal,2026-02-28 12:40:59+00:00,"Airlines Halt Middle East Flights After US, Israel Strike Iran. REUTERS—Global airlines suspended flights across the Middle East on Saturday after the United States and Israel launched strikes on Iran, plunging the region into a renewed... Read More The post Airlines Halt Middle East Flights After US, Israel Strike Iran a…",64d2fcfbdcbecbf44362d2178a42e170,0.04108868037479147,0.06109893069686102,0.045109936775109286,0.033635092366809574,0.08959470990627837,0.08959470990627837,0,0,0,0,0,0,0.049277090448453104,Moderate
Fetterman praises Operation Epic Fury: Trump is 'willing to do what's right',"Lawmakers reacted Saturday to the U.S. and Israel launching strikes on Iran, with Sen. John Fetterman saying, ""President Trump has been willing to do what's right.""",https://www.foxnews.com/politics/fetterman-praises-operation-epic-fury-trump-willing-do-whats-right,Fox News,2026-02-28 12:31:31+00:00,"Fetterman praises Operation Epic Fury: Trump is 'willing to do what's right'. Lawmakers reacted Saturday to the U.S. and Israel launching strikes on Iran, with Sen. John Fetterman saying, ""President Trump has been willing to do what's right.""",5100c7a40e8365aff50bd2bffe210255,0.0,0.006047696093883876,0.008847554948048602,0.002689918759022454,0.0,0.008847554948048602,0,0,0,0,0,0,0.004866155221426732,Low
"Area Man Accidentally Hacks 6,700 Camera-Enabled Robot Vacuums","Plus: The top US cyber agency falls into shambles, AI models develop an upsetting penchant for nuclear weapons, and more.",https://www.wired.com/story/security-news-this-week-area-man-accidentally-hacks-6700-camera-enabled-robot-vacuums/,Wired,2026-02-28 11:30:00+00:00,"Area Man Accidentally Hacks 6,700 Camera-Enabled Robot Vacuums. Plus: The top US cyber agency falls into shambles, AI models develop an upsetting penchant for nuclear weapons, and more.",ca509a701e3ff7afafcde24accd4f7fc,0.02127879978581824,0.0,0.021950778610857685,0.0,0.0,0.021950778610857685,1,0,0,0,0,1,0.23707292812347172,Critical
Iran war: What is the Strait of Hormuz and why is it so important for world trade?,"Strait of Hormuz: The strait lies between Oman and Iran and links the Gulf north of it with the Gulf of Oman to the south and the ‌Arabian Sea beyond. It ⁠is 21 ⁠miles (33 km) wide at its narrowest point, with the shipping lane just 2 miles (3 km) wide in eit…",https://economictimes.indiatimes.com/news/international/world-news/iran-war-what-is-the-strait-of-hormuz-and-why-is-it-so-important-for-world-trade/articleshow/128883464.cms,The Times of India,2026-02-28 11:11:25+00:00,"Iran war: What is the Strait of Hormuz and why is it so important for world trade?. Strait of Hormuz: The strait lies between Oman and Iran and links the Gulf north of it with the Gulf of Oman to the south and the ‌Arabian Sea beyond. It ⁠is 21 ⁠miles (33 km) wide at its narrowest point, with the shipping lane just 2 miles (3 km) wide in eit…",5db1f93b5e94d248e668d710adddd461,0.015186761682185726,0.0,0.004218388122245872,0.03479704215841271,0.020867990836675863,0.03479704215841271,0,0,0,1,0,1,0.244138373074627,Critical
US and Israel attack Iran: What we know so far,"The US and Israel bomb multiple Iranian cities, including capital Tehran. Iran hits back, launching missiles at Israel.",https://www.aljazeera.com/news/2026/2/28/us-and-israel-attack-iran-what-we-know-so-far,Al Jazeera English,2026-02-28 09:24:42+00:00,"US and Israel attack Iran: What we know so far. The US and Israel bomb multiple Iranian cities, including capital Tehran. Iran hits back, launching missiles at Israel.",a67166c9b74be2d7d84673c1796a44ad,0.0,0.023564129951343157,0.06946760993457578,0.006987299429090426,0.0,0.06946760993457578,0,0,0,0,0,0,0.038207185464016684,Low
US-Iran conflict: The enmity goes back to four decades and counting,"US-Iran Conflict: Decades of escalating tensions between the US and Iran, marked by the 1979 hostage crisis and subsequent sanctions, have culminated in recent strikes. The article chronicles key events, including the 'axis of evil' designation, the US withdr…",https://economictimes.indiatimes.com/news/defence/us-iran-conflict-the-enmity-goes-back-to-four-decades-and-counting-1979-hostage-crisis-nuclear-deal/articleshow/128879342.cms,The Times of India,2026-02-28 08:24:28+00:00,"US-Iran conflict: The enmity goes back to four decades and counting. US-Iran Conflict: Decades of escalating tensions between the US and Iran, marked by the 1979 hostage crisis and subsequent sanctions, have culminated in recent strikes. The article chronicles key events, including the 'axis of evil' designation, the US withdr…",f1033e805b64b72d38e16042b1de4b18,0.028718411725775737,0.0,0.007878823769110744,0.007276118875970636,0.02478813629748312,0.028718411725775737,0,0,0,0,0,0,0.015795126449176657,Low
Pakistan Pledges 'Open War' With Afghanistan; Taliban's Supreme Emir Reported Killed in Airstrike,"The ongoing tensions between Pakistan and Afghanistan have boiled over into what looks like a full-fledged war. Pakistani Defense Minister Khawaja Muhammad Asif, in a carefully crafted statement, took the Taliban to task for violating ""the rights that Islam g…",https://freerepublic.com/focus/f-news/4368629/posts,Freerepublic.com,2026-02-28 03:06:32+00:00,"Pakistan Pledges 'Open War' With Afghanistan; Taliban's Supreme Emir Reported Killed in Airstrike. The ongoing tensions between Pakistan and Afghanistan have boiled over into what looks like a full-fledged war. Pakistani Defense Minister Khawaja Muhammad Asif, in a carefully crafted statement, took the Taliban to task for violating ""the rights that Islam g…",1263ba4832a20d59b50852ef76bbab8d,0.01089723012056719,0.0,0.0,0.0,0.0,0.01089723012056719,0,0,0,0,0,0,0.005993476566311955,Low
Now We Wait For War With Iran To Begin As A Rare 6 Planet Parade And A Blood Moon Eclipse Loom,Negotiations with Iran have reached a breaking point just as a parade of 6 planets is appearing in the night sky and a major blood moon eclipse is approaching next week. The skeptics will continue to insist that this is “just a coincidence” even as the missil…,https://www.shtfplan.com/war/now-we-wait-for-war-with-iran-to-begin-as-a-rare-6-planet-parade-and-a-blood-moon-eclipse-loom,Shtfplan.com,2026-02-27 23:30:42+00:00,Now We Wait For War With Iran To Begin As A Rare 6 Planet Parade And A Blood Moon Eclipse Loom. Negotiations with Iran have reached a breaking point just as a parade of 6 planets is appearing in the night sky and a major blood moon eclipse is approaching next week. The skeptics will continue to insist that this is “just a coincidence” even as the missil…,4195878cce98fcd6da6c2bd9374e47c0,0.005202181417722335,0.0,0.004478709601880435,0.004136102599729963,0.0,0.005202181417722335,0,0,0,0,0,0,0.0028611997797472846,Low
Apocalypse Algorithm: AI Always Opts for Nuclear War. Pentagon Responds by Deploying Its Thermonuclear Forces,"The idea that artificial intelligence (AI) poses a threat to humanity is relatively new. It has been present in ethical debates, media and public discourse for around half a century now. Movies such as “The Terminator” or “The Matrix”, which 

…

The post A…",https://www.globalresearch.ca/apocalypse-algorithm-ai-always-opts-for-nuclear-war-pentagon-responds-by-deploying-its-thermonuclear-forces/5917430,Globalresearch.ca,2026-02-27 21:52:18+00:00,"Apocalypse Algorithm: AI Always Opts for Nuclear War. Pentagon Responds by Deploying Its Thermonuclear Forces. The idea that artificial intelligence (AI) poses a threat to humanity is relatively new. It has been present in ethical debates, media and public discourse for around half a century now. Movies such as “The Terminator” or “The Matrix”, which    …   The post A…",e92710cbe686ad9425cb0667cc7743a0,0.023221782636023338,0.0,0.017902708367804304,0.0,0.0,0.023221782636023338,2,0,0,0,0,2,0.4627719802248128,Critical
What in the World?,"Test yourself on the week of Feb. 27: The ICC begins hearings against Rodrigo Duterte, the Russia-Ukraine war marks a grim anniversary, and China continues its feud with Japan.",http://foreignpolicy.com/2026/02/27/news-quiz-icc-rodrigo-duterte-russia-ukraine-war-mexico-china-japan-olympics/,Foreign Policy,2026-02-27 20:58:06+00:00,"What in the World?. Test yourself on the week of Feb. 27: The ICC begins hearings against Rodrigo Duterte, the Russia-Ukraine war marks a grim anniversary, and China continues its feud with Japan.",9954023781b08645fc52d713dedb9499,0.023348983468397345,0.0,0.0,0.0,0.0,0.023348983468397345,0,0,0,0,0,0,0.01284194090761854,Low
I Never Would’ve Guessed the Skynet Problem Would Come Before the Mass Layoffs,You don't need to worry about AI taking your job during a nuclear apocalypse.,https://gizmodo.com/i-never-wouldve-guessed-the-skynet-problem-would-come-before-the-mass-layoffs-2000727677,Gizmodo.com,2026-02-27 20:00:05+00:00,I Never Would’ve Guessed the Skynet Problem Would Come Before the Mass Layoffs. You don't need to worry about AI taking your job during a nuclear apocalypse.,34880d867d38464de47979385b980f87,0.02548320976654569,0.0,0.02628796273802531,0.0,0.0,0.02628796273802531,1,0,0,0,0,1,0.2394583793934139,Critical
Daily Press Briefing by the Office of the Spokesperson for the Secretary-General,"The UN and its humanitarian partners, in support of the authorities in Niger, have released this year’s Humanitarian Needs and Response Plan. It calls for $674 million to support 2 million people in the country, where insecurity, forced displacement and clima…",https://press.un.org/en/2026/db260227.doc.htm,UN News,2026-02-27 19:03:00+00:00,"Daily Press Briefing by the Office of the Spokesperson for the Secretary-General. The UN and its humanitarian partners, in support of the authorities in Niger, have released this year’s Humanitarian Needs and Response Plan. It calls for $674 million to support 2 million people in the country, where insecurity, forced displacement and clima…",2725e0fe304b73dc795903b6fe479e1b,0.0,0.0,0.0,0.0,0.0,0.0,0,0,0,0,0,0,0.0,Low
Trump Said We ‘Obliterated’ Iran’s Nuclear Program Last June. So Why Are We About To Go War?,"Last June when the United States targeted Iran’s nuclear facilities in a series of coordinated airstrikes with Israel, President Trump boasted that “Iran’s key nuclear enrichment facilities have been completely and totally obliterated.” He said that on the da…",https://freerepublic.com/focus/f-news/4368552/posts,Freerepublic.com,2026-02-27 17:25:01+00:00,"Trump Said We ‘Obliterated’ Iran’s Nuclear Program Last June. So Why Are We About To Go War?. Last June when the United States targeted Iran’s nuclear facilities in a series of coordinated airstrikes with Israel, President Trump boasted that “Iran’s key nuclear enrichment facilities have been completely and totally obliterated.” He said that on the da…",8816a33f72d6c94fcfe80b9d03f76243,0.0573418087203404,0.03775971120212253,0.1327097380901487,0.03644236534516478,0.0,0.1327097380901487,1,0,0,0,0,1,0.2979903558370818,Critical
"As OpenAI raises its megaround, Anthropic’s battles multiply, and the SaaSpocalypse widens — but Dell cashes in","Investors continue to get pickier as what otherwise look like really good earnings results elicit skepticism and worry — and even tech gods such as Nvidia are getting hit. Some companies such as Snowflake appear to holding up. Others, such as Workday, not so …",https://siliconangle.com/2026/02/27/openai-raises-megaround-anthropics-battles-multiply-saaspocalypse-widens/,SiliconANGLE News,2026-02-27 16:00:21+00:00,"As OpenAI raises its megaround, Anthropic’s battles multiply, and the SaaSpocalypse widens — but Dell cashes in. Investors continue to get pickier as what otherwise look like really good earnings results elicit skepticism and worry — and even tech gods such as Nvidia are getting hit. Some companies such as Snowflake appear to holding up. Others, such as Workday, not so …",a701ce93af344da319be3686ac1bcccd,0.0,0.0,0.0,0.0,0.0,0.0,0,0,0,0,0,0,0.0,Low
Is the US preparing to strike Iran again? Latest developments on Iran war fears,A Trump adviser says there's a 90% chance of a US military strike on Iran within weeks. Two aircraft carriers now circle Iranian waters. The US Embassy in Israel is evacuating. China ordered its citizens out of Iran. Bomb shelters opened across Israeli cities…,https://economictimes.indiatimes.com/news/international/us/is-the-us-preparing-to-strike-iran-again-latest-developments-on-iran-war-fears/articleshow/128854393.cms,The Times of India,2026-02-27 14:19:31+00:00,Is the US preparing to strike Iran again? Latest developments on Iran war fears. A Trump adviser says there's a 90% chance of a US military strike on Iran within weeks. Two aircraft carriers now circle Iranian waters. The US Embassy in Israel is evacuating. China ordered its citizens out of Iran. Bomb shelters opened across Israeli cities…,2cc0c9d9b159a402710a04b8dd808bb5,0.07556551004465276,0.019697028414278086,0.04269577493993565,0.009572832621237544,0.0,0.07556551004465276,0,0,0,0,0,0,0.04156103052455902,Moderate
Let Us Make Great Victory and Glory Gained through Indomitable Pioneering Struggle Lead onto Steady Prosperity and Leaps Forward in New Struggle Report on Ninth Congress of Workers' Party of Korea,"The Workers' Party of Korea, the vanguard of the Korean revolution, is ushering in a new era of building a powerful nation by leading tens of millions of Korean people. Its sacred mission, strong pride and matchless fighting efficiency are bringing about a ra…",https://www.globalsecurity.org/wmd/library/news/dprk/2026/dprk-260226-kcna02.htm,Globalsecurity.org,2026-02-27 10:24:41+00:00,"Let Us Make Great Victory and Glory Gained through Indomitable Pioneering Struggle Lead onto Steady Prosperity and Leaps Forward in New Struggle Report on Ninth Congress of Workers' Party of Korea. The Workers' Party of Korea, the vanguard of the Korean revolution, is ushering in a new era of building a powerful nation by leading tens of millions of Korean people. Its sacred mission, strong pride and matchless fighting efficiency are bringing about a ra…",de0c457ffdf362ffb5d027d3a19cb055,0.0,0.0,0.0,0.0,0.0,0.0,0,0,0,0,0,0,0.0,Low
Energy-hungry India tells Carney 'we are willing to buy whatever Canada is offering',India wants to buy any energy product it can from Canada and its officials are urging the federal government to streamline approvals for various projects so it can tap into new supplies to feed a rapidly growing country with relatively few natural resources o…,https://www.cbc.ca/news/politics/india-carney-energy-oil-9.7106572,CBC News,2026-02-27 09:00:00+00:00,Energy-hungry India tells Carney 'we are willing to buy whatever Canada is offering'. India wants to buy any energy product it can from Canada and its officials are urging the federal government to streamline approvals for various projects so it can tap into new supplies to feed a rapidly growing country with relatively few natural resources o…,4559fe63ae370da4fcfb97c91c723399,0.0,0.0,0.0,0.0,0.0,0.0,0,0,0,0,0,0,0.0,Low
Escalation of this War Could Shatter Iran into Ethnic Enclaves,"Ever since the 1979 Iranian Revolution and seizure of hostages in the U.S. Embassy, Washington has sought to topple the Shi’a revolutionary government in Tehran. That moment was when the demonization of Muslims replaced anti-Communism as the main selling poin…",https://www.counterpunch.org/2026/02/27/escalation-of-this-war-could-shatter-iran-into-ethnic-enclaves/,CounterPunch,2026-02-27 07:16:11+00:00,"Escalation of this War Could Shatter Iran into Ethnic Enclaves. Ever since the 1979 Iranian Revolution and seizure of hostages in the U.S. Embassy, Washington has sought to topple the Shi’a revolutionary government in Tehran. That moment was when the demonization of Muslims replaced anti-Communism as the main selling poin…",47732c6df9014189a3c3452b93468ad6,0.032369952489478576,0.0,0.01653768139848849,0.0025322588260211164,0.0,0.032369952489478576,1,0,0,0,0,1,0.2428034737567132,Critical
Anthropic’s Stand Against Pentagon AI Demands: A Turning Point for Tech Ethics,"The Most Difficult Choice is Often the Right One In a corporate world increasingly eager to satisfy government demands, one artificial intelligence company has drawn a line in the sand that may redefine tech ethics for a generation. Anthropic, the AI safety-f…",https://www.naturalnews.com/2026-02-27-anthropics-stand-against-pentagon-ai-demands.html,Naturalnews.com,2026-02-27 06:00:00+00:00,"Anthropic’s Stand Against Pentagon AI Demands: A Turning Point for Tech Ethics. The Most Difficult Choice is Often the Right One In a corporate world increasingly eager to satisfy government demands, one artificial intelligence company has drawn a line in the sand that may redefine tech ethics for a generation. Anthropic, the AI safety-f…",adddf317f12614d47e06320a1cc48684,0.011452540796717956,0.0,0.0,0.0,0.0,0.011452540796717956,0,0,0,0,0,0,0.006298897438194877,Low
Gear Used By Underwater Photographers of the Year 2026 Winners,"Once again, photographers from around the world have displayed immense talent in showcasing what the world looks like beneath the surface of the oceans. A combination of breathtaking, mesmerising, surreal, and outright astonishing images make up the Underwate…",https://www.thephoblographer.com/2026/02/26/gear-used-by-underwater-photographers-of-the-year-2026-winners/,Thephoblographer.com,2026-02-27 00:01:00+00:00,"Gear Used By Underwater Photographers of the Year 2026 Winners. Once again, photographers from around the world have displayed immense talent in showcasing what the world looks like beneath the surface of the oceans. A combination of breathtaking, mesmerising, surreal, and outright astonishing images make up the Underwate…",5c6f5be6ada738e6edd7f1de21adf4ad,0.02562641854106469,0.0,0.0,0.0,0.0,0.02562641854106469,0,0,0,0,0,0,0.01409453019758558,Low
AI Used Nukes With Terrifying Frequency In Tactical War Games Study,"In what seems like a WarGames (1983)-inspired test, three leading LLMs (OpenAI's GPT-5.2, Google's Gemini 3 Flash, and Anthropic's Claude Sonnet 4) all displayed willingness to engage in nuclear war. All of the models considered the risk of using nukes prefer…",https://hothardware.com/news/ai-used-nukes-with-terrifying-frequency-in-tactical-war-games-study,Hot Hardware,2026-02-26 21:17:00+00:00,"AI Used Nukes With Terrifying Frequency In Tactical War Games Study. In what seems like a WarGames (1983)-inspired test, three leading LLMs (OpenAI's GPT-5.2, Google's Gemini 3 Flash, and Anthropic's Claude Sonnet 4) all displayed willingness to engage in nuclear war. All of the models considered the risk of using nukes prefer…",04d91f4c7f4f16ebde461446939e957d,0.02766964553357594,0.0,0.017029223741933032,0.0,0.0,0.02766964553357594,1,0,0,0,0,1,0.24021830493096677,Critical
US-Iran talks conclude with claims of progress but few details,"Technical discussions to continue in Vienna, but unclear whether differences can be resolved to avoid war.",https://www.aljazeera.com/news/2026/2/26/us-iran-talks-conclude-claims-progress-few-details,Al Jazeera English,2026-02-26 20:22:55+00:00,"US-Iran talks conclude with claims of progress but few details. Technical discussions to continue in Vienna, but unclear whether differences can be resolved to avoid war.",23a63903a962229764623d8b290cca0e,0.008719090375422333,0.0,0.0037532595125416273,0.0034661471287995033,0.0,0.008719090375422333,0,0,0,0,0,0,0.004795499706482283,Low
AI Models in Simulated Combat Recommended Nukes 95% of Time...,"AI Models in Simulated Combat Recommended Nukes 95% of Time...

 
 
 
 (Third column, 2nd story, link)",https://pjmedia.com/rick-moran/2026/02/25/three-top-ai-models-in-simulated-war-games-recommended-using-nukes-95-percent-of-the-time-n4949957,PJ Media,2026-02-26 15:58:41+00:00,"AI Models in Simulated Combat Recommended Nukes 95% of Time.... AI Models in Simulated Combat Recommended Nukes 95% of Time...          (Third column, 2nd story, link)",16ad5dcd6127a602488a3db5d0c1bf65,0.0,0.0,0.0,0.0,0.0,0.0,0,0,0,0,0,0,0.0,Low
Top AIs deploy nukes in 95% of war game simulations – study,"A study has found that AI models ChatGPT, Claude, and Gemini showed no hesitation in using nuclear weapons in 95% of simulated war games Read Full Article at RT.com",https://www.rt.com/news/633086-ai-nuke-war-simulation/,RT,2026-02-26 15:20:13+00:00,"Top AIs deploy nukes in 95% of war game simulations – study. A study has found that AI models ChatGPT, Claude, and Gemini showed no hesitation in using nuclear weapons in 95% of simulated war games Read Full Article at RT.com",7584872d33f2bce6e064994c7f6119be,0.03146596357714651,0.0,0.01936565950440251,0.0,0.0,0.03146596357714651,1,0,0,0,0,1,0.24230627985493058,Critical
