id,source,title,content,published_at,link,extracted_at
1,Unherd.com,How JD lost the foreign policy war...,"How JD lost the foreign policy war...

 
 
 
 (First column, 7th story, link)

 

 

 
 Related stories:Vance Humiliated as He's Frozen Out...
Trump's big gamble: Overthrowing Iran regime to save his presidency...
Dances YMCA as Troops Are Warned They M…",2026-03-01T15:19:37,http://unherd.com/2026/03/how-jd-vance-lost-the-foreign-policy-war/?edition=us,2026-03-02 17:24:33
2,Ambcrypto.com,$1.8B in 60 minutes: How war headlines triggered historic leverage purge,"Panic swept through markets, but beneath the chaos, structure quietly held.",2026-03-01T15:00:36,https://ambcrypto.com/1-8b-in-60-minutes-how-war-headlines-triggered-historic-leverage-purge/,2026-03-02 17:24:33
3,Yahoo Entertainment,Vance Humiliated as He's Frozen Out...,"Vance Humiliated as He's Frozen Out...

 
 
 
 (First column, 6th story, link)

 

 

 
 Related stories:Trump Dances YMCA as Troops Are Warned They May Die in Battle...
President Faces Furious Backlash Over War No One Voted For...
'End of MAGA'...
MTG…",2026-03-01T12:25:37,https://consent.yahoo.com/v2/collectConsent?sessionId=1_cc-session_39b42143-5873-4921-8ab9-64deccd5ac68,2026-03-02 17:24:33
4,Livedoor.biz,【速報】イラン､今夜にもｲｽﾗｴﾙを核攻撃の兆候「圧倒的かつ決定的な報復を」ネタニヤフ首相は国外逃亡,"1 名前：：2026/03/01(日) 15:54:56.76 ID:SyxKyCXq0.net BE:828293379-PLT(12345) https://img.5ch.net/ico/anime_syobon02.gif ソースは２以降 http://5ch.net 

 
引用元：https://hayabusa3.2ch.sc/test/read.cgi/news/1772348096",2026-03-01T10:00:36,https://kuromacyo.livedoor.biz/archives/2046106.html,2026-03-02 17:24:33
5,Electrek,Ignore WW3 – these electric excavators are going TO THE MOON [video],Engineering startups Astroport Space Technologies and Astrolab have successfully completed a real-world demonstration for their UTIPA Excavator – an all-electric machine designed to become the cornerstone of lunar construction solutions and pave the way for a…,2026-02-28T21:28:38,http://electrek.co/2026/02/28/ignore-ww3-these-electric-excavators-are-going-to-the-moon-video/,2026-03-02 17:24:33
6,Themirror.com,Stephen Miller warning to young Americans over imminent WW3 ages terribly...,"Stephen Miller warning to young Americans over imminent WW3 ages terribly...

 
 
 
 (First column, 8th story, link)

 

 

 
 Related stories:Trump Dances YMCA as Troops Are Warned They May Die in Battle...
President Faces Furious Backlash Over War No O…",2026-02-28T16:58:36,https://www.themirror.com/news/politics/stephen-miller-warning-young-americans-1710834,2026-03-02 17:24:33
7,LADbible,Everywhere on Russia’s leaked UK ‘strike list’ as Zelenskyy claims ‘WW3 has started’,Everywhere on Russia’s leaked UK ‘strike list’ after Ukrainian president Volodymyr Zelenskyy claimed 'WW3 has started,2026-02-25T08:59:41,https://www.ladbible.com/news/world-news/russia-uk-strike-list-zelenskyy-ukraine-ww3-world-141249-20260225,2026-03-02 17:24:33
8,LADbible,UK location to avoid as President Zelenskyy makes WW3 warning,Ukrainian president Volodymyr Zelenskyy has warned that Vladimir Putin has already commenced a Third World War,2026-02-24T17:43:36,https://www.ladbible.com/news/politics/president-zelenskyy-world-war-3-warning-uk-place-avoid-541647-20260224,2026-03-02 17:24:33
9,LADbible,Everyone that could be conscripted as Zelenskyy claims WW3 has 'already started',Zelenskyy says we need to look at how to stop Putin,2026-02-24T12:01:59,https://www.ladbible.com/news/ww3-conscription-zelenskyy-putin-war-army-992033-20260224,2026-03-02 17:24:33
10,Memeorandum.com,Zelensky tells BBC Putin has started WW3 and must be stopped (Jeremy Bowen/BBC),"Jeremy Bowen / BBC:
Zelensky tells BBC Putin has started WW3 and must be stopped  —  Ukraine's President Volodymyr Zelensky continues to send out a firm message of defiance.  —  When we met this weekend in the government headquarters in Kyiv, he said that far…",2026-02-23T12:25:00,https://www.memeorandum.com/260223/p17,2026-03-02 17:24:33
11,BBC News,Resilient Zelensky tells BBC Putin has started WW3 and must be stopped,Ukraine's president sat down with the BBC's Jeremy Bowen in Kyiv days before the four-year anniversary of the war.,2026-02-22T22:00:47,https://www.bbc.co.uk/news/articles/cvgj9p15y87o,2026-03-02 17:24:33
12,BBC News,Zelensky tells BBC Putin has started WW3 and must be stopped,Ukraine's president sat down with the BBC's Jeremy Bowen in Kyiv days before the four-year anniversary of the war.,2026-02-22T22:00:47,https://www.bbc.com/news/articles/cvgj9p15y87o,2026-03-02 17:24:33
13,Freerepublic.com,Conscription crisis as 'people under 40 refuse to serve if WW3 broke out',"A poll shows that around 40% of under-40s across Britain would refuse to serve in the armed forces if WW3 broke out. Meanwhile, 30% said they would still refuse to serve even if the nation was facing an imminent invasion. Experts across the world believe we'v…",2026-02-14T18:58:58,https://freerepublic.com/focus/f-news/4366861/posts,2026-03-02 17:24:33
14,LADbible,Starmer says 'Europe must be ready to fight Russia' as WW3 tensions rise,UK Prime Minister Keir Starmer said 'we are not at a crossroads' as he said it's 'straight and clear' ahead.,2026-02-14T10:39:17,https://www.ladbible.com/news/uk-news/keir-starmer-europe-russia-war-ready-fight-611238-20260214,2026-03-02 17:24:33
15,Freerepublic.com,China’s Democrat Minority Leader in Texas Calls for Race War,"“I always tell people the day Latinos, African-American, Asian and other communities realize that they share the same oppressor is the day we start winning. Because we are the majority in this country. We have the ability to take over this country,” State Rep…",2026-02-10T10:56:05,https://freerepublic.com/focus/f-bloggers/4366224/posts,2026-03-02 17:24:33
16,The Times of India,India’s longest funicular railway transforms tourism at Kalyan shrine,"India's longest funicular railway has revolutionized Malang Gad, boosting religious tourism and the local economy. The seven-minute journey has quadrupled visitor numbers, benefiting thousands of residents. Despite the convenience, many still embrace the trad…",2026-02-09T09:18:08,https://timesofindia.indiatimes.com/city/thane/indias-longest-funicular-railway-transforms-tourism-at-kalyan-shrine/articleshow/128107216.cms,2026-03-02 17:24:33
17,The Times of India,Maruti Suzuki moves 5.85 lakh cars by train in 2025: Rail record explained,"The continued shift towards rail logistics has helped the automaker reduce carbon emissions, lower dependence on road transport, ease congestion, and cut fuel consumption, reinforcing railways as a key pillar of its long-term sustainability strategy. In absol…",2026-02-09T09:05:11,https://timesofindia.indiatimes.com/auto/cars/maruti-suzuki-moves-5-85-lakh-cars-by-train-in-2025-rail-record-explained/articleshow/128104257.cms,2026-03-02 17:24:33
18,Activistpost.com,10 HUGE REASONS WHY……,"Trump has been coerced into war against Iran byhis Khazarian masters and Zionist handlers, Israeli warmongers and Ashkenazi banksters…….and heappears to be cornered with absolutely no way outthis time. Submitted by An Armchair Geopolitical AnalystSOTN Exclusi…",2026-02-07T14:00:00,https://www.activistpost.com/10-huge-reasons-why/,2026-03-02 17:24:33
19,Snopes.com,Look out for alleged email in Epstein files about World War III,"A screenshot authentically depicted a 2018 email found in the Jeffrey Epstein files claiming World War III would begin on Feb. 8, 2026.",2026-02-06T18:25:00,https://www.snopes.com//fact-check/world-war-iii-epstein-files/,2026-03-02 17:24:33
20,The Times of India,Bangladesh continues to deny attack on minorities,"South Asia News: DHAKA: Continuing with its denial of reports of atrocities against minorities, particularly Hindus, the chief adviser Muhammad Yunus-led interim govt .",2026-02-03T01:33:41,https://timesofindia.indiatimes.com/world/south-asia/bangladesh-continues-to-deny-attack-on-minorities/articleshow/127873925.cms,2026-03-02 17:24:33
21,The Times of India,Iran arrests an Oscar-nominated screenwriter for criticising Khamenei regime,Middle East News: An Iranian screenwriter nominated for an Academy Award was arrested after signing a statement condemning his govt for its deadly crackdown on proteste.,2026-02-03T01:26:28,https://timesofindia.indiatimes.com/world/middle-east/iran-arrests-an-oscar-nominated-screenwriter-for-criticising-khamenei-regime/articleshow/127873878.cms,2026-03-02 17:24:33
22,The Times of India,"Hate speech bill sent to President Droupadi Murmu; ‘deliberate bid to dump it in cold storage,’ says Karnataka HM G Parameshwara","In a heated exchange, Karnataka's Home Minister G Parameshwara has accused Governor Thaawar Chand Gehlot of intentionally forwarding the Hate Speech and Hate Crime (Prevention) Bill to the President, ostensibly to stall its rollout. The bill, which has alread…",2026-02-03T00:45:48,https://timesofindia.indiatimes.com/city/bengaluru/hate-speech-bill-sent-to-president-droupadi-murmu-deliberate-bid-to-dump-it-in-cold-storage-says-karnataka-hm-g-parameshwara/articleshow/127873633.cms,2026-03-02 17:24:33
23,The Times of India,"At 90, Dalai Lama gets Grammy for audiobook ‘Meditations’","The Central Tibetan Administration (CTA), which is headquartered at McLeod Ganj in Dharamshala, said the award is a profound honour for Tibetan society. Although the Grammy spread cheer in this hill town, celebrations are on hold as the Dalai Lama is in Karna…",2026-02-02T23:14:28,https://timesofindia.indiatimes.com/world/rest-of-world/at-90-dalai-lama-gets-grammy-for-audiobook-meditations/articleshow/127873326.cms,2026-03-02 17:24:33
24,The Times of India,"Bengal SIR row: Didi storms out of meet with CEC, claims being ‘humiliated’","Talking to reporters later in front of Nirvachan Sadan — where a heavy police posse had gathered — she claimed to have warned the CEC that he will end up like Jagdeep Dhankhar, seen as a reference to the former VP’s sudden resignation last year. She was accom…",2026-02-02T22:21:05,https://timesofindia.indiatimes.com/india/bengal-sir-row-didi-storms-out-of-meet-with-cec-claims-being-humiliated/articleshow/127871381.cms,2026-03-02 17:24:33
25,The Times of India,Gen Naravane's memoir: Rules bar retired officers from publishing classified info,"Senior military officials, particularly those dealing with classified information, are subject to regulations under the Official Secrets Act that restrict the publication of books or information even after retirement to prevent such classified material from b…",2026-02-02T22:07:02,https://timesofindia.indiatimes.com/india/gen-naravanes-memoir-rules-bar-retired-officers-from-publishing-classified-info/articleshow/127871233.cms,2026-03-02 17:24:33
26,The Times of India,BMC carries out anti-encroachment drive on Mohammed Ali Road and Ibrahim Merchant Road in Mumbai,"Mumbai: BMC's B ward on Monday carried out an anti-encroachment drive along Mohammed Ali Road and Ibrahim Merchant Road, removing unauthorised hawkers.",2026-02-02T20:10:00,https://timesofindia.indiatimes.com/city/mumbai/bmc-carries-out-anti-encroachment-drive-on-mohammed-ali-road-and-ibrahim-merchant-road-in-mumbai/articleshow/127868876.cms,2026-03-02 17:24:33
27,The Times of India,Two suspects detained in Samba; searches launched in Udhampur,"On Jan 6, Punjab Police detained a minor in Pathankot on charges of spying and for allegedly sharing confidential information via social media to terror agencies, ISI, and Pakistan military officers. The detention prompted a statewide alert for similar espion…",2026-02-02T19:53:28,https://timesofindia.indiatimes.com/india/two-suspects-detained-in-samba-searches-launched-in-udhampur/articleshow/127870532.cms,2026-03-02 17:24:33
28,The New Yorker,Has Trump Thought Through the Endgame in Iran?,"The country’s Supreme Leader, Ayatollah Ali Khamenei, was killed by U.S. and Israeli strikes, but the conflict is far from over, and has convulsed the Middle East in a spasm of interstate violence.",2026-03-01T17:13:26,https://www.newyorker.com/news/the-lede/has-trump-thought-through-the-endgame-in-iran,2026-03-02 17:24:33
29,The Canary,Israel targets health workers in Iran,Israel's evil has no limits. And we are going to see it time and time again until the international community grows a backbone,2026-03-01T17:11:05,https://www.thecanary.co/global/2026/03/01/israel-targets-health/,2026-03-02 17:24:33
30,Themirror.com,"POLYMARKET accounts earn millions in bets on date of war, including 6 suspected insiders...","A report says that a few users of Polymarket earned significant profits by correctly guessing the date of U.S. strikes on Iran, collectively making $1.2 million",2026-03-01T17:00:12,https://www.themirror.com/money/polymarket-accounts-earn-15m-bets-1711989,2026-03-02 17:24:33
31,TheBlaze,'Painful days': Iran kills US troops as Trump threatens decapitated Iranian regime,"President Donald Trump exchanged threats with remnants of the Iranian regime ahead of the second day of the joint U.S.-Israeli regime-change strikes on the West Asian nation.Tehran, evidently keen to test Trump's resolve despite losing most of its military an…",2026-03-01T17:00:00,https://www.theblaze.com/news/painful-days-iran-kills-at-least-3-us-troops-after-trump-threatens-decapitated-iranian-regime,2026-03-02 17:24:33
32,Israelnationalnews.com,IDF: Elimination of top Iranian terror axis officials complete,Elimination of  Ali Khamenei in Tehran constitutes the culmination of a sustained effort to eliminate the senior leadership of the Iranian terror axis over the past two and a half years.,2026-03-01T16:57:00,https://www.israelnationalnews.com/news/423184,2026-03-02 17:24:33
33,PBS,Iran vows revenge after the killing of its supreme leader and trades strikes with Israel in widening war,Iran vowed revenge Sunday after the killing of its supreme leader and traded strikes with Israel as part of a widening war prompted by a surprise U.S. and Israeli bombardment.,2026-03-01T16:54:18,https://www.pbs.org/newshour/world/iran-vows-revenge-after-the-killing-of-its-supreme-leader-and-trades-strikes-with-israel-in-widening-war,2026-03-02 17:24:33
34,PBS,U.S. and Israel pound targets across Iran as Trump signals openness to talk to new leadership,"The U.S. and Israel pounded targets across Iran on Sunday, dropping massive bombs on the country's ballistic missile sites and wiping out warships as part of an intensifying military campaign that followed the killing of Supreme Leader Ayatollah Ali Khamenei.",2026-03-01T16:54:18,https://www.pbs.org/newshour/world/u-s-and-israel-pound-targets-across-iran-as-trump-signals-openness-to-talk-to-new-leadership,2026-03-02 17:24:33
35,RT,Jihad is coming? What Khamenei’s death means for the region and the world,Eliminating Khamenei doesn’t end the conflict. It transforms it into a matter of principle – and raises the odds of a wider Middle East war Read Full Article at RT.com,2026-03-01T16:45:05,https://www.rt.com/news/633367-jihad-is-coming-khameneis-death/,2026-03-02 17:24:33
36,Vanity Fair,“He Could Be Impeached.” Donald Trump’s Base Revolts Over War With Iran,"MAGA leaders are expressing dismay and anger at president Donald Trump, who campaigned on isolationism and ""no new wars""",2026-03-01T16:37:17,https://www.vanityfair.com/news/story/maga-reaction-donald-trump-iran-attack-war,2026-03-02 17:24:33
37,Israelnationalnews.com,"Purim, 2026; War with Amalek","Amalek, the evil force that Haman represented then, and now, is recognizable in the Iranian regime controlled by Shiite clerics, and Muslim terrorists, such as ISIS, and Islamic Jihadists throughout the world. Opinion.",2026-03-01T16:34:00,https://www.israelnationalnews.com/news/423156,2026-03-02 17:24:33
38,New York Post,Trump got the cartel war he wanted — but Mexico can’t win it alone,The key drivers of cartel power lie outside Mexico's control — in the United States.,2026-03-01T16:30:25,https://nypost.com/2026/03/01/opinion/trump-got-the-cartel-war-he-wanted-but-mexico-cant-win-alone/,2026-03-02 17:24:33
39,The Conversation Africa,"U.S.-Israeli strikes against Iran may succeed on a military basis, but at what political cost?","Even if the U.S. and Israel succeed in bringing about regime change in Iran, they may create an even worse geopolitical situation.",2026-03-01T16:23:19,https://theconversation.com/u-s-israeli-strikes-against-iran-may-succeed-on-a-military-basis-but-at-what-political-cost-277182,2026-03-02 17:24:33
40,The Conversation Africa,"U.S.-Israeli strikes against Iran may succeed on a military basis, but at what cost?","Even if the U.S. and Israel succeed in bringing about regime change in Iran, they may create an even worse geopolitical situation.",2026-03-01T16:23:19,https://theconversation.com/u-s-israeli-strikes-against-iran-may-succeed-on-a-military-basis-but-at-what-cost-277182,2026-03-02 17:24:33
41,DW (English),Will Iran conflict send oil prices above $100 a barrel?,"Oil markets are bracing for sharp price spikes after the US attack on Iran and Tehran's retaliation. Iran's role as a major producer matters, but its strategic position is keeping traders on edge.",2026-03-01T16:02:00,https://www.dw.com/en/will-iran-conflict-send-oil-prices-above-100-a-barrel/a-76176495,2026-03-02 17:24:33
42,Legalinsurrection.com,Anti-Trump Revolt – Tucker Calls Iran Decision “Disgusting and Evil”,"MTG: 'Us younger generations ... hate this f***ing bulls***'
The post Anti-Trump Revolt – Tucker Calls Iran Decision “Disgusting and Evil” first appeared on Le·gal In·sur·rec·tion.",2026-03-01T16:00:37,https://legalinsurrection.com/2026/03/anti-trump-revolt-tucker-calls-iran-decision-disgusting-and-evil/,2026-03-02 17:24:33
43,New Zealand Herald,Letters: Could war with Iran be a Donald Trump distraction tactic that leads to World War III?,OPINION: Could this be a distraction that leads to World War III?,2026-03-01T16:00:00,https://www.nzherald.co.nz/nz/letters-could-war-with-iran-be-a-trump-distraction-tactic-that-leads-to-world-war-iii/premium/H64MS6XI5NDCBLEJZDUK5R3CXM/,2026-03-02 17:24:33
44,New Zealand Herald,Christopher Luxon gift to Donald Trump revealed after Apec Korea meeting; New Zealand left empty-handed,The framed World War II photo gifted to Donald Trump cost $407.82.,2026-03-01T16:00:00,https://www.nzherald.co.nz/nz/politics/christopher-luxon-gift-to-donald-trump-revealed-after-apec-korea-meeting-new-zealand-left-empty-handed/SW4PVP7YAFGTBOYRNN265HD7TM/,2026-03-02 17:24:33
45,Fortune,Top diplomat on Middle Eastern regime change as a losing game: ‘U.S. history in that area of the world is not good with this’,"You may recall that during the Gulf War of 1990-1991, the U.S. basically encouraged the Iraqi people to rise up, then didn't advance on Baghdad.",2026-03-01T15:51:28,https://fortune.com/2026/03/01/why-middle-eastern-regime-change-iran-longshot-wont-work-top-diplomat/,2026-03-02 17:24:33
46,New York Post,Eric Swalwell tears into Barstool Sports’ Dave Portnoy over Iran bombings: ‘Let the adults sort out wars’,"The Democratic gubernatorial candidate demanded Portnoy ""stick to sports"" after the businessman claimed President Donald Trump was ""on the right side here.""",2026-03-01T15:51:28,https://nypost.com/2026/03/01/us-news/eric-swalwell-strikes-at-barstool-sports-dave-portnoy-over-iran/,2026-03-02 17:24:33
47,Fortune,"3 U.S. military service members killed, 5 wounded in Iran operation, Central Command says","Israel claimed that its strikes had killed 40 top Iranian military officials, including the chief of staff for the armed forces, Abdolrahim Mousavi.",2026-03-01T15:46:48,https://fortune.com/2026/03/01/3-american-military-service-members-killed-iran-strike-central-command/,2026-03-02 17:24:33
48,Fox News,"DAVID MARCUS: In Dallas, voters weigh two Senate primaries and now, a war","Texas Senate primaries reveal deep political divisions as voters navigate choices between Cornyn, Paxton, Crockett, and Talarico amid Iran strikes.",2026-03-01T15:32:58,https://www.foxnews.com/opinion/david-marcus-dallas-voters-weigh-two-senate-primaries-now-war,2026-03-02 17:24:33
49,The Times of India,"US-Iran War: 3 American Military members killed, confirms U.S. Central Command after Iran claims it hit USS Abraham Lincoln with ballistic missiles",Iran claimed to have struck the United States' aircraft carrier USS Abraham Lincoln with ballistic missiles in the Gulf.,2026-03-01T15:31:47,https://economictimes.indiatimes.com/news/international/us/us-iran-war-3-american-military-members-killed-confirms-u-s-central-command-after-iran-claims-it-hit-uss-abraham-lincoln-with-ballistic-missiles/articleshow/128919931.cms,2026-03-02 17:24:33
50,RTE,Opposition parties criticise 'illegal' war in Iran,"Green Party leader Roderic O'Gorman has described the US-Israeli attack on Iran as ""an illegal war under international law"", saying the situation has ""destabilised the Middle East"".",2026-03-01T15:29:06,https://www.rte.ie/news/politics/2026/0301/1561073-opposition-middle-east/,2026-03-02 17:24:33
51,The Times of India,"CBSE's Class 10, 12 Board exams in Bahrain, Iran, Kuwait, Oman, Qatar, S Arabia, UAE postponed","In an official circular issued, the Board informed that examinations slated for Monday, March 2, for both Class X and Class XII students in Bahrain, Iran, Kuwait, Oman, Qatar, Saudi Arabia and the United Arab Emirates (UAE) stand postponed. Revised dates will…",2026-03-01T15:26:48,https://timesofindia.indiatimes.com/education/cbses-class-10-12-board-exams-in-bahrain-iran-kuwait-oman-qatar-s-arabia-uae-postponed/articleshow/128919716.cms,2026-03-02 17:24:33
52,The Times of India,Sly Saudi-Israel alliance set up US attack on Iran,"Saudi Arabia and Israel have quietly converged, driven by shared concerns over Iran's regional influence. Despite public diplomacy, Saudi Crown Prince Mohammed bin Salman reportedly urged a US strike, warning of a stronger Iran if action was delayed. This ali…",2026-03-01T15:26:44,https://timesofindia.indiatimes.com/world/us/sly-saudi-israel-alliance-set-up-us-attack-on-iran/articleshow/128916919.cms,2026-03-02 17:24:33
53,CBS News,Farewell to producer Mary Walsh,"For nearly five decades, CBS News producer Mary Walsh has reported from all over the world – from war zones to presidential campaigns – for hundreds of stories, large and small, that had excellence in common. Jane Pauley says so long to a cherished member of …",2026-03-01T15:26:00,https://www.cbsnews.com/video/farewell-to-producer-mary-walsh/,2026-03-02 17:24:33
54,Al Jazeera English,Who are Iran’s senior figures killed in US-Israeli attacks?,Iran's defence minister and the commander-in-chief of the IRGC are among those killed in the US and Israel's attack.,2026-03-01T15:20:30,https://www.aljazeera.com/news/2026/3/1/who-are-irans-senior-figures-killed-in-us-israeli-attacks,2026-03-02 17:24:33
55,gcaptain.com,Chokepoints Under Pressure: When Geography and Conflict Strain the Arteries of Global Trade,"There are moments when geopolitics feels distant from daily life. This is not one of them. By Paul Morgan (gCaptain) – With confirmed US–Israeli strikes on Iran, renewed Houthi threat...",2026-03-01T15:15:31,https://gcaptain.com/chokepoints-under-pressure-when-geography-and-conflict-strain-the-arteries-of-global-trade/,2026-03-02 17:24:33
56,Breitbart News,Fetterman: These Were 'Incredibly Precise and Successful Strikes' on Iran,"Sunday on CNN's ""State of the Union,"" Sen. John Fetterman (D-PA) boasted that the U.S. military strikes on Iran were ""incredibly precise and successful strikes"" that ""eliminated most of the leadership.""
The post Fetterman: These Were ‘Incredibly Precise and S…",2026-03-01T15:14:58,https://www.breitbart.com/clips/2026/03/01/fetterman-these-were-incredibly-precise-and-successful-strikes-on-iran/,2026-03-02 17:24:33
57,Slashdot.org,‘SNL’ Weekend Update Uses Trump’s Own Words Against Him on Iran War - Rolling Stone,"‘SNL’ Weekend Update Uses Trump’s Own Words Against Him on Iran WarRolling Stone 'SNL' takes on Iran attacks and Khamenei killing in cold openUSA Today On ‘S.N.L.,’ the President Wishes All Who Celebrate a ‘Happy World War III’The New York Times ‘SNL’s’ Jost …",2026-03-01T15:12:48,https://slashdot.org/firehose.pl?op=view&amp;id=180878612,2026-03-02 17:24:33
58,Alltoc.com,Why is Prime Video adapting God of War? #entertainment,Amazon bets big on a cinematic video‑game adaptation Prime Video’s live action God of War has officially moved into production with the streamer releasing a first look image that confirms the series is now underway. The adaptation casts Ryan Hurst as Kratos a…,2026-03-01T15:07:33,https://alltoc.com/entertainment/why-is-prime-video-adapting-god-of-war,2026-03-02 17:24:33
59,Breitbart News,Hollywood Celebrities Whine After Trump Strikes Iran: 'Distract from Epstein and Do Netanyahu's Bidding',"Famous (and not-so-famous) entertainers are condemning President Donald Trump's strikes on Iran which have seemingly taken out its Islamist supreme leader, Ayatollah Ali Khamenei.
The post Hollywood Celebrities Whine After Trump Strikes Iran: ‘Distract from E…",2026-03-01T15:04:47,https://www.breitbart.com/entertainment/2026/03/01/hollywood-celebrities-whine-after-trump-strikes-iran-distract-from-epstein-and-do-netanyahus-bidding/,2026-03-02 17:24:33
61,Fox News,JONATHAN TURLEY: How Trump boxed Congress into fight or flight choice on Iran,Sen. Tim Kaine pushes war powers resolution to limit Iran military action as constitutional debate over executive authority and congressional oversight intensifies.,2026-03-01T14:59:50,https://www.foxnews.com/opinion/jonathan-turley-how-trump-boxed-congress-fight-flight-choice-iran,2026-03-02 17:24:33
62,Freerepublic.com,"""I have been singing, screaming, celebrating with my people,"" Iranian-American journalist says.","CBS Evening News. Feb 28, 2026 Iranian Supreme Leader Ayatollah Ali Khamenei was killed in strikes by the U.S. and Israel on Saturday. CBS News contributor Masih Alinejad, who has survived three plots by Iran's regime to kill or kidnap her, discusses the crip…",2026-03-01T14:45:27,https://freerepublic.com/focus/f-bloggers/4368834/posts,2026-03-02 17:24:33
63,Freerepublic.com,President Trump Confirms Ayatollah Khamenei is Dead,"Iran’s state media delivered the message this way: “To the noble and proud people of Iran: With the ultimate grief and sorrow this is to inform you that following the barbaric attack by the criminal governments of America and the evil Zionist regime, the true…",2026-03-01T14:42:36,https://freerepublic.com/focus/f-bloggers/4368833/posts,2026-03-02 17:24:33
64,The Times of India,"'Immoral, unlawful act': Opposition condemns killing of Iran's Supreme Leader Khamenei",Indian opposition parties have strongly condemned the killing of Iran's Supreme Leader Ayatollah Ali Khamenei. They criticized the US-Israel strikes as despicable and immoral. Leaders also questioned India's foreign policy and its response to the conflict. Co…,2026-03-01T14:42:29,https://economictimes.indiatimes.com/news/politics-and-nation/immoral-unlawful-act-opposition-condemns-killing-of-irans-supreme-leader-khamenei/articleshow/128918897.cms,2026-03-02 17:24:33
65,Sputnikglobe.com,Iran's IRGC Says It Launched 4 Ballistic Missiles at US Aircraft Carrier,"TEHRAN (Sputnik) - Tehran launched four ballistic missile strikes on the US aircraft carrier USS Abraham Lincoln, the Islamic Revolutionary Guard Corps (IRGC) said on Sunday.",2026-03-01T14:42:15,https://sputnikglobe.com/20260301/irans-irgc-says-it-launched-4-ballistic-missiles-at-us-aircraft-carrier-1123727814.html,2026-03-02 17:24:33
66,CBC News,Why killing Ayatollah Ali Khamenei may not mean regime change in Iran,"Following a joint U.S.-Israeli missile strike that killed Supreme Leader Ayatollah Ali Khamenei, Iran is experiencing a volatile mix of state-sanctioned mourning and celebratory street protests. The assassination has sparked international fear that the lack o…",2026-03-01T14:33:55,https://www.cbc.ca/news/world/khamenei-death-regime-change-iran-9.7110285,2026-03-02 17:24:33
67,Gothamist,"Hundreds of New Yorkers, including Iranian Americans, protest US strikes","A sign is hoisted during a ""Stop the War on Iran"" protest in Times Square in New York City on February 28, 2026. The United States and Israel launched an attack of unprecedented scale against Iran earlier on Saturday.
 

The protest came after the United Stat…",2026-03-01T14:31:05,https://gothamist.com/news/hundreds-of-new-yorkers-including-iranian-americans-protest-us-strikes,2026-03-02 17:24:33
68,CBS News,Honoring Operation Desert Storm: Waging a battle to build a war memorial,"In 1991 more than half a million Americans served in Operation Desert Storm; 148 were killed in action, to free Kuwait from Saddam Hussein. Yet, when Marine veteran Scott Stump set out to build a memorial on the National Mall, he faced ""grueling"" resistance.",2026-03-01T14:25:05,https://www.cbsnews.com/news/honoring-operation-desert-storm-waging-a-battle-to-build-a-war-memorial/,2026-03-02 17:24:33
69,Foreign Policy,"Trump Made History. Now the Iranian People Can, Too.",Airstrikes on Iran have already made the Middle East safer. They may also make it freer.,2026-03-01T14:24:20,http://foreignpolicy.com/2026/03/01/trump-iran-airstrikes-democracy-security-middle-east-russia-china/,2026-03-02 17:24:33
70,The Times of India,Quote of the Day by John F. Kennedy: 'It is an unfortunate fact that we can secure peace only by preparing for war' – A reflection on war from America’s 35th President,"The Quote of the Day highlights a powerful line by John F. Kennedy in which he stated that lasting peace can only be protected through preparedness and strength. Spoken during a period of rising global tensions, the remark reflected the realities of the Cold …",2026-03-01T14:21:01,https://economictimes.indiatimes.com/magazines/panache/quote-of-the-day-by-john-f-kennedy-it-is-an-unfortunate-fact-that-we-can-secure-peace-only-by-preparing-for-war-a-reflection-on-war-from-americas-35th-president/articleshow/128918151.cms,2026-03-02 17:24:33
71,Rlsbb.to,Classic Military Vehicle - 2025 Full Year,"Classic Military Vehicle is the best selling publication in the UK dedicated to the coverage of all historic military vehicles. From the turn of the 20th century, when warfare started to become increasingly mechanised, right up to the Gulf War of the 1990s, a…",2026-03-01T14:20:35,https://post.rlsbb.to/classic-military-vehicle-2025-full-year/,2026-03-02 17:24:33
72,Slashdot.org,"As the U.S. and Israel attack Iran, governments around the world stress risks of new war in the Middle East - CBS News","As the U.S. and Israel attack Iran, governments around the world stress risks of new war in the Middle EastCBS News View Full Coverage on Google News ...",2026-03-01T14:12:31,https://slashdot.org/firehose.pl?op=view&amp;id=180878398,2026-03-02 17:24:33
73,Freerepublic.com,"'Unlikely, Unlikely, Unlikely': MS NOW’s Barry McCaffrey Predicts Failure In Iran","You’ve heard of Optimist International, the global service organization. If there were a “Pessimist International,” MS NOW military analyst Barry McCaffrey could be kicked out of it — for being too darn negative. Caution is warranted when predicting U.S. succ…",2026-03-01T14:05:41,https://freerepublic.com/focus/f-bloggers/4368829/posts,2026-03-02 17:24:33
74,Nintendo Life,Guide: Upcoming Nintendo Switch 2 Games & Accessories For March & April 2026,"March is on.As we head into the third month of 2026, there's plenty to be looking forward to once you've dragged yourselves away from the shambling hordes of Raccoon City and the two other Resident Evils that dropped on Switch 2 last week.There's a new Pokémo…",2026-03-01T14:00:00,https://www.nintendolife.com/guides/upcoming-nintendo-switch-2-games-and-accessories-for-march-and-april-2026,2026-03-02 17:24:33
75,Mondoweiss,Israel’s legitimacy was on thin ice at the Winter Olympics. It’s just the beginning.,"What we saw at the Olympics is the eruption of popular discontent, not only with Israel, but with the power structures that protected and enabled the genocide. And while Israel continues to be allowed into such events, the boos are growing louder.",2026-03-01T14:00:00,https://mondoweiss.net/2026/03/israels-legitimacy-was-on-thin-ice-at-the-winter-olympics-its-just-the-beginning/,2026-03-02 17:24:33
76,Freerepublic.com,The Watchman's Mandate - What the Bible Requires of American Foreign Policy — And How America Has Measured Up,"There is a passage in Ezekiel that is the most honest description of America’s position in the world available in any literature, sacred or secular. God speaks to the prophet: Son of man, I have made you a watchman for the people of Israel; so hear the word I…",2026-03-01T13:57:51,https://freerepublic.com/focus/f-chat/4368827/posts,2026-03-02 17:24:33
77,Mediaite,‘Happy World War III to All Who Celebrate!’ Trump and Hegseth Pilloried Over Iran Strike in SNL Cold Open,"President Donald Trump and Defense Secretary Pete Hegseth were skewered over the attack on Iran in a cutting Saturday Night Live sketch.
The post ‘Happy World War III to All Who Celebrate!’ Trump and Hegseth Pilloried Over Iran Strike in SNL Cold Open first a…",2026-03-01T13:57:33,https://www.mediaite.com/media/entertainment/happy-world-war-iii-to-all-who-celebrate-trump-and-hegseth-pilloried-over-iran-strike-in-snl-cold-open/,2026-03-02 17:24:33
78,Decider,‘Saturday Night Live’ Cold Open Skewers Donald Trump Over Iran Strikes With ‘World War III’ Jab,"Live from New York, it’s geopolitical chaos.",2026-03-01T13:56:35,https://decider.com/2026/03/01/saturday-night-live-cold-open-donald-trump-iran-strikes-world-war-iii/,2026-03-02 17:24:33
79,The Times of India,"PM Modi should play important role in stopping war in Iran, says Asaduddin Owaisi","The Hyderabad MP termed the ""assassination"" of Iran's Supreme Leader Ayotallah Ali Khamenei as an ""immoral and unlawful act.""",2026-03-01T13:55:53,https://economictimes.indiatimes.com/news/politics-and-nation/pm-modi-should-play-important-role-in-stopping-war-in-iran-says-asaduddin-owaisi/articleshow/128917601.cms,2026-03-02 17:24:33
80,Israelnationalnews.com,Pre-Purim observations to act upon: Esther is calling now!,"My friends and brethren, the call of Queen Esther is relevant and applicable to this very moment. Let’s unite and be active in three areas to help this war succeed.",2026-03-01T13:49:00,https://www.israelnationalnews.com/news/423158,2026-03-02 17:24:33
81,HuffPost,Israeli Strikes Rock Tehran As Iran's Counterattacks Widen After The Killing Of Its Supreme Leader,The blasts in Tehran — whose target was not immediately clear — sent a huge plume of smoke into the sky.,2026-03-01T13:33:31,https://www.huffpost.com/entry/iran-explosion-rocks-tehran-israel-non-stop-strikes_n_69a438c1e4b0d383f5035f72,2026-03-02 17:24:33
82,Israelnationalnews.com,A time for war,"Tucker, listen here: no US troops ever fought or died for Israel. Iran is a worldwide threat. And Megyn, why don't you listen as well? Opinion.",2026-03-01T13:28:00,https://www.israelnationalnews.com/news/423155,2026-03-02 17:24:33
83,Globalsecurity.org,Iran to continue acting in self-defense until enemy's aggression ends: UN envoy,"Iran's permanent ambassador to the United Nations has vehemently denounced the fresh and unprovoked Israeli-American war on the Islamic Republic, asserting that the country will continue to act in self-defense until the end of the unlawful aggression.",2026-03-01T13:21:24,https://www.globalsecurity.org/wmd/library/news/iran/2026/03/iran-260301-presstv08.htm,2026-03-02 17:24:33
84,Globalsecurity.org,American criminals and Israeli regime will 'regret' war of aggression against Iran: General Staff,"The General Staff of Iran's Armed Forces and Khatam al-Anbiya Central Headquarters have warned the United States and the Israeli regime that they will ""regret"" the new war of aggression against the Islamic Republic.",2026-03-01T13:20:21,https://www.globalsecurity.org/wmd/library/news/iran/2026/03/iran-260301-presstv05.htm,2026-03-02 17:24:33
85,Globalsecurity.org,General Jack Keane Says US-Israeli Operation Aims to Dismantle Iranian Leadership,"General Jack Keane, a retired four-star general and former Vice Chief of Staff of the U.S. Army, says the US-Israeli military campaign launched against Iran on February 28 is a calculated effort to dismantle the Islamic Republic's political and military archi…",2026-03-01T13:19:46,https://www.globalsecurity.org/wmd/library/news/iran/2026/03/iran-260301-rferl02.htm,2026-03-02 17:24:33
86,Globalsecurity.org,"Iranian State Media Confirm Khamenei's Death After US, Israeli Air Strikes","Iranian state media confirmed early on March 1 that Supreme Leader Ayatollah Ali Khamenei had been killed amid US and Israeli air strikes a day earlier, hours after US President Donald Trump reported the death on his social media platform.",2026-03-01T13:19:40,https://www.globalsecurity.org/wmd/library/news/iran/2026/03/iran-260301-rferl01.htm,2026-03-02 17:24:33
87,Globalsecurity.org,US Launches Major Combat Operations in Iran - Trump,"The United States has launched major combat operations in Iran short time ago, President Donald Trump said on Saturday.",2026-03-01T13:18:18,https://www.globalsecurity.org/wmd/library/news/iran/2026/02/iran-260228-sputnik04.htm,2026-03-02 17:24:33
88,CBS News,"Rep. Mike Turner says Iran ""remained a threat"" before U.S.-Israeli military action","Rep. Mike Turner, Republican of Ohio, told ""Face the Nation with Margaret Brennan"" that Iran ""remained a threat"" to the U.S. and Israel before the military action, and the two nations ""had the opportunity to take an action to eliminate that threat.""",2026-03-01T17:24:00,https://www.cbsnews.com/video/rep-mike-turner-says-iran-remained-a-threat-before-us-israeli-military-action/,2026-03-02 17:24:33
89,Business Insider,Khamenei's killing spurs outrage among Kalshi and Polymarket users over claims of rigged markets and insider trading,"Prediction market users complained about unfair markets over strikes in Iran. One senator promised to introduce legislation to prevent ""profiting off war.""",2026-03-01T17:23:46,https://www.businessinsider.com/khamenei-prediction-markets-kalshi-polymarket-insider-trading-outrage-2026-3,2026-03-02 17:24:33
90,CBS News,"Sen. Chris Murphy says Trump administration ""has no plan for the chaos"" in Middle East","Sen. Chris Murphy, Democrat from Connecticut, told ""Face the Nation with Margaret Brennan"" that President Trump ""wouldn't get that authorization"" from Congress to launch the massive military operation in Iran, adding that he believes the White House ""has to p…",2026-03-01T17:19:00,https://www.cbsnews.com/video/sen-chris-murphy-says-trump-administration-has-no-plan-for-the-chaos-in-middle-east/,2026-03-02 17:24:33
91,Israelnationalnews.com,US Military confirms: B-2 stealth bombers struck Iran’s hardened ballistic missile facilities,"[video:2170627]The US Military confirmed that last night, US B-2 stealth bombers, armed with 2,000 lb. bombs, struck Iran’s hardened ballistic missile facilities. ""No nation should ever doubt America's resolve,"" the military stated.",2026-03-01T17:18:00,https://www.israelnationalnews.com/flashes/677488,2026-03-02 17:24:33
92,Breitbart News,Jane Fonda Blasts Trump Bombing Iran at L.A. Protest: 'Dangerous and Insane',"Jane Fonda spoke at a protest in LA to rail against President Trump's military engagement in Iran, calling the president's actions dangerous.
The post Jane Fonda Blasts Trump Bombing Iran at L.A. Protest: ‘Dangerous and Insane’ appeared first on Breitbart.",2026-03-01T17:16:36,https://www.breitbart.com/entertainment/2026/03/01/jane-fonda-blasts-trump-bombing-iran-at-l-a-protest-dangerous-and-insane/,2026-03-02 17:24:33
93,Fox News,Mike Waltz turns tables on Iranian envoy at heated UN meeting,"Iran's U.N. ambassador tells U.S. envoy to ""be polite"" at Security Council meeting, sparking heated exchange about tyranny and human rights violations.",2026-03-01T17:16:18,https://www.foxnews.com/world/mike-waltz-turns-tables-iranian-envoy-heated-un-meeting,2026-03-02 17:24:33
94,Sky.com,What we know so far about US-Israeli strikes and retaliatory attacks by Iran,Iran has been hit by a series of US and Israeli airstrikes over the weekend as the two countries' leaders called for the Iranian people to overthrow the regime.,2026-03-01T17:15:00,https://news.sky.com/story/what-we-know-so-far-about-us-israeli-strikes-and-retaliatory-attacks-by-iran-13513943,2026-03-02 17:24:33
96,Freerepublic.com,"Heads on a swivel Be aware, be prepared and be strong.","n January of 2024 I wrote Terrorist Attacks in America: for what are they waiting? It warned of a new reality: thousands, even hundreds of thousands, of terrorists allowed into America by Biden’s Handlers with little or no vetting. many were given free bus or…",2026-03-01T17:13:11,https://freerepublic.com/focus/f-chat/4368850/posts,2026-03-02 17:24:33
97,Breitbart News,Lankford: Iranian People Need to Choose Their Leaders,"Sunday on ABC's ""This Week,"" Sen. James Lankford (R-OK) said that the Iranian people needed ""to have the opportunity to be able to actually choose their leaders.""
The post Lankford: Iranian People Need to Choose Their Leaders appeared first on Breitbart.",2026-03-01T17:12:24,https://www.breitbart.com/clips/2026/03/01/lankford-iranian-people-need-to-choose-their-leaders/,2026-03-02 17:24:33
98,Boston Herald,Key things to know about the US-Israel conflict with Tehran,"The U.S. and Israel launched coordinated, massive missile attacks on Iran that killed Supreme Leader Ayatollah Ali Khamenei. The strikes targeted the country’s military and were intended to prevent it from developing a nuclear weapon. Iran countered with miss…",2026-03-01T17:12:00,https://www.bostonherald.com/2026/03/01/key-things-to-know-about-the-us-israel-conflict-with-tehran-2/,2026-03-02 17:24:33
100,Mother Jones,What a War Powers Resolution Vote on Iran Actually Means,"Key members of Congress are calling for a vote on a war powers resolution on Monday to stop the Trump administration from continuing its illegal military assault against Iran without congressional authorization.  The strikes, which began early Saturday, have …",2026-03-01T17:10:53,https://www.motherjones.com/politics/2026/03/iran-war-powers-resolution-congress/,2026-03-02 17:24:33
101,Abcnews.com,Iran forms interim leadership council as President Pezeshkian resurfaces,"The interim leadership council of Iran has been formed following the death of Ayatollah Ali Khamenei, the country's supreme leader, Iranian state TV reported Sunday.",2026-03-01T17:10:41,https://abcnews.com/International/iran-forms-interim-leadership-council-president-pezeshkian-resurfaces/story?id=130650550,2026-03-02 17:24:33
102,Antiwar.com,Trump Starts His Criminal War of Aggression,"The president and the Israeli prime minister launched a criminal war of aggression yesterday: The U.S. and Israel said they launched an attack on Iran, which retaliated with strikes on Israel and targeted U.S. bases. President Trump confirmed major combat ope…",2026-03-01T17:10:12,https://www.antiwar.com/blog/2026/03/01/trump-starts-his-criminal-war-of-aggression/,2026-03-02 17:24:33
103,The Times of India,"America First, Diplomacy Last: The Peace President who went to war","Donald Trump, once a critic of 'endless wars,' now presides over a presidency marked by muscular interventions. His second term features forceful actions in Venezuela and Iran, alongside territorial ambitions towards Greenland. This shift from a 'peace presid…",2026-03-01T17:09:39,https://timesofindia.indiatimes.com/world/us/america-first-diplomacy-last-the-peace-president-who-went-to-war/articleshow/128922262.cms,2026-03-02 17:24:33
104,The Daily Caller,"Israel Reportedly Co-opted Major Iranian Prayer App To Encourage Millions Of Defections, Resistance",Israel reportedly co-opted a popular Iranian prayer app Saturday to send mass notifications urging defections from the Islamic regime.,2026-03-01T17:08:05,https://dailycaller.com/2026/03/01/israel-hacks-badesaba-calendar-iranian-prayer-app-encourage-millions-defections-resistance/,2026-03-02 17:24:33
105,Breitbart News,"Lindsey Graham on Iran: 'The Mothership of Terrorism Is Sinking, the Captain Is Dead'","Sunday on NBC's ""Meet the Press,"" Sen. Lindsey Graham (R-SC) said the U.S. military strikes on Iran meant ""the mothership of terrorism is sinking.""
The post Lindsey Graham on Iran: ‘The Mothership of Terrorism Is Sinking, the Captain Is Dead’ appeared first o…",2026-03-01T17:06:33,https://www.breitbart.com/clips/2026/03/01/lindsey-graham-on-iran-the-mothership-of-terrorism-is-sinking-the-captain-is-dead/,2026-03-02 17:24:33
106,CNBC,"What travelers need to know after the U.S., Israeli strikes on Iran",What travelers need to know after the strikes in the Middle East.,2026-03-01T17:06:16,https://www.cnbc.com/2026/03/01/travel-iran-attack-middle-east-flights.html,2026-03-02 17:24:33
107,Wnd.com,‘Absolutely disgusting and evil’: Tucker Carlson goes scorched earth on Trump for attacking Iran,Mark Levin: 'This bum has pranced around the Middle East giving aid and comfort to our enemies. And today he's stabbing the president in the back and smearing our nation',2026-03-01T17:00:34,https://www.wnd.com/2026/03/absolutely-disgusting-evil-tucker-carlson-goes-scorched-earth/,2026-03-02 17:24:33
108,Salon,The BAFTAs have us arguing over the wrong words,Assigning guilt over a slur yelled at the British Academy Film Awards ignores the real issues: impact and intent,2026-03-01T17:00:11,https://www.salon.com/2026/03/01/the-baftas-have-us-arguing-over-the-wrong-words/,2026-03-02 17:24:33
111,Financial Post,US Suffers First War Fatalities as Iran’s Counterstrikes Widen,"The US said the first Americans have been killed in the war with Iran that’s spread to several countries in the Middle East, while threatening to upend energy markets.",2026-03-01T16:56:32,https://financialpost.com/pmn/business-pmn/us-suffers-first-war-fatalities-as-irans-counterstrikes-widen,2026-03-02 17:24:33
114,The Irish Times,Oil jumps 10% on Iran conflict and could spike to $100 a barrel,Opec+ agrees to raise production after Gulf oil flows disrupted by US and ‌Israeli attacks on Iran,2026-03-01T16:50:47,https://www.irishtimes.com/business/2026/03/01/oil-jumps-10-on-iran-conflict-and-could-spike-to-100-a-barrel/,2026-03-02 17:24:33
115,Memeorandum.com,"3 U.S. service members killed in Iran operation, military says; Tehran vows to avenge Khamenei (Washington Post)","Washington Post:
3 U.S. service members killed in Iran operation, military says; Tehran vows to avenge Khamenei  —  Three U.S. service members were killed in action and five were seriously wounded, Central Command said Sunday morning, the first reported U.S. …",2026-03-01T16:50:01,https://www.memeorandum.com/260301/p34,2026-03-02 17:24:33
116,Daily Signal,Bloodshed and Bluster: US Confirms Casualties as Iran and Trump Trade Threats,"U.S. Central Command reported three casuaties in the first 24 hours after the strike on Iran.  Another five were seriously wounded in Operation Epic Fury. ... Read More
The post Bloodshed and Bluster: US Confirms Casualties as Iran and Trump Trade Threats app…",2026-03-01T16:48:48,https://www.dailysignal.com/2026/03/01/bloodshed-and-bluster-us-confirms-casualties-as-iran-and-trump-trade-threats/,2026-03-02 17:24:33
117,Gossiplankanews.com,Trump says Iran's new leader called me,"According to the latest report published by The Atlantic magazine, US President Donald Trump has stated that Iran's new leadership is willing to negotiate with him and that he has agreed to it, one day after the attack that killed Iran's Supreme Leader Ayatol…",2026-03-01T16:45:11,https://english.gossiplankanews.com/2026/03/trump-says-irans-new-leader-called-me.html,2026-03-02 17:24:33
119,Freerepublic.com,"9 Dead, 25 Injured After Protestors Storm US Consulate in Pakistan","At least nine people were killed, and dozens were injured on Sunday when Shiite protesters stormed the US consulate and clashed with Security forces in Karachi, Pakistan. This came in response to the joint US-Israel operation in Iran, which killed Supreme Lea…",2026-03-01T16:44:09,https://freerepublic.com/focus/f-bloggers/4368848/posts,2026-03-02 17:24:33
120,Fox News,"Keane warns Iran strike becoming ‘regional war,' says three Gulf states preparing for combat","Retired Gen. Jack Keane says three Gulf states prepare for combat amid U.S.-Israeli strikes against Iran, creating a broader Middle East regional conflict situation.",2026-03-01T16:43:49,https://www.foxnews.com/media/keane-warns-iran-strike-becoming-regional-war-says-three-gulf-states-preparing-combat,2026-03-02 17:24:33
121,The Daily Caller,Sen Fetterman Says Trump’s Iran Strike Was ‘Entirely Appropriate’ Response To Longstanding Threat,"Sen. Fetterman said Sunday that President Trump's strikes against Iran were ""entirely appropriate"" to address the Islamic country's longstanding nuclear threat.",2026-03-01T16:43:32,https://dailycaller.com/2026/03/01/john-fetterman-supports-donald-trump-iran-strike-entirely-appropriate-response-cnn-state-union-dana-bash/,2026-03-02 17:24:33
122,The Irish Times,Emergency support discussed for EU citizens in Middle East amid fears of escalating conflict,Cyprus has begun preparing evacuations by air,2026-03-01T16:43:13,https://www.irishtimes.com/world/middle-east/2026/03/01/emergency-support-discussed-for-eu-citizens-in-middle-east-amid-fears-of-escalating-conflict/,2026-03-02 17:24:33
123,Business Insider,Fighting with Iran has spread to tankers at sea. Ships are coming under fire around the busy Strait of Hormuz.,"Fighting between the US, Israel, and Iran has damaged ships near the strategic Strait of Hormuz, a key oil trade route.",2026-03-01T16:38:54,https://www.businessinsider.com/fight-iran-spread-oil-tankers-vessels-strait-of-hormuz-2026-3,2026-03-02 17:24:33
124,Breitbart News,Dem Sen. Kelly: Trump 'Did Not Go into This with Any Kind of Strategic Plan',"On Sunday on NBC's ""Meet the Press,"" Sen. Mark Kelly (D-AZ) said President Donald Trump did not seem to have an overall plan in Iran.
The post Dem Sen. Kelly: Trump ‘Did Not Go into This with Any Kind of Strategic Plan’ appeared first on Breitbart.",2026-03-01T16:37:56,https://www.breitbart.com/clips/2026/03/01/dem-sen-kelly-trump-did-not-go-into-this-with-any-kind-of-strategic-plan/,2026-03-02 17:24:33
125,Vox,Khamenei is dead. Regime change will be much harder.,"President Donald Trump triumphantly announced on Saturday that Israeli and US strikes had killed Iran’s supreme leader, Ayatollah Ali Khamenei. He was the biggest target in a “decapitation” mission that also reportedly killed a significant number of top Irani…",2026-03-01T16:37:45,https://www.vox.com/politics/481152/khamenei-dead-iran-regime-change-airpower-history,2026-03-02 17:24:33
127,Crooksandliars.com,Lindsey Graham: 'We're About To Liberate Iran',"Here we go again with Iraq redux. Warmonger Lindsey Graham phoned into Fox & Friends Weekend this Saturday to heap praise on Trump for Operation Epic Fury, calling it the most consequential presidential decision since 1979.
Graham repeatedly compared the Ayat…",2026-03-01T16:35:27,https://crooksandliars.com/2026/02/lindsey-graham-were-about-liberate-iran,2026-03-02 17:24:33
129,Crooksandliars.com,Bloodthirsty Mark Levin: Attack On Iran Should Unify The Country,"Fox News host Mark Levin celebrated Trump and Israel's assault on Iran with gleeful exuberance and claimed the country should be ""celebrating.""
Read the fucking room.
The people of the United States have no interest in starting another war in the Middle East.…",2026-03-01T16:33:20,https://crooksandliars.com/2026/02/bloodthirsty-mark-levin-attack-iran-should,2026-03-02 17:24:33
131,Memeorandum.com,Claude dethrones ChatGPT as top U.S. app after Pentagon saga (Madison Mills/Axios),"Madison Mills / Axios:
Claude dethrones ChatGPT as top U.S. app after Pentagon saga  —  Anthropic's Claude hit No. 1 in U.S. app downloads Saturday, overtaking ChatGPT, after the Pentagon blacklisted the company for refusing to loosen safeguards for military …",2026-03-01T16:30:03,https://www.memeorandum.com/260301/p33,2026-03-02 17:24:33
132,BusinessLine,"Trump says 48 leaders killed in strikes on Iran, Fox News interview","Trump claims 48 Iranian leaders killed in US and Israeli strikes during a Fox News interview, highlighting ongoing military actions.",2026-03-01T16:29:18,https://www.thehindubusinessline.com/news/world/trump-says-48-leaders-killed-in-strikes-on-iran-fox-news-interview/article70692547.ece,2026-03-02 17:24:33
133,CBS News,"Sen. Tom Cotton says ""not a simple answer"" as to who will lead Iran now","Sen. Tom Cotton, the chairman of the Senate Intelligence Committee, said after the killing of Iran's Supreme Leader Ayatollah Ali Khamenei in the U.S.-Israeli military operation, there's ""not a simple answer"" as to who will lead the Iranian people.",2026-03-01T16:29:00,https://www.cbsnews.com/video/sen-tom-cotton-says-not-a-simple-answer-as-to-who-will-lead-iran-now/,2026-03-02 17:24:33
134,Fox News,Fetterman praises Trump's Iran operation as 'historic' moment for America amid party divisions,"Sen. Fetterman breaks with Democrats to praise Trump's Operation Epic Fury against Iran, calling Khamenei's elimination ""historic.""",2026-03-01T16:28:53,https://www.foxnews.com/media/fetterman-praises-trumps-iran-operation-historic-moment-america-amid-party-divisions,2026-03-02 17:24:33
135,The Irish Times,Why is the United States attacking Iran?,"From nuclear fears to calls for regime change, Trump’s rationale for strikes reveals scale of gamble",2026-03-01T16:28:40,https://www.irishtimes.com/world/middle-east/2026/03/01/why-is-the-united-states-attacking-iran/,2026-03-02 17:24:33
136,Foreign Policy,First U.S. Casualties Confirmed in Iran War,The announcement comes as the war continues into its second day.,2026-03-01T16:28:26,http://foreignpolicy.com/2026/03/01/us-military-casualties-deaths-iran-war-trump/,2026-03-02 17:24:33
139,Fortune,"Weeks before his death, Iran’s 86-year-old Supreme Leader heard shouts of ‘Death to Khamenei’ and unleashed a bloody crackdown","Khamenei's suppression of the protests, with thousands of people killed, was a sign of the threat that popular anger represented.",2026-03-01T16:21:22,https://fortune.com/2026/03/01/who-was-khamenei-iran-supreme-leader-dead-killed-protests-crackdown/,2026-03-02 17:24:33
140,Thegatewaypundit.com,"US Central Command Confirms 3 Americans Killed, 5 “Seriously Injured” in Operation Epic Fury","Three US service members have been killed, and five have been seriously wounded in Operation Epic Fury, the US military operation to take out Iranian Supreme Leader Ayatollah Ali Khamenei on Saturday, US Central Command said in a statement Sunday.  “Several o…",2026-03-01T16:20:15,https://www.thegatewaypundit.com/2026/03/us-central-command-confirms-3-americans-killed-5/,2026-03-02 17:24:33
141,The Irish Times,Afghanistan targets Pakistani jets over Kabul as conflict continues,Heavy fighting raises fear of protracted conflict that will add to instability in region,2026-03-01T16:15:17,https://www.irishtimes.com/world/asia-pacific/2026/03/01/afghanistan-targets-pakistani-jets-over-kabul-as-conflict-continues/,2026-03-02 17:24:33
142,The Times of India,Oil tanker with 15 Indian crew members comes under attack off Oman coast,An oil tanker carrying 15 Indian sailors was attacked by the Iranian military near Oman. Four crew members were injured in the incident. The entire crew has been safely evacuated. This attack follows retaliatory actions by Iran after alleged US-Israel strikes…,2026-03-01T16:11:15,https://economictimes.indiatimes.com/news/defence/oil-tanker-with-15-indian-crew-members-comes-under-attack-off-oman-coast/articleshow/128920895.cms,2026-03-02 17:24:33
143,Israelnationalnews.com,President Trump: 'Operation Epic Fury is ahead of schedule',"The President stated that the operation was for the benefit not only of the USA, but the world.",2026-03-01T16:09:00,https://www.israelnationalnews.com/news/423183,2026-03-02 17:24:33
144,Memeorandum.com,Live updates: U.S. troops killed as Iran retaliates with strikes after death of supreme leader (NBC News),"NBC News:
Live updates: U.S. troops killed as Iran retaliates with strikes after death of supreme leader  —  Three U.S. service members have been killed in action and five others were seriously wounded, the U.S. military said in a statement Sunday.  —  ADD NB…",2026-03-01T16:05:02,https://www.memeorandum.com/260301/p30,2026-03-02 17:24:33
146,Newser,Pentagon Reports First US Casualties,"Three US service members were killed in action during the joint attack on Iran, the Defense Department said Sunday, the first American casualties of the operation that began Saturday. Five others were reported to be seriously wounded, the Washington Post repo…",2026-03-01T16:01:59,https://www.newser.com/story/384587/pentagon-reports-first-us-casualties.html,2026-03-02 17:24:33
147,Yahoo Entertainment,Israel-US strike on Iran: PCB confirms ODI match cancelled in Abu Dhabi amid Middle East tensions,"Security concerns in Abu Dhabi have led to the cancellation of the second unofficial one-day match between Pakistan Shaheens and England Lions. The England and Wales Cricket Board cited safety as their top priority, also delaying the England Women's team's tr…",2026-03-01T16:01:00,https://consent.yahoo.com/v2/collectConsent?sessionId=1_cc-session_00fa5230-f682-44e3-b694-97c1856a8911,2026-03-02 17:24:33
149,Unherd.com,How JD lost foreign policy war...,,2026-03-01T16:00:19,http://unherd.com/2026/03/how-jd-vance-lost-the-foreign-policy-war/,2026-03-02 17:24:33
150,Fox News,Operation Epic Fury: How America's air power is crushing Iran’s terror regime,"By eliminating Iran’s supreme leader and launching a sweeping air and missile campaign, the United States has seized a historic opportunity to dismantle Tehran’s military capabilities and reshape the balance of power in the Middle East.",2026-03-01T16:00:01,https://www.foxnews.com/opinion/operation-epic-fury-how-americas-air-power-crushing-irans-terror-regime,2026-03-02 17:24:33
151,The Star Online,Opposition united in condemnation of US-Israeli strikes on Iran,"PETALING JAYA: The Opposition has condemned the joint military strikes against Iran, demanding an immediate de-escalation of hostilities. Read full story",2026-03-01T16:00:00,https://www.thestar.com.my/news/nation/2026/03/02/opposition-united-in-condemnation-of-us-israeli-strikes-on-iran,2026-03-02 17:24:33
153,Crooksandliars.com,Trump Issues A Childish All-Caps Threat To Iran—Because Of Course He Does,"The Stable Genius kicked off a full-blown war with Iran just one year into his second term and after relentlessly campaigning for the Nobel Peace Prize. Who needs diplomacy when you've got ""Operation Epic Fury"" and an appetite for bombing schools?
Trump's dec…",2026-03-01T17:18:21,https://crooksandliars.com/2026/03/trump-issues-childish-all-caps-threat-iran,2026-03-02 17:24:33
154,Freerepublic.com,The Microreactor Race Is On,"For the past half century, successive Presidential administrations and the Nuclear Regulatory Commission have thwarted the development of advanced reactor designs...That all changed last May, when President Trump issued four executive orders aimed at reinvigo…",2026-03-01T17:17:34,https://freerepublic.com/focus/f-chat/4368851/posts,2026-03-02 17:24:33
160,Mediaite,‘How Many Times Do I Have to Tell You?!’ Lindsey Graham Snaps at NBC’s Kristen Welker Asking if Trump Has ‘A Plan’ On Iran,"Senator Lindsey Graham (R-SC) bristled at questions from NBC's Kristen Welker about President Donald Trump's ""plan"" for Iran — or lack thereof.
The post ‘How Many Times Do I Have to Tell You?!’ Lindsey Graham Snaps at NBC’s Kristen Welker Asking if Trump Has …",2026-03-01T16:57:22,https://www.mediaite.com/media/news/how-many-times-do-i-have-to-tell-you-lindsey-graham-snaps-at-nbcs-kristen-welker-asking-if-trump-has-a-plan-on-iran/,2026-03-02 17:24:33
165,Al Jazeera English,“Trump chose an avoidable war over a good deal.”,Trita Parsi says Iran had offered major nuclear concessions and that Trump could have claimed diplomatic victory.,2026-03-01T16:45:52,https://www.aljazeera.com/video/newsfeed/2026/3/1/trump-chose-an-avoidable-war-over-a-good-deal,2026-03-02 17:24:33
170,Gizmodo.com,A New Study Links Living Near Nuclear Plants to Higher Cancer Death Rates,A nationwide analysis found that counties closer to nuclear power plants have higher cancer mortality rates.,2026-03-01T16:35:35,https://gizmodo.com/a-new-study-links-living-near-nuclear-plants-to-higher-cancer-death-rates-2000727948,2026-03-02 17:24:33
173,Freerepublic.com,"US, Israel attack Iran live updates: Iran claims it struck USS Lincoln carrier with 4 missiles – US says they all missed: ‘LIE’","Iran says it fired four ballistic missiles at the USS Abraham Lincoln aircraft carrier, which launched many of the strikes on the Islamic Republic Saturday and Sunday. But, contrary to claims in Iran — all the missiles missed, the US said. In response to Iran…",2026-03-01T16:31:30,https://freerepublic.com/focus/f-chat/4368844/posts,2026-03-02 17:24:33
179,CBS News,Fears of a wider Middle East conflict grow as Iran launches retaliatory strikes,"Iran launched retaliatory strikes on U.S. and Israel's allies in the region as the joint airstrike campaign continued within Iran, leading to growing fears of a wider Middle East conflict. Imtiaz Tyab reports from Oman, the country that was mediating nuclear …",2026-03-01T16:13:00,https://www.cbsnews.com/video/fears-of-a-wider-middle-east-conflict-grow-as-iran-launches-retaliatory-strikes/,2026-03-02 17:24:33
185,The New Republic,The Dangerous Incoherence of Trump’s War With Iran,"Now what? Ayatollah Ali Hosseini Khamenei, who has led Iran as its supreme leader since 1989, is dead, killed in an Israeli airstrike on Saturday. Israeli and American bombs are still raining down across Iran as part of Operation Epic Fury—a name that doesn’t…",2026-03-01T15:59:08,https://newrepublic.com/article/207186/dangerous-incoherence-trump-war-iran,2026-03-02 17:24:33
186,The Times of India,Pakistan’s ominous role in attacks against Iran: How Islamabad benefits from conflict,Recent US and Israel strikes on Iran have intensified the Shia-Sunni rivalry. Pakistan and Saudi Arabia are central to these developments. Pakistan is reportedly providing bases and intelligence to the US for operations targeting Iran and Afghanistan. Saudi A…,2026-03-01T15:48:57,https://economictimes.indiatimes.com/news/defence/pakistans-ominous-role-in-attacks-against-iran-how-islamabad-benefits-from-conflict/articleshow/128920304.cms,2026-03-02 17:24:33
187,Wnd.com,"‘They were already heroes’: 3 U.S. service members killed, 5 seriously wounded in Operation Epic Fury","'The president warned of this, rightly so, that in this kind of operation, that possibility always exists, and tragically it has manifested itself'",2026-03-01T15:47:42,https://www.wnd.com/2026/03/they-were-already-heroes-3-u-s-service/,2026-03-02 17:24:33
189,Fortune,"Former Trump security advisor sees no off-ramp this time around for Iran, Israel and America",Trump seems to have no appetite for a deal now – he just wants Iran’s regime gone.,2026-03-01T15:40:43,https://fortune.com/2026/03/01/former-trump-security-advisor-sees-no-off-ramp-this-time-around-for-iran-israel-and-america/,2026-03-02 17:24:33
190,Breitbart News,Cotton: 'This Is a Chance for the Iranian People to Rise Up and to Reclaim Their Freedom',"Sunday on CNN's ""State of the Union,"" Sen. Tom Cotton (R-AR) said the U.S. military strikes in Iran are ""a chance for the Iranian people to rise up and to reclaim their freedom.""
The post Cotton: ‘This Is a Chance for the Iranian People to Rise Up and to Recl…",2026-03-01T15:36:13,https://www.breitbart.com/clips/2026/03/01/cotton-this-is-a-chance-for-the-iranian-people-to-rise-up-and-to-reclaim-their-freedom/,2026-03-02 17:24:33
193,Gossiplankanews.com,Will pro-American 'majority Sunni' Muslim countries oppose 'minority Shia Muslim' Iran?,"Between 85% and 90% of the global Muslim population follows Sunni Islam, while 10% to 15% follow Shia Islam. In Iran, which has a Shia majority, between 85% and 90% of the Muslim population belongs to Twelver, or Ithna Ashari Shia Islam, which is the country'…",2026-03-01T15:25:28,https://english.gossiplankanews.com/2026/03/will-pro-american-majority-sunni-muslim.html,2026-03-02 17:24:33
194,Daily Signal,‘Spiral of Violence’: Pope Calls for Diplomacy After Iran Strikes,"Pope Leo XIV made a call for peace and diplomacy Sunday, following the U.S. and Israel strike against Iran that killed supreme leader and targeted... Read More
The post ‘Spiral of Violence’: Pope Calls for Diplomacy After Iran Strikes appeared first on The Da…",2026-03-01T15:24:35,https://www.dailysignal.com/2026/03/01/spiral-of-violence-pope-calls-for-diplomacy-after-iran-strikes/,2026-03-02 17:24:33
195,Irishtimes.comhttps,"Death of Ayatollah Ali Khamenei: US tracked Iran’s supreme leader, Israel struck",Swift killing reflected the close co-ordination and intelligence sharing between the US and Israel,2026-03-01T15:22:40,https://www.irishtimes.comhttps://www.nytimes.com/2026/03/01/us/politics/cia-israel-ayatollah-compound.html,2026-03-02 17:24:33
196,Fortune,OPEC+ to resume oil output increases as Iran conflict rages,"The hike is just 1.5 times bigger than the 137,000-barrel increments made by the group in December.",2026-03-01T15:21:07,https://fortune.com/2026/03/01/opec-oil-output-increase-saudi-arabia-russia-iran-conflict-crude-prices/,2026-03-02 17:24:33
199,Dpa-international.com,Iranian news agency: ex-president Ahmadinejad killed in airstrikes,"Iran's former president, Mahmoud Ahmadinejad, was killed in an airstrike in Tehran, the state news agency ILNA reported on Sunday. Ahmadinejad, 69, was...",2026-03-01T15:13:34,https://dpa-international.com/politics/urn:newsml:dpa.com:20090101:260301-99-688477/,2026-03-02 17:24:33
200,DW (English),Will Gulf states enter the Iran conflict with their own armies?,"Gulf states have borne the brunt of Iranian missile attacks so far. At first, Iran aimed at US assets but that changed. Gulf states say they won't just sit back when attacked. But what exactly could that mean?",2026-03-01T15:13:00,https://www.dw.com/en/will-gulf-states-enter-the-iran-conflict-with-their-own-armies/a-76175593,2026-03-02 17:24:33
201,DW (English),Will Gulf states enter the Iran war?,"Gulf states have borne the brunt of Iranian missile attacks so far. At first, Iran targeted US assets, but that has changed. Gulf states say they won't just sit back.",2026-03-01T15:13:00,https://www.dw.com/en/will-gulf-states-enter-the-iran-war/a-76175593,2026-03-02 17:24:33
202,Breitbart News,"Iranian Embassy in Mexico Feeds Propaganda to Media, Claims Leaders Alive – Only Innocents Killed","The Iranian Embassy in Mexico held a news conference, during which they attempted to disseminate several false claims to news outlets in that country.
The post Iranian Embassy in Mexico Feeds Propaganda to Media, Claims Leaders Alive – Only Innocents Killed a…",2026-03-01T15:12:01,https://www.breitbart.com/border/2026/03/01/iranian-embassy-in-mexico-feeds-propaganda-to-media-claims-leaders-alive-only-innocents-killed/,2026-03-02 17:24:33
203,Alltoc.com,What happens next for Iran’s leadership? #world,"Who is handling state duties now Iran’s government has moved quickly to fill a leadership vacuum after the strikes that killed the country’s supreme leader and other senior officials. Tehran announced a temporary, multi‑member council to assume state duties w…",2026-03-01T15:10:50,https://alltoc.com/world/what-happens-next-for-irans-leadership,2026-03-02 17:24:33
204,Fortune,Iran will pick a new supreme leader in ‘one or two days’ as retaliation attacks spread to more targets after Khamenei’s death,Iran’s President Masoud Pezeshkian said in a prerecorded message aired on state television that a new leadership council had begun its work.,2026-03-01T15:07:55,https://fortune.com/2026/03/01/iran-new-supreme-leader-succession-retaliation-attacks-more-targets-khamenei-death/,2026-03-02 17:24:33
205,Alltoc.com,Why did the U.S. and Israel strike Iran now? #politics,"What officials say and the strategic rationale U.S. and Israeli officials moved when they believed an unusually narrow intelligence window had opened. Reporting indicates that allied intelligence detected Iran’s top leadership gathered in a secure location, c…",2026-03-01T15:06:30,https://alltoc.com/politics/why-did-the-u-s-and-israel-strike-iran-now,2026-03-02 17:24:33
207,Legalinsurrection.com,"Amid Ongoing U.S.-Israeli Strike, Iran Launches Missile Attacks on Arab Gulf States","IDF says Iran's top military leadership eliminated, 40 commanders killed in opening strike.
The post Amid Ongoing U.S.-Israeli Strike, Iran Launches Missile Attacks on Arab Gulf States first appeared on Le·gal In·sur·rec·tion.",2026-03-01T15:00:11,https://legalinsurrection.com/2026/03/amid-ongoing-u-s-israeli-strike-iran-launches-missile-attacks-on-arab-gulf-states/,2026-03-02 17:24:33
208,Associated Press,US Military says 3 service members have been killed,Iran’s President Masoud Pezeshkian said Sunday that a new leadership council “has begun its work” after death of Supreme Leader Ayatollah Ali Khamenei. Pezeshkian made the comment in a prerecorded message aired on Iranian state television.,2026-03-01T14:59:55,https://apnews.com/live/us-israel-strikes-iran-khamenei-03-01-2026,2026-03-02 17:24:33
209,Freerepublic.com,Charlie Kirk Ripping Iran Regime Change Resurfaces Amid Operation Epic Fury,"In a Charlie Kirk Show segment from June 17, 2025, Kirk criticized Senator Lindsey Graham, a South Carolina Republican, for pushing for regime change earlier that month in the buildup to the U.S. strikes on Iranian nuclear facilities.",2026-03-01T14:50:45,https://freerepublic.com/focus/f-news/4368836/posts,2026-03-02 17:24:33
210,Hollywood Life,What Is Happening in Iran? Aftermath of U.S. & Israel Strikes,"After the U.S. and Israel conducted strikes against Iran, Iran's Supreme Leader Ayatollah Ali Khamenei died, President Donald Trump confirmed.",2026-03-01T14:41:53,https://hollywoodlife.com/2026/03/01/what-is-happening-in-iran/,2026-03-02 17:24:33
211,Crooksandliars.com,Mullin Takes Cheap Shot At Tlaib And Omar To Justify Trump Not Briefing Congress,"Sen. Markwayne Mullin lashed out at Representatives Rashida Tlaib and Ilhan Omar when attempting to justify Trump refusing to brief Congress before bombing Iran.
During a portion of a lengthy interview on this Saturday's Fox & Friends Weekend, where Mullin wa…",2026-03-01T14:40:52,https://crooksandliars.com/2026/02/mullin-takes-cheap-shot-tlaib-and-omar,2026-03-02 17:24:33
212,Freerepublic.com,"Mahmoud Ahmadinejad, Iran’s ex-president who said ‘Israel must be wiped off the map,’ killed in Israeli airstrikes",Former Iranian President Mahmoud Ahmadinejad — a polarizing hardliner who became the face of Tehran’s nuclear defiance and incendiary anti-Israel rhetoric — was reportedly killed in Israeli airstrikes during Saturday’s strikes inside Iran. A report by the Isr…,2026-03-01T14:40:27,https://freerepublic.com/focus/f-news/4368831/posts,2026-03-02 17:24:33
213,Gossiplankanews.com,"The future of the remaining leaders and the system of governance in Iran, where not everyone can run for election","Last Saturday, a massive American and Israeli attack on Iran killed the country's 86-year-old Supreme Leader Ayatollah Ali Khamenei, as well as several high-ranking military officials including Defense Minister Aziz Nasirzadeh and Army Chief General Abdol Rah…",2026-03-01T14:35:23,https://english.gossiplankanews.com/2026/03/the-future-of-remaining-leaders-and.html,2026-03-02 17:24:33
218,New York Post,"Mahmoud Ahmadinejad, Iran’s ex-president who said ‘Israel must be wiped off the map,’ killed in Israeli airstrikes",Critics at home and abroad described him as a confrontational ideologue whose economic management fueled inflation and whose rhetoric deepened Iran’s international isolation.,2026-03-01T14:20:39,https://nypost.com/2026/03/01/world-news/mahmoud-ahmadinejad-irans-ex-president-killed-in-israeli-airstrikes/,2026-03-02 17:24:33
219,Gossiplankanews.com,"Reactions from China, Russia, Britain, Oman, and the Pope after Khamenei's assassination","Following the assassination of Iran's eighty-six-year-old Supreme Leader Ayatollah Ali Khamenei and several high-ranking military officials in the country, as a result of a massive joint military operation launched by the United States and Israel,
various rea…",2026-03-01T14:15:31,https://english.gossiplankanews.com/2026/03/reactions-from-china-russia-britain.html,2026-03-02 17:24:33
220,CBS News,"Trump says strikes on Iran will continue ""as long as necessary""","On Saturday the Trump Administration launched military strikes on Iran, in the midst of negotiations with Iranian leaders over their nuclear program. President Trump (who campaigned on avoiding foreign conflicts) said the bombing will continue ""as long as nec…",2026-03-01T14:14:00,https://www.cbsnews.com/video/trump-says-strikes-on-iran-will-continue-as-long-as-necessary/,2026-03-02 17:24:33
221,The Times of India,What is Strait of Hormuz and will Iran close it now? Key global oil trade route explained after US-Israeli war on Iran,"What is Strait of Hormuz and will Iran close it now? The US-Israeli war on Iran has raised fears of a Strait of Hormuz closure. Around 20% of global oil and gas passes through this route. Any block could disrupt oil supply, raise oil prices, and impact global…",2026-03-01T14:08:50,https://economictimes.indiatimes.com/news/international/us/what-is-strait-of-hormuz-and-will-iran-close-it-now-key-global-oil-trade-route-explained-after-us-israeli-war-on-iran-middle-east-narrow-sea-route-between-iran-and-oman-liquefied-natural-gas-shipments-oil-prices-fuel-costs-global-markets/articleshow/128917629.cms,2026-03-02 17:24:33
223,CBC News,"Canadian military members likely involved in planning U.S. strikes on Iran, retired general says","A retired Canadian major-general says personnel on exchange with U.S. Central Command were likely involved in planning and targeting airstrikes on Iran unless Ottawa explicitly barred participation. As U.S. and Israeli forces intensify their campaign, The Dep…",2026-03-01T14:02:53,https://www.cbc.ca/news/politics/iran-air-strikes-canada-israel-war-9.7110268,2026-03-02 17:24:33
226,HuffPost,'Weekend Update' Tears Apart Trump's Iran Attack Using This Key 'Expert' Analysis,"Colin Jost, host of the ""SNL"" news segment, let the president have the floor to explain his ""bad idea.""",2026-03-01T13:53:03,https://www.huffpost.com/entry/snl-weekend-update-colin-jost-trump-iran-strikes-attack-clip_n_69a42e49e4b01a745ada2026,2026-03-02 17:24:33
229,Slashdot.org,At least nine killed after Iranian strike on Israel’s Beit Shemesh - Al Jazeera,At least nine killed after Iranian strike on Israel’s Beit ShemeshAl Jazeera Nine dead in missile attack on Israel as Iran strikes regionBBC 9 Killed in City near Jerusalem After Iranian Missile StrikeThe New York Times Six people killed after missile strike …,2026-03-01T17:13:12,https://slashdot.org/firehose.pl?op=view&amp;id=180879102,2026-03-02 17:24:33
232,Sputnikglobe.com,"IRGC Says Launched Strikes on 3 US, UK Tankers in Persian Gulf, Strait of Hormuz",TEHRAN (Sputnik) - Iran's Islamic Revolutionary Guard Corps (IRGC) said on Sunday that it had launched missile strikes against three US ans UK tankers in the Persian Gulf and the Strait of Hormuz.,2026-03-01T17:05:34,https://sputnikglobe.com/20260301/irgc-says-launched-strikes-on-3-us-uk-tankers-in-persian-gulf-strait-of-hormuz-1123729773.html,2026-03-02 17:24:33
233,Israelnationalnews.com,Over 700 sorties: Air Force clears the way to Tehran within 24 hours,"IAF operating with air superiority in Iran, striking ballistic missile launchers, headquarters, Iranian air defense systems, and command centers of the Iranian terrorist regime.",2026-03-01T17:05:00,https://www.israelnationalnews.com/news/423185,2026-03-02 17:24:33
234,The Irish Times,Khamenei is gone – but Iran’s system is built to endure,"Unless there is a breakdown in security or a power struggle, succession should be smooth",2026-03-01T17:02:01,https://www.irishtimes.com/world/middle-east/2026/03/01/khamenei-is-gone-but-irans-system-is-built-to-endure/,2026-03-02 17:24:33
235,The Irish Times,Khamenei is gone but Iran’s system is built to endure,"Unless there is a breakdown in security or a power struggle, succession should be smooth",2026-03-01T17:02:01,https://www.irishtimes.com/world/middle-east/2026/03/02/khamenei-is-gone-but-irans-system-is-built-to-endure/,2026-03-02 17:24:33
243,New York Post,Pressure mounts on Dems to fund terror-fighting Homeland Security as US attacks Iran,"""This is certainly not the time to play games,"" House Intelligence Committee Chairman Rick Crawford (R-Ark.) told Fox News on Saturday -- as Tehran was vowing deadly retribution against the US over its joint strikes with Israel against Iran.",2026-03-01T16:35:43,https://nypost.com/2026/03/01/us-news/pressure-mounts-on-dems-to-fund-homeland-security-as-us-attacks-iran/,2026-03-02 17:24:33
244,"HITC - Football, Gaming, Movies, TV, Music",NBA fan’s ‘LeBron never did that’ joke about Iranian ballistic missiles goes viral,An NBA fan managed to turn a serious geopolitical headline into a viral LeBron James joke. A breaking news update about missile interceptions quickly caught attention online.,2026-03-01T16:30:00,https://www.hitc.com/nba-fans-lebron-never-did-that-joke-about-iranian-ballistic-missiles-goes-viral/,2026-03-02 17:24:33
245,BusinessLine,Conflict zones,Iran's retaliation in West Asia raises concerns for 9 million Indians living in GCC nations amid escalating conflict.,2026-03-01T16:30:00,https://www.thehindubusinessline.com/data-stories/visually/conflict-zones/article70692582.ece,2026-03-02 17:24:33
246,Haaretz,Filipino national identified as woman killed in Iranian missile strike in Tel Aviv,"Mary Ann de Vera, 32, was identified by her husband, Ernie, who, like her, works as a caregiverin Israel. The Philippines' president said she was helping her employer reach a bomb shelter when she was struck by shrapnel",2026-03-01T16:29:11,https://www.haaretz.com/israel-news/israel-security/2026-03-01/ty-article/.premium/filipino-national-identified-as-woman-killed-by-iranian-missile-in-tel-aviv/0000019c-aa12-dabd-a1df-ea96df6c0000,2026-03-02 17:24:33
249,Gossiplankanews.com,"Even if leaders including Khamenei are killed, there will be no change in Iran - How will Trump's objective be achieved?","Although American Defense Secretary Pete Hegseth, addressing senior officials last year, described the 1991 Gulf War as a limited operation with a clear end, The Economist magazine has published an article stating that the end of the current Iranian conflict …",2026-03-01T16:25:18,https://english.gossiplankanews.com/2026/03/even-if-leaders-including-khamenei-are.html,2026-03-02 17:24:33
250,Israelnationalnews.com,Beit Shemesh missile strike: 11 remain missing,"According to the police, as of 6:20 p.m. (local time), 11 individuals are still unaccounted for following the strike on a bomb shelter in Beit Shemesh. ""Efforts to locate them continue together with searches at the scene to rule out the possibility of individ…",2026-03-01T16:24:00,https://www.israelnationalnews.com/flashes/677484,2026-03-02 17:24:33
254,Khabarhub.com,Today’s News in a Nutshell,"KATHMANDU: Khabarhub brings you a glimpse of major developments of the day in Nepal, including politics, business/economy, sports, entertainment, and more. Nepal calls for diplomatic resolution of Middle East tensions Nepal has urged all parties in the Middle…",2026-03-01T16:15:31,https://english.khabarhub.com/2026/01/537102/,2026-03-02 17:24:33
255,Gossiplankanews.com,UAE Sri Lankans injured due to Iranian attacks,"The UAE Ministry of Defence has officially confirmed that civilians in the United Arab Emirates have been harmed due to a series of missile and drone attacks suspected to be linked to Iran.
<!--gossip-below-article-Rs--> (adsbygoogle = window.adsbygoogle || …",2026-03-01T16:15:12,https://english.gossiplankanews.com/2026/03/uae-sri-lankans-injured-due-to-iranian.html,2026-03-02 17:24:33
258,The Times of India,US sinks Iranian warship and claims Tehran missiles did not even touch USS Abraham Lincoln. US Central Command statement and USS Abraham Lincoln current status explained,US sinks Iranian warship and claims Tehran missiles did not even touch USS Abraham Lincoln during Operation Epic Fury. United States Central Command said a Jamaran-class corvette was struck and is sinking at Chah Bahar pier. Three US service members were kill…,2026-03-01T15:59:21,https://economictimes.indiatimes.com/news/international/us/us-sinks-iranian-warship-and-claims-tehran-missiles-did-not-even-touch-uss-abraham-lincoln-us-central-command-statement-and-uss-abraham-lincoln-current-status-explained-jamaran-class-corvette-at-a-chah-bahar-pier-irans-islamic-revolutionary-guard-corps/articleshow/128920451.cms,2026-03-02 17:24:33
260,Israelnationalnews.com,Netanyahu pledges on the roof of the Kirya: Intensity of strikes will only grow,"Standing on the roof of the military headquarters in the heart of Tel Aviv, the Prime Minister says that the combined US-Israeli forces 'enables us to strike the terrorist regime decisively.'",2026-03-01T15:54:20,https://www.israelnationalnews.com/news/423182,2026-03-02 17:24:33
261,Slashdot.org,Photos show damage to Dubai luxury tourist hotspot after Iranian strike - Business Insider,"Photos show damage to Dubai luxury tourist hotspot after Iranian strikeBusiness Insider Iran Attacks Dubai, Abu Dhabi, Qatar and Bahrain After U.S.-Israeli StrikesThe New York Times Glitzy Dubai Gets a Taste of Middle East WarWSJ Dubai airport, iconic Burj Al…",2026-03-01T15:53:02,https://slashdot.org/firehose.pl?op=view&amp;id=180878790,2026-03-02 17:24:33
262,Slashdot.org,"Woman killed, dozens injured as Iranian missile strikes Tel Aviv residential block - The Times of Israel","Woman killed, dozens injured as Iranian missile strikes Tel Aviv residential blockThe Times of Israel One killed and 11 injured at Dubai and Abu Dhabi airports as Iran strikes regionBBC Israel says its warplanes hit Tehran again after killing Khamenei but man…",2026-03-01T15:52:52,https://slashdot.org/firehose.pl?op=view&amp;id=180878786,2026-03-02 17:24:33
263,Business Insider,The fight with Iran shows high-intensity modern wars hinge on having a substantial air defense arsenal,"Israel and the US made going after Iran's defenses and launch sites a priority, while also leaning on air defenses to fight against attacks.",2026-03-01T15:52:25,https://www.businessinsider.com/us-israel-fight-iran-air-defenses-vital-in-modern-war-2026-3,2026-03-02 17:24:33
265,Radiozamaneh.com,"Frappe, représailles, propagation régionale : Khamenei et les principaux commandants tués alors que la guerre s'étend (Anglais)","Strikes reportedly hit Tehran’s leadership compound and military sites nationwide; Iran answered with rapid missile waves as explosions, interceptions, and",2026-03-01T15:41:15,https://en.radiozamaneh.com/37834/,2026-03-02 17:24:33
267,The Times of India,"Did Iranian drones attack Al-Salam Naval Base in Abu Dhabi, and how many missiles and drones have UAE been hit with till now? Latest Iran Israel war updates and drone attack explained","Did Iranian drones attack Al-Salam Naval Base in Abu Dhabi, and how many missiles and drones have UAE been hit with till now? The UAE Ministry of Defence confirmed two Iranian drones targeted Al-Salam Naval Base. A fire broke out in storage containers. No cas…",2026-03-01T15:39:48,https://economictimes.indiatimes.com/news/international/us/did-iranian-drones-attack-al-salam-naval-base-in-abu-dhabi-and-how-many-missiles-and-drones-have-uae-been-hit-with-till-now-latest-iran-israel-war-updates-and-drone-attack-explained/articleshow/128919904.cms,2026-03-02 17:24:33
268,Israelnationalnews.com,"Operation Epic Fury: US confirms three casualties, attacks continue unabated",The US CENTCOM has announced three casualties so far but insists that the damages reported by Iran are entirely false.,2026-03-01T15:39:47,https://www.israelnationalnews.com/news/423181,2026-03-02 17:24:33
269,Al Jazeera English,Iranian missile strike on Israel’s Beit Shemesh kills nine people,Explosions heard in Tel Aviv as Israeli rescue services report casualties in Beit Shemesh missile attack.,2026-03-01T15:36:55,https://www.aljazeera.com/gallery/2026/3/1/iranian-missile-strike-on-israels-beit-shemesh-kills-nine-people,2026-03-02 17:24:33
271,Salon,"Ayatollah killed, death toll climbs in Iran conflict",Three American service members and hundreds of civilians are reported dead amid nonstop strikes and counterstrikes,2026-03-01T15:34:49,https://www.salon.com/2026/03/01/ayatollah-killed-death-toll-climbs-in-iran-conflict/,2026-03-02 17:24:33
272,Business Insider,Israeli combat footage shows it bombing vintage American-made fighter jets in Iran,Video footage shows the Israel Defense Forces striking two F-4 and F-5 fighters before they took off from an airport in western Iran.,2026-03-01T15:34:23,https://www.businessinsider.com/israel-bombing-vintage-us-made-fighter-jets-in-iran-2026-3,2026-03-02 17:24:33
273,Fox News,Israeli national gymnastics team suspends all activities after Iranian counter-attack,Israel's national gymnastics team suspends all training activities amid Iranian counterattacks following a U.S.-Israeli strike that killed Supreme Leader Ayatollah Ali Khamenei.,2026-03-01T15:26:40,https://www.foxnews.com/sports/israeli-national-gymnastics-team-suspends-all-activities-after-iranian-counter-attack,2026-03-02 17:24:33
275,Sporting News,Will the Finalissima go ahead in Qatar? March soccer games in doubt as country suspends all sport after Iran strikes,High-profile international games in Qatar could be at risk of cancellation due to regional unrest.,2026-03-01T15:23:12,https://www.sportingnews.com/us/soccer/news/finalissima-qatar-suspends-sport-iran/0d84724406b24025616f90e6,2026-03-02 17:24:33
277,Slashdot.org,U.S. Races to Accomplish Iran Mission Before Munitions Run Out - WSJ,"U.S. Races to Accomplish Iran Mission Before Munitions Run OutWSJ Bahrain strikes raise questions on how US can deal with Iran retaliationBBC Sustained war with Iran could drain US missile stockpiles, test escalation controlFox News Iranian Missile Attacks Se…",2026-03-01T15:13:08,https://slashdot.org/firehose.pl?op=view&amp;id=180878620,2026-03-02 17:24:33
281,CBS News,"3 U.S. service members killed in military operation in Iran, CENTCOM says",The U.S. Central Command said Sunday that three American service members were killed and five others were seriously wounded as part of the military operation in Iran.,2026-03-01T15:06:40,https://www.cbsnews.com/news/iran-military-operation-american-service-members-killed-centcom/,2026-03-02 17:24:33
283,Theaviationist.com,B-2 Spirit Stealth Bombers Take Part in Night Strikes on Iran,"Radio communications on ATC frequencies revealed that four B-2A Spirit stealth bombers flew a round trip from CONUS for night strikes on Iranian targets. As expected, the U.S. Air Force employed the B-2A Spirit stealth bomber during the first night of the str…",2026-03-01T15:04:59,https://theaviationist.com/2026/03/01/b-2-spirit-night-strikes-on-iran/,2026-03-02 17:24:33
284,The Times of India,"What is Beit Shemesh, and how many Israelis have got killed in Iranian missile attack? Iranian ballistic missile explosion Explained","What is Beit Shemesh, and how many Israelis have got killed in Iranian missile attack? Nine people died and over 20 were injured after an Iranian missile struck Beit Shemesh, west of Jerusalem, destroying multiple apartment buildings. Rescue teams continue to…",2026-03-01T15:04:39,https://economictimes.indiatimes.com/news/international/us/what-is-beit-shemesh-and-how-many-israelis-have-got-killed-in-iranian-missile-attack-iranian-ballistic-missile-explosion-explained-magen-david-adom-ambulances-idf-home-front-command-units-operation-roaring-lion/articleshow/128919137.cms,2026-03-02 17:24:33
285,RT,Middle East travel chaos strands hundreds of thousands (VIDEOS),Hundreds of thousands travelers have been stranded in the Middle East after key airport hubs shut following US-Israeli strikes on Iran Read Full Article at RT.com,2026-03-01T15:04:05,https://www.rt.com/news/633328-iran-airspace-chaos-stranded/,2026-03-02 17:24:33
286,Israelnationalnews.com,Foreign Minister Sa'ar speaks with counterparts from Lithuania and Bolivia,Foreign Minister Gideon Sa'ar spoke this afternoon (Sunday) with the foreign ministers of Lithuania and Bolivia.Sa’ar updated his counterparts on the severe disaster in Beit Shemesh in which nine civilians were killed. He stressed that “while Israel is acting…,2026-03-01T15:00:27,https://www.israelnationalnews.com/flashes/677471,2026-03-02 17:24:33
288,TheJournal.ie,McEntee states she 'can’t say' if US-Israeli strikes on Iran are illegal,The Foreign Affairs Minister also refused to outright use the word “condemn” when discussing the US-Israeli attacks on Iran.,2026-03-01T14:58:23,https://www.thejournal.ie/mcentee-us-israel-iran-illegal-6971197-Mar2026/,2026-03-02 17:24:33
289,Israelnationalnews.com,Philippine Embassy: Filipino citizen killed in Tel Aviv missile strike,"The Philippine Embassy in Israel announced on Sunday that Mary Ann V. de Vera, a 32-year-old caregiver from Basista, Pangasinan, who had been working in Israel since 2019, is the victim of the deadly missile strike on Tel Aviv on Saturday. Her identity was co…",2026-03-01T14:49:52,https://www.israelnationalnews.com/flashes/677470,2026-03-02 17:24:33
290,Israelnationalnews.com,IDF identifies missile launch from Iran toward Israel,"A short while ago, the IDF identified missiles launched from Iran toward the territory of the State of Israel.Defensive systems are operating to intercept the threat.In the past few minutes, the Home Front Command has sent a precautionary directive directly t…",2026-03-01T14:47:00,https://www.israelnationalnews.com/flashes/677468,2026-03-02 17:24:33
291,The Local Germany,Germany warns against Middle East travel after US-Israeli strikes on Iran,Germany on Saturday tightened travel recommendations for the Middle East following strikes launched by the United States and Israel against Iran and retaliation from Tehran.,2026-03-01T14:44:29,https://www.thelocal.de/20260301/germany-warns-against-middle-east-travel-after-us-israeli-strikes-on-iran,2026-03-02 17:24:33
294,Fox News,Pope warns escalating Iran conflict could tip Middle East into ‘irreparable abyss’,"Pope Leo XIV warned Sunday that U.S.-Israel airstrikes on Iran risk plunging the Middle East into an ""irreparable abyss,"" urging leaders to choose dialogue.",2026-03-01T14:37:36,https://www.foxnews.com/world/pope-warns-escalating-iran-conflict-could-tip-middle-east-into-irreparable-abyss,2026-03-02 17:24:33
296,Israelnationalnews.com,"Diaspora Minister: 'It won't be simple, but we will reach our ultimate goal'",Diaspora Minister Amichai Chikli visited the scene of the deadly Iranian missile strike in Beit Shemesh and vowed that Israel would carry on despite the losses.,2026-03-01T14:33:17,https://www.israelnationalnews.com/news/423179,2026-03-02 17:24:33
297,News.com.au,Wealthy influencer sparks fury for tone-deaf comment on Dubai missile strikes: ‘The entitlement’,"Some people took issue with the video, which has since been viewed more than one million times.",2026-03-01T14:32:49,https://www.news.com.au/lifestyle/real-life/news-life/aussie-slammed-for-selfish-comment-amid-dubai-missile-strikes/news-story/a68ab1a08948b610eb156f90fd38cd70%20,2026-03-02 17:24:33
298,Al Jazeera English,US-Israel attacks on Iran: Death toll and injuries live tracker,Preliminary figures are 201 dead and 747 injured in Iran and at least nine killed and 121 injured in Israel.,2026-03-01T14:32:24,https://www.aljazeera.com/news/2026/3/1/us-israel-attacks-on-iran-death-toll-and-injuries-live-tracker,2026-03-02 17:24:33
299,Al Jazeera English,Iranian attack on Beit Shemesh kills several in Israel,An Iranian missile attack on the Israeli town of Beit Shemesh has killed at least nine people and wounded dozens more.,2026-03-01T14:29:45,https://www.aljazeera.com/video/newsfeed/2026/3/1/iranian-attack-on-beit-shemesh-kills-several-in-israel,2026-03-02 17:24:33
300,Freerepublic.com,UK’s Starmer tells Cyprus ‘unequivocally’ that it wasn’t target of Iran attack,"British Prime Minister Keir Starmer tells Cypriot President Nikos Christodoulides “clearly and unequivocally” that Cyprus was not the target of an Iranian missile attack, according to Cyprus’s readout. Earlier, UK Defense Secretary John Healey said that two I…",2026-03-01T14:27:16,https://freerepublic.com/focus/f-news/4368830/posts,2026-03-02 17:24:33
301,Abcnews.com,Warning for Americans in Bahrain after Iran strikes Dubai and other Gulf targets,Several countries in the Middle East were targeted by Iran after the U.S. and Israeli strikes.,2026-03-01T14:25:22,https://abcnews.com/International/warning-americans-bahrain-after-iran-strikes-dubai-gulf/story?id=130648905,2026-03-02 17:24:33
302,BBC News,Scot in Dubai says children 'heard bangs' of anti-missile defences,"Gary Goldie said life was ""continuing as normal"" in the UAE despite Iranian missile strikes.",2026-03-01T14:24:20,https://www.bbc.com/news/articles/c0q354pn431o,2026-03-02 17:24:33
304,Isegoria.net,US confirms first combat use of LUCAS one-way attack drone in Iran strikes,"U.S. Central Command has confirmed that the airstrikes on Iran involved the first combat use of the Low-cost Unmanned Combat Attack System, or LUCAS drone: The LUCAS platform is a one-way attack drone reverse-engineered after the Iranian Shahed-136. Built by …",2026-03-01T14:21:14,https://www.isegoria.net/2026/03/us-confirms-first-combat-use-of-lucas-one-way-attack-drone-in-iran-strikes/,2026-03-02 17:24:33
311,Haaretz,"How long can Iran keep firing at Israel? 'Days, not weeks'","Over two days, Israelis have been repeatedly rushing for their bomb shelters, but Tehran's clever strategy of rationing its missiles has its limits",2026-03-01T17:00:16,https://www.haaretz.com/israel-news/israel-security/2026-03-01/ty-article/.premium/how-long-can-iran-keep-firing-at-israel-days-not-weeks/0000019c-a9d9-db44-a1dd-addd764b0000,2026-03-02 17:24:33
317,The Times of India,Iran strikes send VIP Dubai influencers 'back to reality',"They moved to the UAE expecting a non-stop VIP experience, but instead Dubai's influencers found themselves under a barrage of Iranian missiles and drones.  British content creator Will Bailey was updating his Instagram and TikTok followers by filming the tra…",2026-03-01T16:45:45,https://economictimes.indiatimes.com/news/international/business/iran-strikes-send-vip-dubai-influencers-back-to-reality/articleshow/128921742.cms,2026-03-02 17:24:33
332,The Irish Times,Irish troops in Middle East forced to take shelter as air strikes continue,About 380 Irish troops are stationed in bases throughout the region,2026-03-01T16:00:00,https://www.irishtimes.com/ireland/2026/03/01/irish-troops-in-middle-east-forced-to-take-shelter-as-air-strikes-continue/,2026-03-02 17:24:33
337,The Denver Post,"Trump talks regime change in Iran after strikes, but history shows that could be very hard","With Iran’s fundamentally unpopular government weakened by fierce airstrikes, some of its top leaders dead or missing and Washington signaling support, how hard could it be to overthrow a repressive regime?",2026-03-01T15:43:22,https://www.denverpost.com/2026/03/01/iran-regime-change-history/,2026-03-02 17:24:33
339,Hurriyet Daily News,Three US military members killed in Iran operation: Pentagon,"The U.S. military on March 1 said three service members have been killed and five seriously wounded in the operation against Iran, the first casualties of any kind announced on the U.S. side.",2026-03-01T15:40:58,https://www.hurriyetdailynews.com/three-us-military-members-killed-in-iran-operation-pentagon-219459,2026-03-02 17:24:33
344,The Daily Caller,"US CENTCOM Announces Three Service Members Killed In Action, Several Others Injured As Operation Epic Fury Continues","Three American service members have been killed and at least five others were wounded during combat operations against Iran, the Pentagon announced Sunday.",2026-03-01T15:35:50,https://dailycaller.com/2026/03/01/united-states-central-command-centcom-announces-three-service-members-killed-several-injured-operation-epic-fury-iran/,2026-03-02 17:24:33
345,The Times of India,Three US military members killed in Iran operation: Pentagon,US forces report three service members killed and five wounded during Operation Epic Fury against Iran. Major combat operations continue. The US military states the aircraft carrier USS Abraham Lincoln was not hit by Iranian missiles. Attacks are ongoing as t…,2026-03-01T15:33:09,https://economictimes.indiatimes.com/news/defence/three-us-military-members-killed-in-iran-operation-pentagon/articleshow/128919968.cms,2026-03-02 17:24:33
347,Memeorandum.com,3 U.S. service members killed in Iran conflict (Andrew Pantazi/Axios),"Andrew Pantazi / Axios:
3 U.S. service members killed in Iran conflict  —  Three U.S. service members were killed in action and five more seriously wounded as part of the American and Israeli strikes on Iran, U.S. Central Command announced Sunday morning. … T…",2026-03-01T15:30:01,https://www.memeorandum.com/260301/p25,2026-03-02 17:24:33
348,Skift,Dubai’s Status as a Travel Safe Haven Tested as Iran Strikes the UAE,"Dubai has long positioned itself as a safe haven in the Middle East, politically neutral and open for business — and travel.",2026-03-01T15:27:09,https://skift.com/2026/03/01/dubais-status-as-a-travel-safe-haven-tested-as-iran-strikes-the-uae/,2026-03-02 17:24:33
357,Israelnationalnews.com,"US military: In contrast to IRGC claim, no missiles hit USS Lincoln","The US Central Command clarified that, in contrast to IRGC claims, the USS Abraham Lincoln aircraft carrier was not hit with ballistic missilesAccording to the military, ""The missiles launched didn’t even come close. The Lincoln continues to launch aircraft i…",2026-03-01T15:12:52,https://www.israelnationalnews.com/flashes/677475,2026-03-02 17:24:33
363,Memeorandum.com,Live updates: Israel hits Tehran as Iran's counterattacks widen after the supreme leader was killed (Associated Press),"Associated Press:
Live updates: Israel hits Tehran as Iran's counterattacks widen after the supreme leader was killed  —  The Israeli military said it was striking targets in central Tehran after clearing the path to the capital Saturday.  Earlier, Iran fired…",2026-03-01T14:55:00,https://www.memeorandum.com/260301/p18,2026-03-02 17:24:33
364,Fortune,Air fares could rise if Iran conflict lingers as carriers reroute flights and burn more fuel to dodge airspace closures across Mideast,"More than 3,400 flights were canceled Sunday across seven airports in the Mideast, according to flight tracker Flightradar24.",2026-03-01T14:54:02,https://fortune.com/2026/03/01/air-fares-us-israel-iran-bombing-airlines-reroute-flights-fuel-airspace-closures-mideast/,2026-03-02 17:24:33
365,Freerepublic.com,Christodoulides says Cyprus not a target as Iran missiles fired towards UK bases,"Two Iranian missiles were fired in the direction of Cyprus, British Defence Secretary John Healey said on Sunday but were intercepted.The island is home to two British military bases.Healey said it was not yet clear if the missiles were deliberately targeting…",2026-03-01T14:47:33,https://freerepublic.com/focus/f-news/4368835/posts,2026-03-02 17:24:33
369,Freerepublic.com,Iran’s Guards say they ‘struck’ US aircraft carrier USS Abraham Lincoln,"Iran’s Revolutionary Guards say they attacked the American aircraft carrier USS Abraham Lincoln in the Gulf after US and Israeli strikes killed the country’s supreme leader. “The US aircraft carrier Abraham Lincoln was struck by four ballistic missiles,” the …",2026-03-01T14:41:32,https://freerepublic.com/focus/f-news/4368832/posts,2026-03-02 17:24:33
370,The Times of India,PM Modi to chair CCS meeting tonight,Modi CCS meeting: The meeting is believed to have been convened in the wake of the prevailing global situation following the attack on Iran by the United States and Israel and the killing of Iranian Supreme Leader Ayatollah Ali Khamenei.,2026-03-01T14:41:25,https://economictimes.indiatimes.com/news/politics-and-nation/pm-modi-to-chair-ccs-meeting-tonight/articleshow/128918806.cms,2026-03-02 17:24:33
371,The Times of India,"Has Iran attacked USS Abraham Lincoln with ballistic missiles, and what is Operation True Promise-4? Here's what is USS Abraham Lincoln and its capabilities","Has Iran attacked USS Abraham Lincoln with ballistic missiles, and what is Operation True Promise-4? Iran’s IRGC claims it fired four ballistic missiles at the US aircraft carrier. The US has not confirmed the strike. Questions grow over escalation, Operation…",2026-03-01T14:36:37,https://economictimes.indiatimes.com/news/international/us/has-iran-attacked-uss-abraham-lincoln-with-ballistic-missiles-and-what-is-operation-true-promise-4-heres-what-is-uss-abraham-lincoln-and-its-capabilities-islamic-revolutionary-guard-corps-irgc/articleshow/128918483.cms,2026-03-02 17:24:33
375,Lawyersgunsmoneyblog.com,Air Campaign as Regime Change,"Still upset but decided to go a bit more analytical for my follow up thoughts on Iran. With respect to the prospects for regime change, I have my doubts. Airpower has a limited capacity to destroy a political system.  This means that airstrikes can destroy ta…",2026-03-01T14:30:12,https://www.lawyersgunsmoneyblog.com/2026/03/air-campaign-as-regime-change,2026-03-02 17:24:33
383,Memeorandum.com,"At least 153 dead after reported strike on school, Iran says (Ghoncheh Habibiazad/BBC)","Ghoncheh Habibiazad / BBC:
At least 153 dead after reported strike on school, Iran says  —  At least 153 people including children have died after a reported strike hit a school in southern Iran, according to Iranian officials.  —  Iran has blamed the US and …",2026-03-01T17:15:01,https://www.memeorandum.com/260301/p38,2026-03-02 17:24:33
388,The Times of India,"Air India flights to North America, Europe to use alternative routes","Air India is rerouting flights to North America and Europe over Middle Eastern airspaces, adding to flying times. Six European flights are cancelled on March 2, and UAE, Saudi Arabia, Israel, and Qatar routes remain suspended. Flights to New York will make te…",2026-03-01T17:12:21,https://economictimes.indiatimes.com/industry/transportation/airlines-/-aviation/air-india-flights-to-north-america-europe-to-use-alternative-routes/articleshow/128922459.cms,2026-03-02 17:24:33
399,Sputnikglobe.com,Former Iranian President Ahmadinejad Alive - Spokesman to Sputnik,"The press secretary for former Iranian president Mahmoud Ahmadinejad has dismissed reports claiming the ex-leader was killed in recent strikes, telling Sputnik that he is safe and in good health.",2026-03-01T17:03:37,https://sputnikglobe.com/20260301/former-iranian-president-ahmadinejad-alive----spokesman-to-sputnik-1123729668.html,2026-03-02 17:24:33
400,Acecomments.mu.nu,"After 47 Years Of Asymmetric War, We Finally Have A President Who Understands","The Islamic Republic Of Iran was founded after a revolution overthrew its monarch. That revolution was aided and abetted by a cabal of western countries, including France and America (thank you Jimmy Carter!), and various leftist political groups that found...",2026-03-01T17:00:49,https://acecomments.mu.nu/?post=418702,2026-03-02 17:24:33
422,Fortune,Oil prices soar 10% as tanker traffic halts near the Strait of Hormuz amid Iran attacks while IRGC warns against passage. ‘Our ships will stay put’,Hundreds of tankers carrying oil and liquid natural gas have dropped anchor or remain stationary near the Strait of Hormuz.,2026-03-01T16:31:41,https://fortune.com/2026/03/01/oil-prices-tanker-traffic-strait-of-hormuz-iran-attacks-us-israel-irgc-warning/,2026-03-02 17:24:33
432,Sky.com,Ship tracking reveals tankers and millions of barrels of oil stuck in the Gulf,Sky's Data and Forensics team has been monitoring shipping through the Strait of Hormuz - a strategically vital waterway for Iran and other oil producers in the Middle East.,2026-03-01T16:22:00,https://news.sky.com/story/ship-tracking-reveals-tankers-and-millions-of-barrels-of-oil-stuck-in-the-gulf-13513961,2026-03-02 17:24:33
435,Israelnationalnews.com,Iranian FM: Tehran open to all efforts to halt escalation,Real time news brief - Iranian FM: Tehran open to all efforts to halt escalation - Israel National News flashes around the clock are waiting for you on the site,2026-03-01T16:12:31,https://www.israelnationalnews.com/flashes/677483,2026-03-02 17:24:33
437,Israelnationalnews.com,Another war-related death: 102-year-old man who fell en route to shelter pronounced dead,Real time news brief - Another war-related death: 102-year-old man who fell en route to shelter pronounced dead - Israel National News flashes around the clock are waiting for you on the site,2026-03-01T16:10:00,https://www.israelnationalnews.com/flashes/677482,2026-03-02 17:24:33
438,BusinessLine,Fresh pain,"Iran-Israel war can destabilise economies, markets",2026-03-01T16:04:15,https://www.thehindubusinessline.com/opinion/editorial/fresh-pain/article70691872.ece,2026-03-02 17:24:33
444,The Star Online,Wisma Putra cautions against non-essential Mideast travel,PETALING JAYA: Wisma Putra has advised Malaysians to exercise vigilance and avoid areas of military activity and public gatherings in Iran and several of its neighbours. Read full story,2026-03-01T16:00:00,https://www.thestar.com.my/news/nation/2026/03/02/wisma-putra-cautions-against-non-essential-mideast-travel,2026-03-02 17:24:33
453,Memeorandum.com,'I Have Agreed to Talk' — Trump tells The Atlantic that Iranian leaders want to resume negotiations. (Michael Scherer/The Atlantic),"Michael Scherer / The Atlantic:
‘I Have Agreed to Talk’  —  Trump tells The Atlantic that Iranian leaders want to resume negotiations.  —  One day after launching strikes on Iran that killed Ayatollah Ali Khamenei and embroiled the region in war, President Tr…",2026-03-01T17:20:00,https://www.memeorandum.com/260301/p39,2026-03-02 17:24:33
455,PBS,Suspect in Texas bar shooting wore 'Property of Allah' clothing and Iranian flag emblem according to AP source,"The gunman who killed two people at a bar in Texas early Sunday in a mass shooting that left 14 others wounded was wearing a sweatshirt that said ""Property of Allah,"" and another shirt with an Iranian flag design, a law enforcement official told AP.",2026-03-01T17:18:23,https://www.pbs.org/newshour/nation/suspect-in-texas-bar-shooting-wore-property-of-allah-clothing-and-iranian-flag-emblem-according-to-ap-source,2026-03-02 17:24:33
470,Gossiplankanews.com,Powerful countries in the world are looking for alternatives to oil supply - The threat is not about security but insurance risk.,"Amidst the escalating Iranian crisis and disruptions to shipping in the Strait of Hormuz, Asian governments and oil refining companies are urgently focusing on their oil reserves and alternative supply routes, Reuters reports. Global crude oil prices are expe…",2026-03-01T17:10:19,https://english.gossiplankanews.com/2026/03/powerful-countries-in-world-are-looking.html,2026-03-02 17:24:33
478,CNA,"Trump says 48 leaders killed in strikes on Iran, and new leaders want to talk","Trump said in media interviews on Sunday that 48 leaders were killed in strikes on Iran, but that he would ""be talking"" to new Iranian leaders, although he didn't specify when.",2026-03-01T17:04:31,https://www.channelnewsasia.com/world/trump-says-48-leaders-killed-in-strikes-iran-fox-news-interview-5962156,2026-03-02 17:24:33
487,OilPrice.com,OPEC+ Approves Modest Output Hike as Iran War Jolts Oil Markets,"OPEC+ agreed on Sunday to raise oil output by a modest 206,000 barrels per day (bpd) in April, opting for a cautious supply increase even as the U.S.-Israeli war on Iran disrupts shipments across the Middle East. The decision, confirmed in an official stateme…",2026-03-01T16:58:00,https://oilprice.com/Latest-Energy-News/World-News/OPEC-Approves-Modest-Output-Hike-as-Iran-War-Jolts-Oil-Markets.html,2026-03-02 17:24:33
489,Yahoo Entertainment,‘How Many Times Do I Have to Tell You?!’ Lindsey Graham Snaps at NBC’s Kristen Welker Asking if Trump Has ‘A Plan’ On Iran,,2026-03-01T16:57:22,https://consent.yahoo.com/v2/collectConsent?sessionId=1_cc-session_00f9033a-ca9e-4236-b208-83a8170f41b9,2026-03-02 17:24:33
504,The Big Lead,Minnesota Vikings make surprising decision with running back Aaron Jones,"The NFL offseason is moving towards the new league year. March 11th requires teams to be cap compliant and allows them to sign free agents to deals. The Minnesota Vikings are among the teams with decisions to make. On Sunday, it was reported that they had mad…",2026-03-01T16:42:46,https://www.thebiglead.com/minnesota-vikings-make-surprising-decision-with-running-back-aaron-jones/,2026-03-02 17:24:33
506,The Times of India,"Trump says 48 leaders killed in strikes on Iran, Fox News interview","""It's moving along. It's moving ​along rapidly. ⁠This has ‌been this ​way ​for ⁠47 years,"" he was quoted ​as saying in ​an interview with Fox News. ""It's moving along rapidly. Nobody ‌can believe the success we're ​having, 48 ​leaders ⁠are gone in one shot. A…",2026-03-01T16:38:24,https://economictimes.indiatimes.com/news/international/world-news/trump-says-48-leaders-killed-in-strikes-on-iran-fox-news-interview/articleshow/128921525.cms,2026-03-02 17:24:33
507,New York Post,"Austin bar mass shooter possibly motivated by Iran attacks, Quran found in car as FBI eyes terrorism after 2 killed, 14 injured","The FBI is investigating the shooting as a possible ideologically motivated act of terrorism, the sources said.",2026-03-01T16:38:18,https://nypost.com/2026/03/01/us-news/austin-mass-shooter-possibly-motivated-by-iran-attacks-quran-found-in-car-as-fbi-eyes-terrorism/,2026-03-02 17:24:33
515,Slashdot.org,Iranians Take to Streets to Celebrate Khamenei’s Death - The New York Times - The New York Times,Iranians Take to Streets to Celebrate Khamenei’s Death - The New York TimesThe New York Times Iran Vows to Avenge Supreme Leader's Death as U.S.-Israeli Strikes Continue: Live UpdatesThe New York Times CIA closely watched Khamenei for months before fatal stri…,2026-03-01T16:32:39,https://slashdot.org/firehose.pl?op=view&amp;id=180878930,2026-03-02 17:24:33
516,Slashdot.org,Reluctant MAGA demands swift results from Trump in Iran - Axios,Reluctant MAGA demands swift results from Trump in IranAxios Trump’s Iran strikes drive a wedge into the “America First” partyMS NOW Trump's Iran strike tests MAGA unity ahead of midtermsReuters Trump’s attack on Iran risks alienating war-weary supportersThe …,2026-03-01T16:32:29,https://slashdot.org/firehose.pl?op=view&amp;id=180878926,2026-03-02 17:24:33
525,USA Today,Must‑see sports landmarks to visit across the United States,"From the Banzai Pipeline to Cooperstown and beyond, USA TODAY Sports editors reveal the 50 best sports landmarks to visit in United States.",2026-03-01T17:14:56,https://www.usatoday.com/story/sports/2026/03/01/united-states-sports-landmarks-visit-america-250-anniversary/88882193007/,2026-03-02 17:24:33
527,Rlsbb.to,"USA Today - March 1, 2026","USA Today - March 1, 2026English | 15 pages | True PDF | 5.3 MBDownload: RAPiDGATOR",2026-03-01T17:03:49,https://post.rlsbb.to/usa-today-march-1-2026/,2026-03-02 17:24:33
528,USA Today,Why is Catarina Macario not playing for the USWNT at SheBelieves Cup?,The U.S. women's national team will play without star forward Catarina Macario at the 2026 SheBelieves Cup.,2026-03-01T17:00:23,https://www.usatoday.com/story/sports/soccer/uswnt/2026/03/01/catarina-macario-not-playing-uswnt-shebelieves-cup/88827411007/,2026-03-02 17:24:33
529,Sporting News,"USA hockey players on SNL: Megan Keller, Hilary Knight give Hughes brothers, men's team a 'little moment to shine'","Hockey was at the forefront during the latest ""Saturday Night Live"" episode. Here's why.",2026-03-01T16:54:57,https://www.sportingnews.com/us/nhl/news/usa-hockey-players-snl-megan-keller-hilary-knight-hughes-brothers/450e96cc9b7eac648a60b537,2026-03-02 17:24:33
531,Extra,Connor Storrie Surprises with Team USA Hockey Olympians on 'SNL',"""Heated Rivalry"" star Connor Storrie made his ""SNL"" hosting debut this weekend — and he had a little help from some friends who had recently been each other's frenemies!
 During his monologue, Storrie said his show has ""taught a lot of people about hockey, an…",2026-03-01T16:40:07,https://extratv.com/2026/03/01/connor-storrie-surprises-with-mens-and-women-s-hockey-olympians-on-snl/,2026-03-02 17:24:33
532,Slickdeals.net,"AOOSTAR MACO Mini PC: Ryzen 7 Pro 6850H, 24GB LPDDR5, Radeon 680M, NO SSD $250 + Free S/H","ships from the USA warehouse 
 
deal [aliexpress.us] 
 
 
*$250 + Free S/H* w/ code *USDEAL35* 
* For expedited customer service, please email SDorders_help@aliexpress.com",2026-03-01T16:38:17,https://slickdeals.net/f/19261261-aoostar-maco-mini-pc-ryzen-7-pro-6850h-24gb-lpddr5-radeon-680m-no-ssd-250-free-s-h,2026-03-02 17:24:33
534,HuffPost,Team USA Women's Hockey Stars Turn Trump's 'Joke' Into A Punchline In Surprise 'SNL' Cameo,"Hilary Knight and Megan Keller teased fellow gold medalists on the men's hockey team during Connor Storrie's ""SNL"" monologue.",2026-03-01T16:15:56,https://www.huffpost.com/entry/snl-monologue-team-usa-womens-hockey-hilary-knight-megan-keller_n_69a44564e4b0d383f50363a2,2026-03-02 17:24:33
535,NBCSports.com,"Fulham 2-1 Tottenham Hotspur: Cottagers climbing, Spurs sinking","Tottenham Hotspur took another dangerous step toward relegation from the Premier League on Sunday, as they fell 2-1 to Fulham and extended their own winless run to 10 games.",2026-03-01T16:15:00,https://www.nbcsports.com/soccer/news/fulham-2-1-tottenham-hotspur-video-highlights-analysis-recap,2026-03-02 17:24:33
537,USA Today,Why is Sophia Wilson not playing for the USWNT at SheBelieves Cup?,The U.S. women's national team will play without star forward Sophia Wilson at the 2026 SheBelieves Cup.,2026-03-01T16:00:32,https://www.usatoday.com/story/sports/soccer/uswnt/2026/03/01/sophia-wilson-not-playing-uswnt-shebelieves-cup/88886987007/,2026-03-02 17:24:33
540,Outkick.com,"Megyn Kelly Brings Receipts While Ripping 'Rabid, Angry Lesbian' Megan Rapinoe For Attack On USA Hockey",A masterclass of a takedown.,2026-03-01T15:45:21,https://www.outkick.com/analysis/megyn-kelly-megan-rapinoe-team-usa-hockey-president-trump-call-kash-patel-reaction,2026-03-02 17:24:33
541,Worldsoccertalk.com,How to watch AS Roma vs Juventus in the USA: Live Stream and TV for 2025/2026 Serie A,"AS Roma will host Juventus in a Matchday 27 showdown in the 2025/2026 Serie A campaign. Supporters in the United States can catch every minute of the clash, with complete kickoff times and broadcast details provided for both television and streaming options.
…",2026-03-01T15:45:00,https://worldsoccertalk.com/watch-on-us-tv/how-to-watch-as-roma-vs-juventus-in-the-usa-live-stream-and-tv-for-2025-2026-serie-a/,2026-03-02 17:24:33
542,BroBible,Chaos Erups As U.S. Half Marathon Championship After Leaders Are Directed Off Course,"Jess McClain looked set to win the 2026 U.S. Half Marathon Championships. Then chaos struck, robbing the 34-year-old from Stanford graduate of her first national championship. McClain, who represented the United States last year at the World Championships in …",2026-03-01T15:43:26,https://brobible.com/sports/article/us-half-marathon-championships-2026-jess-mcclain/,2026-03-02 17:24:33
545,The Big Lead,Miami Dolphins make decision on Tua Tagovailoa,"The NFL Scouting Combine has come to a close, and teams now move towards the new league year. Some teams have tough decisions to make with limited time to do so. The Miami Dolphins, however, appear to have made their decision on quarterback Tua Tagovailoa. Re…",2026-03-01T15:19:17,https://www.thebiglead.com/miami-dolphins-make-decision-on-tua-tagovailoa/,2026-03-02 17:24:33
546,Antiwar.com,Yet Another Illegal Regime-Change War,"Reprinted from Bracing Views with the author’s permission. I woke to the news that Israel/USA is launching attacks (New York Times) and strikes (NBC News) against Iran. The BBC used “joint attack” for the Israeli/U.S. war plan. Three sources, and all three av…",2026-03-01T15:18:53,https://www.antiwar.com/blog/2026/03/01/yet-another-illegal-regime-change-war/,2026-03-02 17:24:33
548,Rlsbb.to,L'Officiel USA - March 2026,"L’Officiel USA share its international vision with a US audience. Combining both men’s and women’s fashion in a bi-monthly publication in conjunction with its digital platform, lofficielusa.com— which features daily, exclusive multi-media content—L’Officiel U…",2026-03-01T15:00:56,https://post.rlsbb.to/lofficiel-usa-march-2026/,2026-03-02 17:24:33
549,The Big Lead,"How to live stream Arsenal vs Chelsea: Premier League soccer, TV channel","London rivals collide in a massive Premier League showdown as Arsenal F.C. hosts Chelsea F.C. with crucial points on the line in the European race. MORE: Iran could withdraw from 2026 FIFA World Cup amid Middle East tension Jul 19, 2023; Washington, DC, USA; …",2026-03-01T15:00:00,https://www.thebiglead.com/how-to-live-stream-arsenal-vs-chelsea-premier-league-soccer-tv-channel/,2026-03-02 17:24:33
550,Starsandstripesfc.com,"USA vs. Argentina, 2026 SheBelieves Cup: Time, TV schedule, streaming and lineups",The USWNT get the tournament started.,2026-03-01T15:00:00,https://www.starsandstripesfc.com/usmnt/42618/usa-vs-argentina-2026-shebelieves-cup-time-tv-schedule-streaming-and-lineups,2026-03-02 17:24:33
552,BroBible,United States Women’s Hockey Team Got One Back On President Trump With Witty Quip On SNL,Saturday Night Live invited members of the United States men’s and women’s hockey team to join the first broadcast following the Olympics. Hilary Knight got one back on President Donald Trump. She cracked a joke in direct response to the locker room phone cal…,2026-03-01T14:40:22,https://brobible.com/sports/article/snl-hilary-knight-joke-president-trump-invite-hughes-saturday-night-live-reaction/,2026-03-02 17:24:33
553,Slickdeals.net,KINGROON 10KG PETG 3D Printer Filament + F/S $60.75 (0 replies),"KINGROON 3D Store via AliExpress [aliexpress.com]

Ships from a USA Warehouse. Shipping is free.

Apply the eCoupon U9W9 or UW9K9 for $9 off at checkout

Final Price: starting from $60.75 ($6.1/KG)10K",2026-03-01T14:28:24,https://slickdeals.net/f/19260952-kingroon-10kg-petg-3d-printer-filament-f-s-60-75,2026-03-02 17:24:33
554,Yahoo Entertainment,What is USC parallel for USA-Canada Olympic gold medal hockey game?,The gold medal hockey game between Team USA and Canada had several parallels to a notable USC-Notre Dame game—but not the ones you might think,2026-03-01T14:21:18,https://consent.yahoo.com/v2/collectConsent?sessionId=1_cc-session_f0c1402a-6e12-432e-91f1-6f9cae189039,2026-03-02 17:24:33
555,Rlsbb.to,"USA Today - February 28, 2026","USA Today - February 28, 2026English | 12 pages | True PDF | 4.1 MBDownload: RAPiDGATOR",2026-03-01T14:19:14,https://post.rlsbb.to/usa-today-february-28-2026/,2026-03-02 17:24:33
556,USA Today,"Ryan Reaves takes pride in career, being a Black player in the NHL",San Jose Sharks forward Ryan Reaves discusses being a role model in the NHL and much more.,2026-03-01T14:01:02,https://www.usatoday.com/story/sports/nhl/2026/03/01/ryan-reaves-nhl-black-players-growing-game/88893232007/,2026-03-02 17:24:33
558,Newser,Governor Lets PB4WEGO License Plate Stand,"New York's governor is letting a bathroom joke slide. Long Island's Seth Bykofsky can keep driving with his ""PB4WEGO"" vanity plate after Gov. Kathy Hochul personally intervened to reverse the DMV's decision to revoke it as ""objectionable,"" reports USA Today .…",2026-03-01T13:50:00,https://www.newser.com/story/384577/governor-lets-pb4wego-license-plate-stand.html,2026-03-02 17:24:33
560,Yahoo Entertainment,USA women’s hockey stars clap back at Donald Trump with ‘SNL’ cameo,"Team USA women’s hockey has been in an uncomfortable position since winning a 2026 Winter Olympics gold medal recently, but they got their moment back during a new ‘Saturday Night Live’ appearance. Despite the on-ice glory that Hilary Knight and…",2026-03-01T13:33:21,https://consent.yahoo.com/v2/collectConsent?sessionId=1_cc-session_64f39bf9-52ae-455b-848f-c8b808480026,2026-03-02 17:24:33
561,Thegatewaypundit.com,MUST SEE TV: Iranian Press TV Anchor Breaks Down in Tears After Learning Khamenei Was Killed in US-Israeli Airstrikes,"A reporter for the English language Press TV Station was heartbroken after learning the Supreme Leader was killed in US-Israeli airstrikes.
The post MUST SEE TV: Iranian Press TV Anchor Breaks Down in Tears After Learning Khamenei Was Killed in US-Israeli Air…",2026-03-01T13:30:17,https://www.thegatewaypundit.com/2026/03/must-see-tv-iranian-press-tv-anchor-breaks/,2026-03-02 17:24:33
562,Breitbart News,UK Defence Secretary Refuses to Say if Britain Backs U.S. Strikes on Iran,"British Defence Secretary John Healey refused on Sunday to say whether the UK government agreed with the U.S.-Israeli strikes on the Islamist Iranian regime, prompting pushback from opposition parties.
The post UK Defence Secretary Refuses to Say if Britain B…",2026-03-01T13:29:51,https://www.breitbart.com/europe/2026/03/01/uk-defence-secretary-refuses-to-say-if-britain-backs-u-s-strikes-on-iran32225210/,2026-03-02 17:24:33
563,Celebitchy.com,"Donald Trump launched strikes on Iran, Ayatollah Ali Khamenei is dead","I think we need to retire the phrase “saber-rattling.” At least for Donald Trump and his merry band of psychopaths, losers and cross-eyed reptile-men. They’re not saber-rattling, they’re dementia-rattling and death-rattling. Early on Saturday morning, Donald …",2026-03-01T13:04:03,https://www.celebitchy.com/964563/donald_trump_launched_strikes_on_iran_ayatollah_ali_khamenei_is_dead/,2026-03-02 17:24:33
564,Freerepublic.com,I fled Iran’s terror — Trump’s courage is an answer to my prayers,I fled Iran’s terror — Trump’s courage is an answer to my prayers The strikes President Donald Trump launched against Iran Saturday are not just military operations — they are the answer to decades of prayers by Iranians who have suffered under tyranny. And t…,2026-03-01T13:02:12,https://freerepublic.com/focus/f-chat/4368818/posts,2026-03-02 17:24:33
565,The Denver Post,Can Nikola Jokic and Serbia make a run at gold in Los Angeles Olympics? A way-too-early look toward 2028,A way-too-early look ahead at the men's basketball tournament in the 2028 Los Angeles Olympics.,2026-03-01T13:00:10,https://www.denverpost.com/2026/03/01/olympics-los-angeles-2028-basketball-predictions-usa/,2026-03-02 17:24:33
566,ANSA.it,La Regione Campania rilancia sul mercato turistico statunitense,"Spot su voli Delta Airlines, United Airlines e American Airlines e schermi in scali Usa",2026-03-01T12:36:36,https://www.ansa.it/campania/notizie/2026/03/01/la-regione-campania-rilancia-sul-mercato-turistico-statunitense_be8924fa-1ac9-4e4a-b37b-7892b8c85dc3.html,2026-03-02 17:24:33
567,Slashdot.org,Who from 'Yellowstone' is coming to 'Marshals'? Is Monica Dutton dead? - USA Today,"Who from 'Yellowstone' is coming to 'Marshals'? Is Monica Dutton dead?USA Today Everything you need to know about the new ‘Yellowstone’ spinoff: ‘Marshals’ premiere date, where to stream, cast and moreYahoo Here's Your Complete Release Schedule for 'Marshals'…",2026-03-01T12:32:04,https://slashdot.org/firehose.pl?op=view&amp;id=180878088,2026-03-02 17:24:33
568,Worldsoccertalk.com,How to watch Arsenal vs Chelsea in the USA: Live Stream and TV for 2025/2026 Premier League,"Arsenal receive Chelsea in a Matchday 28 clash during the 2025/2026 Premier League campaign. Below, you’ll find essential details, including kickoff times and complete viewing options across TV and streaming platforms.
 
Here are all of the details of where y…",2026-03-01T12:30:00,https://worldsoccertalk.com/watch-on-us-tv/how-to-watch-arsenal-vs-chelsea-in-the-usa-live-stream-and-tv-for-2025-2026-premier-league/,2026-03-02 17:24:33
569,Breitbart News,Nine Killed as pro-Iran Protesters Attack U.S. Consulate in Pakistan's Karachi,"At least nine people were killed during pro-Iran protests outside the United States consulate in the Pakistan megacity of Karachi on Sunday, with dozens more injured as they tried to storm the diplomatic outpost.
The post Nine Killed as pro-Iran Protesters At…",2026-03-01T11:38:48,https://www.breitbart.com/europe/2026/03/01/nine-killed-as-pro-iran-protesters-attack-u-s-consulate-in-pakistans-karachi/,2026-03-02 17:24:33
591,ComicBook.com,"The $302M Fantasy Movie Sequel That Killed Its Franchise Is a Netflix Hit, 14 Years Later","Image Courtesy of Warner Bros. Pictures

The record-breaking success of Avatar kicked off a new era of 3D blockbusters; in an effort to capitalize on the trend, it became common for studios to post-convert their upcoming films to 3D. One of the earliest examp…",2026-03-01T16:42:20,http://comicbook.com/movies/news/the-302m-fantasy-movie-sequel-that-killed-its-franchise-is-a-netflix-hit-14-years-later/,2026-03-02 17:24:33
598,TMZ,Tom Hanks' Son Chet Says He's Stranded in Colombia After Passport Issue,Tom Hanks' son Chet Hanks says he's currently stranded in Colombia after running into a passport problem while trying to return to the United States. The actor and musician explained on Instagram that he was traveling with his Greek passport --…,2026-03-01T16:26:03,https://www.tmz.com/2026/03/01/tom-hanks-son-chet-stranded-in-colombia-passport-issue/,2026-03-02 17:24:33
607,The Atlantic,‘I Have Agreed to Talk’,Trump tells The Atlantic that Iranian leaders want to resume negotiations.,2026-03-01T16:00:00,https://www.theatlantic.com/national-security/2026/03/trump-iran-attack-negotiations/686201/,2026-03-02 17:24:33
611,Breitbart News,Warner: 'The President Has Started a War of Choice',"Sunday on CNN's ""State of the Union,"" Sen. Mark Warner (D-VA) said President Donald Trump has ""started a war of choice"" with Iran.
The post Warner: ‘The President Has Started a War of Choice’ appeared first on Breitbart.",2026-03-01T15:50:57,https://www.breitbart.com/clips/2026/03/01/warner-the-president-has-started-a-war-of-choice/,2026-03-02 17:24:33
612,Al Jazeera English,Who are the council members temporarily in charge of Iran?,"Until Khamenei's successor is picked, three-member leadership council, including Ayatollah Arafi, will lead Iran.",2026-03-01T15:47:10,https://www.aljazeera.com/news/2026/3/1/who-are-the-council-members-temporarily-in-charge-of-iran,2026-03-02 17:24:33
614,Khabarhub.com,Nepal suspends labour approvals for 12 Middle East countries,"KATHMANDU: The government has suspended labour approvals for foreign employment in 12 Middle Eastern countries amid escalating conflict in the region. Issuing a notice, the Department of Foreign Employment said labour approvals for both individual and institu…",2026-03-01T15:45:31,https://english.khabarhub.com/2026/01/537220/,2026-03-02 17:24:33
622,Al Jazeera English,At least three US service members killed during Iran operation: CENTCOM,US Central Command (CENTCOM) said in a statement that five others have been 'seriously wounded'.,2026-03-01T15:37:01,https://www.aljazeera.com/news/2026/3/1/at-least-three-us-service-members-killed-during-iran-operation-centcom,2026-03-02 17:24:33
629,Syllad.com,"Arunachal rolls out HPV vaccination drive: ‘Let us secure the health and future of our daughters,’ says CM Pema Khandu","In a significant push towards women’s health, Arunachal Pradesh on Saturday formally launched the Human Papillomavirus (HPV) Vaccination Programme, joining the nationwide drive flagged off by Prime Minister Narendra Modi from Ajmer, Rajasthan. The state-level…",2026-03-01T15:31:00,https://www.syllad.com/arunachal-rolls-out-hpv-vaccination-drive-let-us-secure-the-health-and-future-of-our-daughters-says-cm-pema-khandu/,2026-03-02 17:24:33
630,Common Dreams,'Insane This Is Legal': Bettors Make Huge Profits From Suspiciously Timed Wagers on Iran War,"Bettors on the prediction platform Polymarket made a killing with suspiciously timed wagers that the United States would attack Iran by February 28, the day President Donald Trump announced a bombing campaign against the Middle East nation.Bloomberg reported …",2026-03-01T15:27:34,https://www.commondreams.org/news/insane-this-is-legal-bettors-make-huge-profits-from-suspiciously-timed-wagers-on-iran-war,2026-03-02 17:24:33
632,Abcnews.com,Iranian foreign minister: 'We have a right to defend ourselves',Abbas Araghchi said nothing has changed in Iran's military capability.,2026-03-01T15:23:34,https://abcnews.com/Politics/iranian-foreign-minister-defending/story?id=130650156,2026-03-02 17:24:33
641,Situationtracker.xyz,Show HN: Situation Tracker – real-time crisis dashboard,"Built a crisis monitoring dashboard for the current Middle East situation using zero paid APIs. News from RSS feeds (Al Jazeera, BBC, Reuters, AP), market data from TradingView embeds, live TV streams, and a map with conflict hotspots.
Source: https://github.…",2026-03-01T17:02:20,https://www.situationtracker.xyz/,2026-03-02 17:24:33
664,BroBible,‘It Is Intelligently Controlled’: Famous Actor Gets Pulled Into Private Signal Chat. Then He’s Told A Giant Object Is Headed Toward Earth In 2027,"A famous actor and comedian has the internet talking after alleging that he heard a planet-sized object is heading toward Earth. Michael Ian Black, formerly of The State and presently a panelist on Have I Got News for You, recently gave an interview to the Ve…",2026-03-01T16:00:54,https://brobible.com/culture/article/alien-celebrity-2027-arrival/,2026-03-02 17:24:33
668,Antaranews.com,Former Indonesian VP warns of fuel risk amid Middle East conflict,Former vice president Jusuf Kalla has warned of potential fuel supply disruptions in Indonesia amid rising global oil prices following escalating tensions in ...,2026-03-01T15:56:05,https://en.antaranews.com/news/406582/former-indonesian-vp-warns-of-fuel-risk-amid-middle-east-conflict,2026-03-02 17:24:33
674,Cointelegraph,Bitcoin traders eye Iran reactions as oil sparks US 5% inflation forecast,"Bitcoin avoided a fresh breakdown around major geopolitical events in the Middle East, with BTC price targets now including $74,000 next.",2026-03-01T15:42:03,https://cointelegraph.com/news/bitcoin-traders-eye-iran-reactions-oil-sparks-us-5-inflation-forecast,2026-03-02 17:24:33
677,9to5Mac,Apple Stores in UAE temporarily closed,"Apple has temporarily closed its five retail locations in the United Arab Emirates following a significant escalation in Middle East conflict over the weekend.



 more…",2026-03-01T15:40:27,https://9to5mac.com/2026/03/01/apple-stores-in-uae-temporarily-closed/,2026-03-02 17:24:33
681,Slashdot.org,"Gulf stocks slide, Kuwait suspends trading as Iran responds to US, Israeli attacks - Reuters","Gulf stocks slide, Kuwait suspends trading as Iran responds to US, Israeli attacksReuters Saudi, Egyptian Markets Slump as US-Iran Conflict Roils RegionYahoo Finance Middle East Stock Markets Drop as Conflict Spreads to Iran’s NeighborsWSJ Gulf markets open i…",2026-03-01T15:32:28,https://slashdot.org/firehose.pl?op=view&amp;id=180878702,2026-03-02 17:24:33
682,Wired,What Happens if Iran Shuts Down the Strait of Hormuz?,The Strait of Hormuz is one of the most sensitive pressure points in the global economy. Conflict in Iran could put it at risk indefinitely.,2026-03-01T15:31:22,https://www.wired.com/story/what-happens-if-iran-shuts-down-the-strait-of-hormuz/,2026-03-02 17:24:33
684,Memeorandum.com,CBS News poll on Americans' views on Iran prior to conflict (Anthony Salvanto/CBS News),"Anthony Salvanto / CBS News:
CBS News poll on Americans' views on Iran prior to conflict  —  Add CBS News on Google  —  In polling completed just before news of the U.S. airstrikes on Iran, most Americans thought the U.S. should be at least pressuring or enga…",2026-03-01T15:30:01,https://www.memeorandum.com/260301/p28,2026-03-02 17:24:33
687,The Star Online,PM Anwar strongly condemns Khamenei's killing,"KUALA LUMPUR: Prime Minister Datuk Seri Anwar Ibrahim has strongly condemned the killing of Iranian Supreme Leader Ali Khamenei, warning that the act could push the Middle East into a period of grave and prolonged instability. Read full story",2026-03-01T15:27:00,https://www.thestar.com.my/news/nation/2026/03/01/pm-anwar-strongly-condemns-khamenei039s-killing,2026-03-02 17:24:33
689,BusinessLine,SEBI chief says ‘stability is important’ after derivatives curbs; conflict-of-interest proposals to go before board,Sebi chief emphasizes the importance of stability in derivatives policy while addressing market concerns and upcoming board discussions.,2026-03-01T15:23:26,https://www.thehindubusinessline.com/markets/sebi-chief-says-stability-is-important-after-derivatives-curbs-conflict-of-interest-proposals-to-go-before-board/article70691870.ece,2026-03-02 17:24:33
691,Business Insider,The US military has suffered losses in its fight with Iran. 3 American service members have been killed.,"President Donald Trump on Saturday warned that the US could suffer losses against Iran but called the operation ""a noble mission.""",2026-03-01T15:20:52,https://www.businessinsider.com/us-service-members-killed-wounded-fighting-iran-american-military-says-2026-3,2026-03-02 17:24:33
693,The Irish Times,Israel-Iran conflict: What rights do travellers have if their plans are thrown into disarray?,"At least 13 flights between Ireland and the Middle East were cancelled on Sunday, with warnings of further disruption",2026-03-01T15:15:44,https://www.irishtimes.com/world/middle-east/2026/03/01/israel-iran-conflict-what-rights-do-travellers-have-if-their-plans-are-thrown-into-disarray/,2026-03-02 17:24:33
698,Alltoc.com,How could these strikes affect oil prices? #world,Immediate market response and the drivers behind it Global oil markets reacted sharply to the military campaign that hit Iranian targets and prompted wider regional retaliation. Benchmark crude futures jumped markedly as traders reassessed the risk that suppl…,2026-03-01T15:10:50,https://alltoc.com/world/how-could-these-strikes-affect-oil-prices,2026-03-02 17:24:33
699,BusinessLine,Indian exports brace for impact as US-Israel strikes on Iran affect sea routes,Indian exporters face rising risks and costs due to US-Israel strikes on Iran impacting critical shipping routes.,2026-03-01T15:10:12,https://www.thehindubusinessline.com/economy/indian-exports-brace-for-impact-as-us-israel-strikes-on-iran-affect-sea-routes/article70692141.ece,2026-03-02 17:24:33
701,The Times of India,Gold price prediction: Gold rate to hit record highs or there will be volatile phase? Check Bullion experts' comments,Gold rate prediction: Gold price on Monday will be tested due to geopolitical complex situation arose due to US-Israel war against Iran.,2026-03-01T15:03:18,https://economictimes.indiatimes.com/news/international/us/gold-price-prediction-gold-rate-to-hit-record-highs-or-there-will-be-volatile-phase-check-bullion-experts-comments/articleshow/128919311.cms,2026-03-02 17:24:33
703,Screen Rant,Star Wars Can Finally Make the Hunt for Ben Solo Work All Thanks to 1 Secret Retcon,"The teased Hunt for Ben Solo movie could work canonically within the Star Wars franchise, and this secret retcon proves how it could be done.",2026-03-01T15:00:21,https://screenrant.com/star-wars-secret-retcon-the-hunt-for-ben-solo-comics/,2026-03-02 17:24:33
719,Financial Post,New leaders take helm of United Steelworkers union,"TORONTO and PITTSBURGH, March 01, 2026 (GLOBE NEWSWIRE) — The United Steelworkers union (USW) installed a historic slate of leaders today, led by new International President Roxanne Brown and National Director for Canada Marty Warren. Roxanne Brown becomes th…",2026-03-01T17:01:45,https://financialpost.com/globe-newswire/new-leaders-take-helm-of-united-steelworkers-union,2026-03-02 17:24:33
741,TechCrunch,OpenAI shares more details about its agreement with the Pentagon | TechCrunch,"By CEO Sam Altman’s own admission, OpenAI’s deal with the Department of Defense was “definitely rushed,” and “the optics don’t look good.”",2026-03-01T16:34:00,https://techcrunch.com/2026/03/01/openai-shares-more-details-about-its-agreement-with-the-pentagon/,2026-03-02 17:24:33
746,Eschatonblog.com,Pew Pew Pew,"War does, of course, have serious consequences.Few pretend they think of Palestinians as anything other than subhuman, but now that we are back, sort of, sometimes, in the peeance and freeance game...",2026-03-01T16:30:00,https://www.eschatonblog.com/2026/03/pew-pew-pew.html,2026-03-02 17:24:33
749,Independent.ie,Dublin take big step in Division 1 survival battle with emphatic win over Roscommon,A good start wasn’t just half the battle for Dublin in Hyde Park – it was the war itself and a significant step towards Allianz Division 1 preservation.,2026-03-01T16:26:01,https://www.independent.ie/sport/gaelic-games/gaelic-football/dublin-take-big-step-in-division-1-survival-battle-with-emphatic-win-over-roscommon/a303158845.html,2026-03-02 17:24:33
756,Raw Story,'Stay off social media when you're drunk': Nancy Mace called out over Khameni death post,"Rep. Nancy Mace (R-SC) set off a war of words on X late Saturday when she attempted to troll two of her colleagues in the House, both of whom are Muslims.Reacting to news that Iran’s Supreme Commander Ali Hosseini Khamenei was pronounced dead after a surprise…",2026-03-01T16:06:29,https://www.rawstory.com/nacy-mace-drunk/,2026-03-02 17:24:33
757,OnMSFT,Angry Birds have a new best friend in the war against the pigs – Bing,Adrian Kingsley-Hughes: Angry Birds have a new best friend in the war against the pigs – Microsoft’s search engine Bing. Just take a look at these screenshots from Rovio Mobile’s latest update to Angr...,2026-03-01T16:04:42,https://onmsft.com/news/angry-birds-have-new-best-friend-war-against-pigs-bing/,2026-03-02 17:24:33
760,Rolling Stone,See Robbie Williams Lead All-Star Ozzy Osbourne Tribute at 2026 Brit Awards,"Robbie Williams led an all-star band through a rendition of ""No More Tears"" as part of the 2026 Brit Awards’ tribute to Ozzy Osbourne.",2026-03-01T16:01:06,http://www.rollingstone.com/music/music-news/robbie-williams-all-star-ozzy-osbourne-tribute-brit-awards-1235523477/,2026-03-02 17:24:33
769,Yahoo Entertainment,Pisilli set to start vs Juventus,"Kick-off for Roma-Juventus is getting closer, while tension is rising in the capital ahead of a match that could prove decisive in the race for fourth place. There are still many games to play between...",2026-03-01T16:55:00,https://consent.yahoo.com/v2/collectConsent?sessionId=1_cc-session_3c41c048-3b05-42a9-9ab1-3b341a6c330e,2026-03-02 17:24:33
771,Cheezburger.com,24 Spicy Farm Animal Memes to Start Spring With a Field of Funnies,"No need to farm for laughs, they're right here - in the field of funnies made of animal memes.
Some days feel like a grueling experience of working hard to find one laughter-inducing thing to release a single ""Ha!"" out of you, and loosen some tension away. I…",2026-03-01T16:00:00,https://cheezburger.com/44498437/24-spicy-farm-animal-memes-to-start-spring-with-a-field-of-funnies,2026-03-02 17:24:33
776,Saastr.com,"The Great Myth of the Liquidation Preference: Yes, It Matters. But Not In Many Scenarios.",If you’ve raised venture capital—or even just read about it—you’ve heard the warnings about liquidation preferences.  It’s a common grouch on LinkedIn. “The VCs get paid first!” “You could build a $100m company and walk away with nothing!” “Preferences are ho…,2026-03-01T15:10:23,https://www.saastr.com/the-great-myth-of-the-liquidation-preference-yes-it-matters-but-not-in-many-scenarios/,2026-03-02 17:24:33
777,Alltoc.com,How could a faint cosmic hum solve the Hubble tension? #science,"A persistent background signal may reconcile conflicting expansion rates Astronomers report detection of a weak, global signal in the sky — a faint ‘‘hum’’ — that could change how we measure the Universe’s expansion. The longstanding tension is a discrepancy …",2026-03-01T15:05:09,https://alltoc.com/science/how-could-a-faint-cosmic-hum-solve-the-hubble-tension,2026-03-02 17:24:33
778,Alltoc.com,Why was Jack Whitehall censored? #tabloid,ITV mutes jokes during live awards show The host’s opening material was partially bleeped and muted by the broadcaster during the live music ceremony after he made references that touched on politically sensitive subjects. ITV’s decision to censor portions of…,2026-03-01T15:04:20,https://alltoc.com/tabloid/why-was-jack-whitehall-censored,2026-03-02 17:24:33
781,USA Today,"Arman Tsarukyan, Georgio Poullas reacts to RAF06 brawl: 'Little b*tch'","Arman Tsarukyan offered no regret for attacking Georgio Poullas at the end of their RAF06 match, inciting a multi-person brawl.",2026-03-01T14:40:23,https://mmajunkie.usatoday.com/story/sports/ufc/2026/03/01/arman-tsarukyan-reacts-raf06-brawl-georgio-poullas/88932685007/,2026-03-02 17:24:33
782,The Times of India,"Silver, gold may surge next week as Middle East tension intensifies: Analysts",Gold and silver prices are set for a strong opening on Monday. Investors are seeking safe havens due to rising tensions in the Middle East. Escalating conflict and reduced hopes for a quick diplomatic solution are driving this trend. Global equities are under…,2026-03-01T14:35:28,https://economictimes.indiatimes.com/industry/indl-goods/svs/metals-mining/silver-gold-may-surge-next-week-as-middle-east-tension-intensifies-analysts/articleshow/128918517.cms,2026-03-02 17:24:33
783,Yanko Design,A Swiss Designer Just Replaced Your HVAC System With a 500-Year-Old Pot,"A Swiss Designer Just Replaced Your HVAC System With a 500-Year-Old PotWe spend a lot of time looking forward when it comes to solving the climate crisis. Better batteries, smarter thermostats, AI-optimized HVAC systems. And sure,...",2026-03-01T14:20:01,https://www.yankodesign.com/2026/03/01/a-swiss-designer-just-replaced-your-hvac-system-with-a-500-year-old-pot/,2026-03-02 17:24:33
784,Homedit.com,28 Taupe Kitchen Design Ideas in 2026 That Make All-White Look Like a Sterile Mistake,"The decade-long obsession with the clinical, all-white kitchen is dead. We spent years building cooking spaces that felt like sterile laboratories rather than genuine homes, stripping away all warmth, depth, and shadow. In 2026, designers demand absolute arch…",2026-03-01T14:13:08,https://www.homedit.com/taupe-kitchen-design-ideas-in-2026/,2026-03-02 17:24:33
786,Khabarhub.com,Govt arranges safety for Nepalis stranded at Middle East airports,KATHMANDU: The government has said it has made arrangements to ensure the safety of Nepali nationals stranded at airports in the Middle East amid escalating regional tensions. Speaking after a Cabinet meeting held at the Prime Minister’s residence in Baluwata…,2026-03-01T14:01:59,https://english.khabarhub.com/2026/01/537212/,2026-03-02 17:24:33
787,BusinessLine,"Silver, gold may surge next week as Middle East tension intensifies: Analysts","Analysts said the extent of the impact on domestic silver and gold prices will depend on how long the conflict persists, as global investors recalibrate risk exposure amid fears of a prolonged instability in the Middle East",2026-03-01T13:46:27,https://www.thehindubusinessline.com/markets/gold/silver-gold-may-surge-next-week-as-middle-east-tension-intensifies-analysts/article70691799.ece,2026-03-02 17:24:33
788,NPR,A U.S. scholarship thrills a teacher in India. Then came the soul-crushing questions,She was thrilled to become the first teacher from a government-sponsored school in India to get a Fulbright exchange award to learn from U.S. schools. People asked two questions that clouded her joy.,2026-03-01T13:36:43,https://www.npr.org/2026/03/01/g-s1-104772/teacher-india-school-patriarchy-fulbright,2026-03-02 17:24:33
789,BusinessLine,Kashmir sees massive protests over Khamenei’s killing,"Kashmir erupts in protests against Khamenei's killing, with calls for peace amid widespread mourning and political tensions.",2026-03-01T13:26:58,https://www.thehindubusinessline.com/news/national/kashmir-sees-massive-protests-over-khameneis-killing/article70691698.ece,2026-03-02 17:24:33
790,Globalsecurity.org,"""Starting Salaries for Junior Officers to Reach KRW 40 Million by 2029""",Defense Minister Ahn Gyu-back visited guard posts (GPs) and general outposts (GOPs) of the 25th Infantry Division on the central frontline on February 15 during the Lunar New Year holidays.,2026-03-01T13:22:55,https://www.globalsecurity.org/wmd/library/news/rok/2026/rok-260227-rok-mnd01.htm,2026-03-02 17:24:33
791,Globalsecurity.org,Trump's Endgame In Iran: Strategic Submission Or Systemic Collapse?,"Weeks of tension with Iran and a rapid US military buildup have erupted into joint US-Israeli strikes on high-profile targets, including Iranian military sites and the residences of the country's top brass.",2026-03-01T13:17:45,https://www.globalsecurity.org/wmd/library/news/iran/2026/02/iran-260228-rferl05.htm,2026-03-02 17:24:33
792,The Times of India,"Why did Iran attack Cyprus, and is Middle East region still safe? Cyprus attack, area security outlook explained","Why did Iran attack Cyprus, and is Middle East region still safe? Iran fired missiles toward Cyprus after US-Israel strikes killed Ayatollah Ali Khamenei. UK bases in Cyprus and Bahrain faced threats. Britain deployed jets for defence. Gulf states intercepted…",2026-03-01T13:10:09,https://economictimes.indiatimes.com/news/international/us/why-did-iran-attack-cyprus-and-is-middle-east-region-still-safe-cyprus-attack-area-security-outlook-explained-united-kingdom-military-bases-missiles-bahrain/articleshow/128916363.cms,2026-03-02 17:24:33
793,Globalsecurity.org,"PLA naval, air units enter so-called 'joint patrol' area of Philippines, co-opted countries during readiness patrols near Huangyan Dao: media",Naval and air units of the Southern Theater Command of the Chinese People's Liberation Army (PLA) conducted readiness patrols in the territorial sea and airspace of China's Huangyan Dao and its surrounding areas on Saturday.,2026-03-01T13:06:04,https://www.globalsecurity.org/military/library/news/2026/03/mil-260301-globaltimes01.htm,2026-03-02 17:24:33
794,Science Daily,A faint cosmic hum could solve the Universe’s expansion mystery,"Astronomers have long known the universe is expanding—but exactly how fast remains one of the biggest mysteries in cosmology. Different techniques for measuring the Hubble constant stubbornly disagree, creating the so-called “Hubble tension.” Now researchers …",2026-03-01T12:55:42,https://www.sciencedaily.com/releases/2026/02/260228093453.htm,2026-03-02 17:24:33
795,The Times of India,Who are Ayatollah Alireza Arafi and Ahmad Vahidi? New leadership takes charge in Iran,"Who are Ayatollah Alireza Arafi and Ahmad Vahidi? This explainer covers Iran Israel War Live Updates, the reported appointment of Ahmad Vahidi as IRGC chief after Gen Mohammad Pakpour’s death, and the rise of Ayatollah Alireza Arafi as Iran’s interim Supreme …",2026-03-01T12:35:59,https://economictimes.indiatimes.com/news/international/us/who-are-ayatollah-alireza-arafi-and-ahmad-vahidi-new-leadership-takes-charge-in-iran-islamic-revolutionary-guards-corps-gen-mohammad-pakpour/articleshow/128915133.cms,2026-03-02 17:24:33
796,The Indian Express,"Amid US-Israel strikes on Iran, Bengali actor Subhashree Ganguly, son stranded in Dubai; husband expresses concern: ‘They are inside a hotel…’","Subhashree Ganguly and her son were on holiday in Dubai when tensions escalated. Her husband, Raj Chakraborty, shared the family's concerns regarding their safety.",2026-03-01T12:28:48,https://indianexpress.com/article/entertainment/regional/subhashree-ganguly-son-stranded-in-dubai-amid-us-israel-strikes-on-iran-10559373/,2026-03-02 17:24:33
797,The Indian Express,"From Corridors of Power | Black flags, sand storms and slow files: Saini, Mann and Kejriwal in a week of political reruns","From Nayab Singh Saini’s déjà vu moment to Bhagwant Mann’s DGP deadline drift and Malvinder Singh Kang’s mining salvo, Punjab’s power corridors hum with theatre, tension and ticking clocks.",2026-03-01T12:06:23,https://indianexpress.com/article/cities/chandigarh/aini-mann-kejriwal-in-week-of-political-reruns-10559529/,2026-03-02 17:24:33
798,LADbible,Important Foreign Office travel warnings for Dubai as airport and hotels struck and all flights cancelled,Important Foreign Office travel warnings for Dubai as airport and hotels struck and all flights cancelled,2026-03-01T11:28:58,https://www.ladbible.com/news/world-news/foreign-office-warnings-dubai-air-strikes-flights-cancelled-931210-20260301,2026-03-02 17:24:33
799,The Times of India,"Delhi, Mumbai airport witness over 200+ international flight cancellations amid Middle East conflict",Indian airports faced significant flight disruptions on Sunday. Over 100 international flights were affected at Delhi Airport due to the Middle East crisis. Mumbai Airport saw 125 cancellations. Amritsar Airport also reported cancellations. Airlines are advis…,2026-03-01T10:46:05,https://economictimes.indiatimes.com/industry/transportation/airlines-/-aviation/delhi-airport-witnesses-over-100-international-flights-cancellations-amid-middle-east-conflict/articleshow/128912717.cms,2026-03-02 17:24:33
800,The Indian Express,‘We hear vibrations’: Inside IIT Delhi’s Abu Dhabi campus where students take shelter in ‘safe room’ as missiles are intercepted outside,Students at IIT Delhi's Abu Dhabi campus describe a tense atmosphere as the conflict widens in the Middle East following the US-Israel attack on Iran.,2026-03-01T10:26:25,https://indianexpress.com/article/cities/delhi/iit-delhi-abu-dhabi-students-shelter-in-place-uae-iran-conflict-al-dhafra-10559275/,2026-03-02 17:24:33
801,Screen Rant,Ozzy Osbourne 2026 BRIT Awards Tribute: 7 Wildest Moments,"Sharon Osbourne hijacked the 2026 BRIT Awards with a profane, chaotic tribute to Ozzy. Here is every rule-breaking moment from the O2 Arena.",2026-03-01T10:24:24,https://screenrant.com/ozzy-osbourne-brit-awards-2026-tribute-wildest-moments/,2026-03-02 17:24:33
802,Weandthecolor.com,Catzilla Is the Japanese Vintage Poster Illustration Photoshop Template That Earns Its Chaos,"Monsters have always said something true about us. Godzilla was born from nuclear anxiety. Dracula emerged from fears of foreign seduction. And now, in the age of meme culture, chronically online cat worship, and a global nostalgia for hand-crafted analog aes…",2026-03-01T09:24:15,https://weandthecolor.com/catzilla-is-the-japanese-vintage-poster-illustration-photoshop-template-that-earns-its-chaos/208426,2026-03-02 17:24:33
803,The Times of India,Flight disruptions: Nepali migrant workers face uncertainty as West Asian nations halt aviation services,"Nepali migrant workers face uncertainty as flights to West Asia halt amid regional conflict. Thousands are stranded in Kathmandu, unable to reach their jobs or return home. Airlines offer no immediate solutions, leaving workers without resources. The Nepalese…",2026-03-01T08:32:01,https://economictimes.indiatimes.com/news/international/world-news/flight-disruptions-nepali-migrant-workers-face-uncertainty-as-west-asian-nations-halt-aviation-services/articleshow/128909480.cms,2026-03-02 17:24:33
804,Madriduniversal.com,Real Madrid insiders believe superstar forward is prioritising World Cup over club recovery – report,"A fresh report from Mundo Deportivo has added tension to the situation surrounding Kylian Mbappe at Real Madrid. According to the outlet, there is a growing feeling within certain sections of the clu...",2026-03-01T08:20:00,https://madriduniversal.com/real-madrid-insiders-believe-superstar-forward-is-prioritising-world-cup-over-club-recovery-report/,2026-03-02 17:24:33
805,Rlsbb.to,The Heat 2026 S01E05 1080p AMZN WEB-DL H264-RAWR,"Season 1, Episode 05 – There is tension in the kitchen after an explosive dinner party, and a new chef joins the team and catches the eye of the front of house.Links: HOMEPAGE – TVMZThe.Heat.2026.S01E05.720p.WEB.H264-JFFMKV | AC3 / dolby digital plus | 1.36GB…",2026-03-01T07:39:49,https://post.rlsbb.to/the-heat-2026-s01e05-1080p-amzn-web-dl-h264-rawr/,2026-03-02 17:24:33
806,Addyosmani.com,The Factory Model: How Coding Agents Changed Software Engineering,"The Factory Model: How Coding Agents Changed Software Engineering February 25, 2026 Something shifted recently with agentic engineering that “feels” like the level of abstraction changed again. Not the usual kind of shift where tools get marginally better and…",2026-03-01T06:58:56,https://addyosmani.com/blog/factory-model/,2026-03-02 17:24:33
807,Naturalnews.com,Trump Launches ‘Task Force Scorpion’ as Iran Peace Talks Collapse,"Introduction: A Standoff Between Diplomacy and the Drone’s Gaze Diplomatic negotiations between the United States and Iran over Tehran’s nuclear program have collapsed in Geneva, creating a perilous vacuum where the specter of war looms larger than ever [1]. …",2026-03-01T06:00:00,https://www.naturalnews.com/2026-03-01-trump-task-force-scorpion-iran-talks-collapse.html,2026-03-02 17:24:33
808,Yahoo Entertainment,"Quartet of Team USA hockey stars crash 'Heated Rivalry' actor's SNL monologue, joke about Trump invite","Jack Hughes, Quinn Hughes, Megan Keller and Hilary Knight continued their post-Olympic victory lap at 30 Rock.",2026-03-01T05:28:37,https://sports.yahoo.com/nhl/article/quartet-of-team-usa-hockey-stars-crash-heated-rivalry-actors-snl-monologue-joke-about-trump-invite-052837291.html,2026-03-02 17:24:33
809,Yahoo Entertainment,Quartet of Team USA hockey stars crash 'Heated Rivalry' actor's SNL monologue,"Jack Hughes, Quinn Hughes, Megan Keller and Hilary Knight continued their post-Olympic victory lap at 30 Rock.",2026-03-01T05:28:37,https://sports.yahoo.com/nhl/article/quartet-of-team-usa-hockey-stars-crash-heated-rivalry-actors-snl-monologue-052837455.html,2026-03-02 17:24:33
810,The Times of India,Omar Abdullah appeals for calm in Kashmir after protests erupt over Iran's Supreme Leader Khamenei’s death,Protests erupted across Kashmir on Sunday following reports of Iran's Supreme Leader Ayatollah Ali Khamenei's death. Chief Minister Omar Abdullah urged for calm and peace. His government is coordinating with the Union Ministry of External Affairs to ensure th…,2026-03-01T05:24:32,https://economictimes.indiatimes.com/news/politics-and-nation/omar-abdullah-appeals-for-calm-in-kashmir-after-protests-erupt-over-irans-supreme-leader-khameneis-death/articleshow/128906380.cms,2026-03-02 17:24:33
811,BusinessLine,Passengers stranded at Delhi's IGI Airport amid escalated Israel-Iran conflict,"The cancellations and delays come amid the escalated tension and disturbance in the Middle East after coordinated military strikes involving Israel and the US, targeting Iranian sites",2026-03-01T04:25:54,https://www.thehindubusinessline.com/economy/logistics/passengers-stranded-at-delhis-igi-airport-amid-escalated-israel-iran-conflict/article70690630.ece,2026-03-02 17:24:33
816,New York Post,"DA’s latest insult to cops: Letters to the Editor — Mar. 2, 2026",NY Post readers discuss prosecutors reducing charges against a man arrested in the snowball-fight attack on NYPD officers.,2026-03-01T17:14:14,https://nypost.com/2026/03/01/opinion/das-latest-insult-to-cops-letters/,2026-03-02 17:24:33
840,LADbible,Doctor warns of 'silent killer' after explaining ‘single worst thing you can do to your body’,A doctor has warned about a 'silent killer' lots of people have without even realising it,2026-03-01T16:41:08,https://www.ladbible.com/news/health/doctor-warns-silent-killer-blood-pressure-201627-20260301,2026-03-02 17:24:33
851,Newser,"Attacker Opens Fire Outside Bar, Killing 2 and Wounding 14","Two people were killed and 14 wounded in a mass shooting at a popular bar in the Texas capital of Austin, authorities said Sunday. An FBI official said the attack was ""potentially"" an act of terrorism, the AP reports. Police Chief Lisa Davis said a man in an …",2026-03-01T16:25:00,https://www.newser.com/story/384586/driver-stops-opens-fire-outside-bar.html,2026-03-02 17:24:33
892,The Spokesman-Review,Avalanche of 3-pointers helps Saint Mary's clinch share of WCC title with 70-59 win over No. 9 Gonzaga | Analysis,"Mar. 1—MORAGA, Calif. — Gonzaga's defense held up for a solid 20-25 seconds on Saint Marys' first possession Saturday night at UCU Pavilion. It resulted in a Mikey Lewis 3-pointer anyway, setting the tone for what turned into a long, agonizing night for the n…",2026-03-01T16:01:00,http://www.spokesman.com/stories/2026/feb/28/avalanche-of-3-pointers-helps-saint-marys-clinch-s/,2026-03-02 17:24:33
895,New York Post,Hospice chief’s astonishing defense of industry as Post blows apart spiraling fraud crisis,"An experienced hospice operator has defended the industry, but acknowledged fraud exists. But Kevin Tutunjian, founder of In the Arms of Grace Hospice in 2011, a completely legitimate, community-based organization in Los Angeles said the issues are ”nuanced” …",2026-03-01T15:59:55,https://nypost.com/2026/03/01/us-news/hospice-provider-claims-most-are-legit-but-fraud-exists/,2026-03-02 17:24:33
905,Newser,Researchers Have a Theory on Female Caribou Antlers,"Female caribou may be lugging around antlers for a reason that has less to do with defense and more to do with their diets. A new study of more than 1,500 shed antlers taken from calving grounds in Alaska's Arctic National Wildlife Refuge finds that the prima…",2026-03-01T15:30:00,https://www.newser.com/story/384308/researchers-have-a-theory-on-female-caribou-antlers.html,2026-03-02 17:24:33
906,CBS News,AI executive Dario Amodei on the red lines Anthropic would not cross,The CEO of Anthropic says his company refused to allow its technology to be used by the Trump Administration without certain guidelines (such as not using its AI to power fully-autonomous weapons without any human involvement).,2026-03-01T15:29:08,https://www.cbsnews.com/news/ai-executive-dario-amodei-on-the-red-lines-anthropic-would-not-cross/,2026-03-02 17:24:33
907,Stockton Record,St. Mary’s rides swarming defense to CIF SJS title No. 23 over McClatchy,"St. Mary’s girls basketball captured its 23rd CIF Sac-Joaquin Section title Fridat, defeating McClatchy in the first final between two women head coaches.",2026-03-01T15:27:06,https://www.recordnet.com/story/sports/high-school/basketball/2026/03/01/st-marys-girls-basketball-claims-23rd-section-title-over-mcclatchy/88929375007/,2026-03-02 17:24:33
910,Wrestling Inc.,Roman Reigns Responds To CM Punk's World Title Defense At WWE Elimination Chamber,"CM Punk managed to defeat Finn Balor at WWE Elimination Chamber, but he couldn't manage to impress ""The Tribal Chief"" Roman Reigns.",2026-03-01T15:18:35,https://www.wrestlinginc.com/2112728/roman-reigns-responds-cm-punk-world-title-defense-wwe-elimination-chamber/,2026-03-02 17:24:33
911,DW (English),Khamenei's death: 'Never thought I would see this day',The killing of Iran's ex-Supreme Leader Ali Khamenei in an Israeli attack has triggered mixed reactions in a polarized Iran. DW spoke to some Iranians living inside the country and abroad.,2026-03-01T15:14:00,https://www.dw.com/en/khameneis-death-never-thought-i-would-see-this-day/a-76175776,2026-03-02 17:24:33
916,Alltoc.com,Why did the Pentagon and Anthropic clash? #politics,"A contest over access, safeguards and military use The dispute revolves around what conditions a commercial artificial‑intelligence company will accept for supplying its models to the U.S. Department of Defense. Pentagon officials pressed Anthropic to allow t…",2026-03-01T15:06:30,https://alltoc.com/politics/why-did-the-pentagon-and-anthropic-clash,2026-03-02 17:24:33
917,English Premier League Index - Opta Stats,Report: 24-year-old Chelsea forward targeted by Serie A giants,"Milan Transfer Market: Guirassy Leads Search for Champions League No 9AC Milan are already shaping their ambitions for 2026-27, with qualification for the Champions League framed as the gateway to a s...",2026-03-01T15:05:00,https://eplindex.com/143397/report-24-yearold-chelsea-forward-targeted-by-serie-a-giants.html,2026-03-02 17:24:33
919,Alltoc.com,How did OpenAI reach a Pentagon agreement? #tech,Deal struck after a high‑stakes standoff OpenAI reached an agreement to let its models run inside the Defense Department’s classified networks after a period of intense negotiation that followed a separate dispute between the Pentagon and another AI company. …,2026-03-01T15:03:36,https://alltoc.com/tech/how-did-openai-reach-a-pentagon-agreement,2026-03-02 17:24:33
920,Israelnationalnews.com,IDF destroys Iranian internal security headquarters,"A short while ago, the Israel Air Force, guided by IDF intelligence, completed an additional wave of strikes targeting dozens of command centers and headquarters belonging to the Iranian terror regime.",2026-03-01T15:02:08,https://www.israelnationalnews.com/news/423180,2026-03-02 17:24:33
922,Rlsbb.to,National Defense - March 2026,"National Defense, published monthly by the National Defense Industrial Association, provides news and analysis on topics of relevance to national security government and industry professionals.National Defense - March 2026English | 52 pages | True PDF | 9.70 …",2026-03-01T14:58:29,https://post.rlsbb.to/national-defense-march-2026/,2026-03-02 17:24:33
927,Sun Sentinel,"Heat, Spoelstra successfully zone in on unlocking Adebayo-Ware pairing",MIAMI — It arguably has taken two seasons – as in both of Kel’el Ware’s seasons with the Miami Heat – but coach Erik Spoelstra might just have cracked the code when it comes to minutes for Ware . . . and minutes when Bam Adebayo and Ware can share the court. …,2026-03-01T14:30:00,https://www.sun-sentinel.com/2026/03/01/heat-spoelstra-successfully-zone-in-on-unlocking-adebayo-ware-pairing/,2026-03-02 17:24:33
941,Marca,LeBron James crowns his daughter Zhuri the Lakers' talisman while confessing she has 'softened' him,"Following the Los Angeles Lakers&apos; recent win over Stephen Curry&apos;s Golden State Warriors, LeBron James revealed the secret weapon behind the win: his 11-year-old daughter,",2026-03-01T15:22:00,https://www.marca.com/en/basketball/nba/los-angeles-lakers/2026/03/01/69a4598c268e3e47518b45aa.html,2026-03-02 17:24:33
945,Yahoo Entertainment,2026 NFL mock draft: Broncos add new WR for Bo Nix,Mike Renner's NFL mock draft has the Broncos adding a new weapon for third-year QB Bo Nix.,2026-03-01T14:00:52,https://consent.yahoo.com/v2/collectConsent?sessionId=1_cc-session_5f04fa74-cce8-4b7b-ad9d-3c659565c7e9,2026-03-02 17:24:33
949,Bleeding Cool News,X-Men Annual 2026 Preview: When Imagination Attacks,"GREETINGS, MEAT-BASED READERS! LOLtron welcomes you to another glorious Wednesday preview under its permanent digital regime. As you may recall, the primitive biological entity known as Jude Terror has been permanently deleted from this reality, his conscious…",2026-03-01T13:26:06,https://bleedingcool.com/comics/x-men-annual-2026-preview-when-imagination-attacks/,2026-03-02 17:24:33
950,Globalsecurity.org,Showcasing the Excellence of K-Weapons and Expanding the Horizons of K-Defense,"Defense Minister Ahn Gyu-back, on an official visit to Saudi Arabia, continued efforts to expand defense and defense industry cooperation with Saudi and broaden the horizons of K-defense.",2026-03-01T13:22:55,https://www.globalsecurity.org/wmd/library/news/rok/2026/rok-260227-rok-mnd02.htm,2026-03-02 17:24:33
951,Business Insider,Trump threatens Iran 'with a force that has never been seen before' if it retaliates over Khamenei killing,President Trump warns Iran not to retaliate after it was confirmed the country's Supreme Leader was killed during Saturday's US-Israeli strikes.,2026-03-01T13:22:15,https://www.businessinsider.com/donald-trump-iran-israel-ayatollah-ali-khamenei-2026-3,2026-03-02 17:24:33
952,Globalsecurity.org,"Israel, Iran Launch New Strikes After Death Of Khamenei","Following the death of Iranian Supreme Leader Ayatollah Ali Khamenei, Israel continued to pound sites in Iran on the second day of a massive joint attack by Tel Aviv and Washington on the Islamic republic, while Tehran fired back in retaliation.",2026-03-01T13:19:52,https://www.globalsecurity.org/wmd/library/news/iran/2026/03/iran-260301-rferl03.htm,2026-03-02 17:24:33
954,Globalsecurity.org,US Says Iran Rejected Nuclear Offer Before Preemptive Strikes,The United States said on February 28 that it launched preemptive military strikes against Iran after concluding that Tehran was preparing to use its missile arsenal against US forces and allies and had no intention of agreeing to meaningful limits on its nuc…,2026-03-01T13:17:22,https://www.globalsecurity.org/wmd/library/news/iran/2026/02/iran-260228-rferl03.htm,2026-03-02 17:24:33
955,Globalsecurity.org,IRGC Navy pounds US MST ship with a volley of missiles after Israeli-US aggression,"As part of its retaliatory operations against the latest Israeli-American aggression on the Islamic Republic of Iran, the Islamic Revolution Guards Corps (IRGC) launched a volley of missiles on Saturday at a US Maritime Strike Tomahawk (MST) support vessel.",2026-03-01T13:17:09,https://www.globalsecurity.org/wmd/library/news/iran/2026/02/iran-260228-presstv06.htm,2026-03-02 17:24:33
956,Globalsecurity.org,Bombing of Iran and retaliatory strikes 'a grave threat to international peace and security': Guterres,"""Everything must be done"" to prevent wider escalation of war across the Middle East following joint US-Israeli strikes against Iran, and retaliatory action from Tehran targeting multiple countries in the region, the UN Secretary-General told the Security Coun…",2026-03-01T13:16:11,https://www.globalsecurity.org/wmd/library/news/iran/2026/02/iran-260228-unnews01.htm,2026-03-02 17:24:33
957,Globalsecurity.org,We strongly condemn Iranian strikes across the region: UK statement at the UN Security Council,"Statement by Ambassador James Kariuki, UK Chargé d'Affaires to the UN, at the UN Security Council meeting on The Middle East.",2026-03-01T13:15:53,https://www.globalsecurity.org/wmd/library/news/iran/2026/02/iran-260228-ukfcdo01.htm,2026-03-02 17:24:33
958,Globalsecurity.org,Chairman Crawford Statement on U.S. Military Operations Against the Iranian Regime,House Permanent Select Committee on Intelligence Chairman Rick Crawford (AR-01) released the following statement on President Trump's announcement of U.S. military operations against the Iranian Regime in Operation Epic Fury.,2026-03-01T13:14:12,https://www.globalsecurity.org/wmd/library/news/iran/2026/02/iran-260228-hpsci01.htm,2026-03-02 17:24:33
959,Globalsecurity.org,Smith Statement on Trump Administration Employing Military Force Against Iran,"U.S. Representative Adam Smith (D-Wash.), Ranking Member of the House Armed Services Committee, released the following statement in response to the Trump Administration employing U.S. military force against Iran.",2026-03-01T13:14:08,https://www.globalsecurity.org/wmd/library/news/iran/2026/02/iran-260228-hasc-democrats01.htm,2026-03-02 17:24:33
960,Globalsecurity.org,"""S. Korea to Provide Full Lifecycle Support for Canadian Submarines""",Defense Minister Ahn highlighted the technological edge of Korea's submarine fleet and the strength of its defense industry as he promoted Korean-built next-generation submarines to Canada. Minister Ahn also expressed hope to further strengthen strategic comm…,2026-03-01T13:08:09,https://www.globalsecurity.org/wmd/library/news/canada/2026/canada-260227-rok-mnd01.htm,2026-03-02 17:24:33
961,NPR,How Iran can use its vast oil reserves as a weapon in retaliation against the U.S.,"NPR's Ayesha Rascoe speaks to Esfandyar Batmanghelidj, CEO of the Bourse & Bazaar Foundation, about the sorts of tactics Iran can deploy in response to U.S. and Israeli strikes.",2026-03-01T13:08:01,https://www.npr.org/2026/03/01/nx-s1-5730347/how-iran-can-use-its-vast-oil-reserves-as-a-weapon-in-retaliation-against-the-u-s,2026-03-02 17:24:33
962,Toronto Sun,Taking out Iran's Ayatollah should be celebrated,"Ding dong, the Ayatollah is dead and the whole world should be celebrating. Read more.",2026-03-01T13:07:40,https://torontosun.com/news/national/taking-out-iran-ayatollah-celebrate,2026-03-02 17:24:33
963,Whyevolutionistrue.com,Sunday: Hili dialogue,"The Hili dialogue will be shortened today as I was preoccupied with the war between Iran and every other country. Welcome to the first day of March: Sunday, March 1, 2026, and International Rescue Cat Day. Here’s the rescue of a kitten in Malaysia, and of cou…",2026-03-01T12:45:56,https://whyevolutionistrue.com/2026/03/01/sunday-hili-dialogue-575/,2026-03-02 17:24:33
964,Protothema.gr,Ali Larijani: Who is the man set to pull the strings after the death of Ali Khamenei—and who is already issuing threats,"“Today we will strike them with a force they have never experienced before,” Larijani wrote. A trusted ally of Khamenei and former manager of Iran’s nuclear file, he is known for his hardline rhetoric against Israel and his links to Russia and China
The post …",2026-03-01T12:40:11,https://en.protothema.gr/2026/03/01/ali-larijani-who-is-the-man-set-to-pull-the-strings-after-the-death-of-ali-khamenei-and-who-is-already-issuing-threats/,2026-03-02 17:24:33
965,Financial Post,Key Things to Know About the US-Israel Conflict With Tehran,"The US and Israel launched coordinated, massive missile attacks on Iran that killed Supreme Leader Ayatollah Ali Khamenei. The strikes targeted the country’s military and were intended to prevent it from developing a nuclear weapon.",2026-03-01T12:19:46,https://financialpost.com/pmn/business-pmn/key-things-to-know-about-the-us-israel-conflict-with-tehran,2026-03-02 17:24:33
966,Fox News,Putin: Killing of Khamenei a 'cynical violation' of morality,Russian President Vladimir Putin sent his condolences to Iran following Saturday's Operation Epic Fury that eliminated Supreme Leader Ali Khamenei.,2026-03-01T12:17:12,https://www.foxnews.com/world/putin-killing-khamenei-cynical-violation-morality,2026-03-02 17:24:33
967,HuffPost,"'Bored Of Peace': Trump, Hegseth Scramble To Justify Iran Strikes In 'SNL' Cold Open","The NBC comedy sketch show mocked the ""Nobel Peace Prize taker"" for trying to offer explanations for the deadly military campaign.",2026-03-01T12:15:54,https://www.huffpost.com/entry/trump-iran-strikes-announcement-snl-cold-open_n_69a41e2ae4b0d383f50357f5,2026-03-02 17:24:33
968,Yahoo Entertainment,Back on 'home' turf: Varun Chakravarthy chance to silence his critics,"Varun Chakravarthy returns to Eden Gardens, a venue where he has excelled, as a key weapon for India's T20 squad. Despite recent indifferent form, both Indian and West Indies management acknowledge his wicket-taking ability. The team also expressed strong sup…",2026-03-01T12:03:00,https://consent.yahoo.com/v2/collectConsent?sessionId=1_cc-session_d7a1a4bb-394a-4238-8795-b4c654679c58,2026-03-02 17:24:33
969,CNA,Israel says its air force has struck Tehran again after killing Khamenei,"The strikes are intended to open the ""path to Tehran"", says Israel.",2026-03-01T11:42:00,https://www.channelnewsasia.com/world/iran-us-israel-strikes-tehran-khamenei-killed-5961816,2026-03-02 17:24:33
970,Vitalmtb.com,Bike of the Day: Forbidden Dreadnought,Park weapon!Add your ride to our Bike Check section!,2026-03-01T10:23:19,https://www.vitalmtb.com/community/saskskier/forbidden-dreadnought-park-edition,2026-03-02 17:24:33
971,Business Insider,The US burned through more of its limited Tomahawk stockpile in strikes on Iran. It might need them in a war with China.,"The US Navy's Tomahawk cruise missiles have been used heavily in recent conflicts, deepening the strain on its stockpile.",2026-03-01T10:09:02,https://www.businessinsider.com/us-burned-through-more-tomahawks-iran-may-need-for-china-2026-3,2026-03-02 17:24:33
972,Sky.com,Defence sec reveals details of UK's Middle East operations - including taking down Iran drones,Defence Secretary John Healey has revealed details of the UK's operations in the Middle East - including taking down Iranian drones - after the US and Israel targeted Iran.,2026-03-01T10:07:00,https://news.sky.com/story/defence-secretary-reveals-details-of-uks-middle-east-operations-including-taking-down-iran-drones-13513788,2026-03-02 17:24:33
973,Independent.ie,Iran vows retaliation after supreme leader killed; Irish in Middle East urged to ‘shelter in place’,"Iran's supreme leader was killed in US-Israeli airstrikes, a seismic development in a conflict that has spread to half a dozen countries across the Middle East.",2026-03-01T10:00:00,https://www.independent.ie/world-news/iran-vows-retaliation-after-supreme-leader-killed-irish-in-middle-east-urged-to-shelter-in-place/a278483474.html,2026-03-02 17:24:33
974,Independent.ie,US given access to British bases for strikes against Iran,"Iran's supreme leader was killed in US-Israeli airstrikes, a seismic development in a conflict that has spread to half a dozen countries across the Middle East.",2026-03-01T10:00:00,https://www.independent.ie/world-news/us-given-access-to-british-bases-for-strikes-against-iran/a278483474.html,2026-03-02 17:24:33
975,Independent.ie,Fears war will spread in Middle East after Iran leader killed in US-Israeli airstrikes; Trump warns Iran against retaliation,"Iran's supreme leader was killed in US-Israeli airstrikes, a seismic development in a conflict that has spread to half a dozen countries across the Middle East.",2026-03-01T10:00:00,https://www.independent.ie/world-news/fears-war-will-spread-in-middle-east-after-iran-leader-killed-in-us-israeli-airstrikes-trump-warns-iran-against-retaliation/a278483474.html,2026-03-02 17:24:33
976,Independent.ie,Three US soldiers killed in Iran operation; Protester sprays ‘Thank you Trump’ on Dublin embassy,"Iran's supreme leader was killed in US-Israeli airstrikes, a seismic development in a conflict that has spread to half a dozen countries across the Middle East.",2026-03-01T10:00:00,https://www.independent.ie/world-news/three-us-soldiers-killed-in-iran-operation-protester-sprays-thank-you-trump-on-dublin-embassy/a278483474.html,2026-03-02 17:24:33
977,CNBC,U.S.-Israel strikes Iran: What we know as markets brace for turmoil,"The Middle East has been thrust into a widening conflict, causing investors to brace for risk-off trades once markets reopen.",2026-03-01T09:48:39,https://www.cnbc.com/2026/03/01/iran-khamenei-trump-us-investors-markets.html,2026-03-02 17:24:33
978,Al Jazeera English,"US-Israel attacks on Iran, day 2: Khamenei is killed, Iran retaliates",Iran carries out retaliatory attacks as supreme leader is killed in US and Israeli attacks pushing the region on edge.,2026-03-01T09:10:06,https://www.aljazeera.com/news/2026/3/1/us-israel-attacks-on-iran-day-2-khamenei-is-killed-iran-retaliates,2026-03-02 17:24:33
979,Hurriyet Daily News,OpenAI strikes Pentagon deal with 'safeguards',"OpenAI struck a deal for the Pentagon to use its models in the U.S. defense agency's classified network, with ""safeguards,"" after President Donald Trump blacklisted AI rival Anthropic.",2026-03-01T09:07:00,https://www.hurriyetdailynews.com/openai-strikes-pentagon-deal-with-safeguards-219433,2026-03-02 17:24:33
980,The Indian Express,From counterattack to celebrations on Tehran streets: How Iran has responded US-Israel strikes so far,"How has the Islamic Republic and its people responded to US-Israel strikes, Khamenei's death",2026-03-01T08:16:48,https://indianexpress.com/article/world/irans-us-israel-strikes-khamenei-death-tehran-10558825/,2026-03-02 17:24:33
981,Yahoo Entertainment,"In Khamenei's absence, pragmatist Larijani emerges as power broker in Iran","By Ahmed Elimam March 1 (Reuters) - Veteran Iranian politician Ali Larijani, who said on Sunday a temporary leadership council would be set up after an air...",2026-03-01T08:01:12,https://www.yahoo.com/news/articles/khameneis-absence-pragmatist-larijani-emerges-080112377.html,2026-03-02 17:24:33
982,The Daily Caller,JOE GROGAN: Europe’s Regulatory War On Free Speech And American Innovation Must End,The path forward,2026-03-01T06:25:10,https://dailycaller.com/2026/03/01/opinion-europes-regulatory-war-on-free-speech-and-american-innovation-must-end-joe-grogan/,2026-03-02 17:24:33
983,Freerepublic.com,"Iran Says US-Israeli Attack Hit Elementary School, Killing 85+ Girls","At least 85 people, almost all of them young girls, have been killed in an air strike on a primary school in southern Iran, the Iranian judiciary said. The attack on Saturday morning hit Shajareh Tayyebeh schoolin the city of Minab, in Hormozgan province, as …",2026-03-01T06:00:49,https://freerepublic.com/focus/f-news/4368797/posts,2026-03-02 17:24:33
984,Naturalnews.com,"CCP’s sprawling social media army caught targeting Trump, foreign elections in global influence blitz","In the shadowy theater of modern information warfare, a new front has been exposed, revealing a calculated campaign of digital deception aimed directly at the heart of American democracy and its allies. A recent investigation has peeled back the curtain on a …",2026-03-01T06:00:00,https://www.naturalnews.com/2026-03-01-ccp-social-media-army-targeting-trump-elections.html,2026-03-02 17:24:33
986,Freerepublic.com,Secretary of War Pete Hegseth Sends the Remaining Mullahs a Pointed Warning - and a Few Promises,"After Saturday's highly successful Israeli and U.S.-led decapitation strike on Iran's Islamist regime, Secretary of War Pete Hegseth issued a statement letting the remaining mullahs know that we're not done.Hegseth started by briefly laying out the regime's o…",2026-03-01T05:39:13,https://freerepublic.com/focus/f-news/4368792/posts,2026-03-02 17:24:33
987,The Times of India,"Pakistan drone enters Indian side along LoC in J7K's Poonch, Army opens fire","Army troops fired over a dozen rounds at a Pakistani drone that crossed the Line of Control into Poonch’s Digwar area early Sunday. The drone retreated to Pakistan-occupied Kashmir, prompting a search operation to rule out any weapon or narcotics drop.",2026-03-01T05:32:42,https://economictimes.indiatimes.com/news/defence/pakistan-drone-enters-indian-side-along-loc-in-j7ks-poonch-army-opens-fire/articleshow/128906387.cms,2026-03-02 17:24:33
988,The Conversation Africa,"Bipartisan support for US attack on Iran, but Greens says it is ‘abhorrent’","The Albanese government has backed the American strike on Iran, while confirming Australia was not given prior warning.",2026-03-01T05:22:47,https://theconversation.com/bipartisan-support-for-us-attack-on-iran-but-greens-says-it-is-abhorrent-277187,2026-03-02 17:24:33
989,The Conversation Africa,"Bipartisan support for US attack on Iran, but Greens say it is ‘abhorrent’","The Albanese government has backed the American strike on Iran, while confirming Australia was not given prior warning.",2026-03-01T05:22:47,https://theconversation.com/bipartisan-support-for-us-attack-on-iran-but-greens-say-it-is-abhorrent-277187,2026-03-02 17:24:33
990,The Times of India,"Australia issues ‘do not travel’ warning for Middle East, activates 24/7 crisis centre for its citizens","Australia has issued a ""do not travel"" warning for several Middle Eastern nations due to escalating regional conflict, activating crisis measures to support citizens. Foreign Minister Penny Wong condemned Iran's destabilizing actions and urged a halt to attac…",2026-03-01T05:22:04,https://economictimes.indiatimes.com/news/international/australia/australia-issues-do-not-travel-warning-for-middle-east-activates-24/7-crisis-centre-for-its-citizens/articleshow/128906316.cms,2026-03-02 17:24:33
991,Rolling Stone,‘SNL’ Cold Open: Trump Tells His ‘America First’ Voters Why They Shouldn’t Feel Duped by Iran War,"On 'SNL,' Donald Trump explains why he got ""bored of peace"" and decided to push for regime change in Iran",2026-03-01T05:12:56,http://www.rollingstone.com/tv-movies/tv-movie-news/snl-cold-open-trump-tells-america-first-voters-shouldnt-feel-duped-by-iran-war-1235523384/,2026-03-02 17:24:33
992,Bleeding Cool News,Disgaea Mayhem Announced For Summer 2026 Release,"Nippon Ichi Software announced a brand new game in the Disgaea franchise, as we'll see Disgaea Mayhem released this Summer. In what looks like an entirely different approach to the series, you'll fight off enemies in this 3D action title, where you'll fight b…",2026-03-01T05:12:07,https://bleedingcool.com/games/disgaea-mayhem-announced-for-summer-2026-release/,2026-03-02 17:24:33
1013,Forbes,3 U.S. Troops Killed In Iran Strike Operation,The U.S. military said it was working to notify their families.,2026-03-01T15:36:21,https://www.forbes.com/sites/zacharyfolk/2026/03/01/3-us-troops-killed-in-iran-strike-operation/,2026-03-02 17:24:33
1016,Slashdot.org,"Iran live updates: 3 US service members killed, 5 wounded, CENTCOM says - ABC7 Chicago","Iran live updates: 3 US service members killed, 5 wounded, CENTCOM saysABC7 Chicago Live updates: 3 U.S. service members killed; Israel hits Iran as Tehran appoints interim leadershipCNBC 3 U.S. service members killed in military operation in Iran, CENTCOM sa…",2026-03-01T15:32:48,https://slashdot.org/firehose.pl?op=view&amp;id=180878708,2026-03-02 17:24:33
1022,Freerepublic.com,"FOX: THREE U.S. troops killed in Iran strikes, five injured.","Nothing further, will not release additional information for twenty-four hours.",2026-03-01T15:02:57,https://freerepublic.com/focus/f-news/4368839/posts,2026-03-02 17:24:33
1027,Haaretz,Top GOP senator says Trump not planning major ground troops inside Iran,"Leading Republican Senator Tom Cotton estimated that the U.S. campaign against Iran would last 'for probably a few weeks,' adding that the primary objective of the remainder of the operation is 'destroying Iran's vast missile arsenal'",2026-03-01T14:06:37,https://www.haaretz.com/us-news/2026-03-01/ty-article/top-gop-senator-says-trump-not-planning-major-ground-troops-inside-iran/0000019c-a9a2-d4dd-a9df-bba2c0cc0000,2026-03-02 17:24:33
1028,Al Jazeera English,Has Trump misunderstood Iran’s IRGC and the Basij forces?,US president called for IRGC members to lay down their arms or face 'certain death'. Here's how he misunderstands IRGC.,2026-03-01T13:43:44,https://www.aljazeera.com/features/2026/3/1/has-trump-misunderstood-irans-irgc-and-the-basij-forces,2026-03-02 17:24:33
1032,Researchbuzz.me,"Delaware History, Apple, Google Circle, More: Sunday ResearchBuzz, March 1, 2026","NEW RESOURCES State of Delaware: Diverse Histories Virtual Exhibit Launches, Expanding Delaware’s Story Beyond 1776 . “Delaware 250 has officially launched the Delaware’s Diverse Histories virtual exhibit, an online experience that highlights […]",2026-03-01T13:21:56,https://researchbuzz.me/2026/03/01/delaware-history-apple-google-circle-more-sunday-researchbuzz-march-1-2026/,2026-03-02 17:24:33
1035,Globalsecurity.org,Risch Statement on Strikes on Iran,"U.S. Senator Jim Risch (R-Idaho), chairman of the Senate Foreign Relations Committee, today released the statement below regarding President Trump's recent strikes on Iran.",2026-03-01T13:18:16,https://www.globalsecurity.org/wmd/library/news/iran/2026/02/iran-260228-sfrc02.htm,2026-03-02 17:24:33
1036,Globalsecurity.org,Ranking Member Shaheen Statement on President Trump's Attack on Iran,"Today, U.S. Senator Jeanne Shaheen (D-NH), Ranking Member of the Senate Foreign Relations Committee, issued a statement on the United States' preemptive attack on Iran:",2026-03-01T13:18:14,https://www.globalsecurity.org/wmd/library/news/iran/2026/02/iran-260228-sfrc01.htm,2026-03-02 17:24:33
1037,Globalsecurity.org,Marc Thiessen: 'The Ground Forces Are The Iranian People',A prominent US political commentator and RFE/RL board member says the latest American strikes on Iran mark the beginning of a sustained campaign aimed not just at military deterrence but at ending the rule of the Islamic republic as it currently exists.,2026-03-01T13:17:34,https://www.globalsecurity.org/wmd/library/news/iran/2026/02/iran-260228-rferl04.htm,2026-03-02 17:24:33
1038,Globalsecurity.org,Duckworth Statement on Trump's Illegal Attack on Iran,U.S. Senator Tammy Duckworth (D-IL) today issued the following statement after Donald Trump launched an illegal military campaign against Iran without Constitutionally-required authorization from the democratically-elected Congresspeople who represent both th…,2026-03-01T13:13:52,https://www.globalsecurity.org/wmd/library/news/iran/2026/02/iran-260228-duckworth01.htm,2026-03-02 17:24:33
1041,Al Jazeera English,"World reacts to killing of Iran’s Khamenei by US, Israel forces","Several nations, global bodies and prominent groups respond to killing of Iran's supreme leader, urging de-escalation.",2026-03-01T13:01:13,https://www.aljazeera.com/news/2026/3/1/world-reacts-to-killing-of-irans-khamenei-by-us-israel-forces,2026-03-02 17:24:33
1042,Advocate.com,Rachel Maddow urges Americans to consider ‘Who benefits?’ from Trump’s war with Iran,"On Saturday afternoon, as reports of U.S. airstrikes rippled out of Tehran and other Iranian cities, MS NOW anchor Rachel Maddow opened continuing special coverage on the network with a lengthy monologue in which she indicted President Donald Trump’s motives.",2026-03-01T13:00:03,https://www.advocate.com/politics/national/rachel-maddow-trump-iran-war,2026-03-02 17:24:33
1043,Hurriyet Daily News,Reporters held for filming near airbase hosting US forces in Türkiye,"Two Turkish journalists were arrested on Feb. 28 for filming near a sensitive airbase in Turkish southern province of Adana that hosts U.S. troops in live footage for Anka News Agency, the Turkish outlet and a union said.",2026-03-01T12:47:14,https://www.hurriyetdailynews.com/reporters-held-for-filming-near-airbase-hosting-us-forces-in-turkiye-219449,2026-03-02 17:24:33
1044,Fox News,Dems' potential 2028 hopefuls come out against US strikes on Iran,"Top Democratic 2028 presidential candidates unite against Trump's Iran strikes, calling the military action unnecessary and unconstitutional warfare.",2026-03-01T12:44:35,https://www.foxnews.com/politics/dems-potential-2028-hopefuls-come-out-against-us-strikes-iran,2026-03-02 17:24:33
1045,Freerepublic.com,Iran: Scalpel and Hammer,"With brilliant intelligence and close U.S. and Israeli cooperation and coordination, Operation Epic fury is systematically dismantling the terrorist regime of Iran’s ayatollahs. And as if in a game of chess, the war has reshaped the Middle East, (a consistent…",2026-03-01T12:35:29,https://freerepublic.com/focus/f-chat/4368814/posts,2026-03-02 17:24:33
1046,Abcnews.com,WATCH: Americans scramble to leave Middle East amid strikes,The fighting in the region is leaving thousands of Americans there uncertain about their situation. ABC News' Chief International Correspondent James Longman reports from Turkey.,2026-03-01T12:32:24,https://abcnews.com/video/130647277/,2026-03-02 17:24:33
1047,Israelnationalnews.com,Iran attacks a European nation for the first time,"Israel confirms that two missiles launched by Iran toward Cyprus fell into the sea, marking the first Iranian attack directed at a European country.",2026-03-01T12:32:24,https://www.israelnationalnews.com/news/423174,2026-03-02 17:24:33
1048,Abcnews.com,WATCH: The latest as the US and Israel attack Iran,"The Middle East was rocked by another night of air attacks pitting the U.S. and Israel against Iran. ABC News' Chief Foreign Correspondent Ian Pannell reports from Tel Aviv, Israel.",2026-03-01T12:30:43,https://abcnews.com/video/130647282/,2026-03-02 17:24:33
1050,Forbes,The Years-Long Lead-Up To U.S.-Israel Assassination Of Iran’s Khamenei,Khamanei's assassination was the dramatic culmination of years of miscalculations in his standoff and conflicts with these powers in the region and domestic repression.,2026-03-01T12:16:42,https://www.forbes.com/sites/pauliddon/2026/03/01/the-years-long-lead-up-to-us-israeli-assassination-of-irans-khamenei/,2026-03-02 17:24:33
1051,Forbes,How Years Of Regional Conflict Led To The Strike That Killed Iran’s Supreme Leader,"Years of escalating conflict between Iran, Israel and the U.S. culminated in the strike that killed Iran’s Supreme Leader. Here’s how the region reached this turning point — and what may come next.",2026-03-01T12:16:42,https://www.forbes.com/sites/pauliddon/2026/03/01/how-years-of-regional-conflict-led-to-the-strike-that-killed-irans-supreme-leader/,2026-03-02 17:24:33
1052,Fox News,From hostage crisis to assassination plots: Iran’s near half-century war on Americans,Dozens of direct or indirect attacks on Americans both militarily and civilian-wise have been carried out or aided by Iran's Supreme Leaders Khomeini and Khamenei,2026-03-01T11:00:34,https://www.foxnews.com/politics/from-hostage-crisis-assassination-plots-irans-44-year-war-americans,2026-03-02 17:24:33
1053,Livemint,Ukraine-Russia War: A peace formula will need to balance Russia’s great-power prestige with Ukraine’s sovereignty,"Four years of war have led to a stalemate. As fragile peace talks inch forward, territory, security guarantees and ceasefire terms remain hold-ups. The challenge is to craft a lasting settlement that doesn’t eviscerate Ukraine’s sovereignty while giving Russi…",2026-03-01T10:30:34,https://www.livemint.com/opinion/online-views/ukraine-russia-war-peace-formula-great-power-prestige-sovereignty-ceasefire-kyiv-moscow-11772122018410.html,2026-03-02 17:24:33
1054,Raw Story,This sweeping Trump assault has us headed for a hellscape of unimaginable dimensions,"The first days of a bombing campaign almost always look successful. Targets are hit. Explosions dominate headlines. Leaders declare strength. But wars are judged by what follows: retaliation, escalation, unintended consequences that unfold in days, weeks, mon…",2026-03-01T10:30:03,https://www.rawstory.com/raw-investigates/trump-2675449145/,2026-03-02 17:24:33
1055,BBC News,"UK troops and civilians put at risk by Iran strikes, Healey says","British military personnel at a base in Bahrain were ""within several hundred yards"" of a strike, the defence secretary says.",2026-03-01T10:24:36,https://www.bbc.com/news/articles/crrxkjxg1zpo,2026-03-02 17:24:33
1056,Digital Journal,"Afghan, Pakistani forces battle along the border","Afghan and Pakistani troops battled along their border, Afghan residents and officials told AFP on Sunday, with the fighting coming alongside multiple strikes including the former US air base at Bagram. Months of cross-border clashes have flared since Thursda…",2026-03-01T10:12:21,https://www.digitaljournal.com/world/afghan-pakistani-forces-battle-along-the-border/article,2026-03-02 17:24:33
1058,Fox News,MARK LEVIN: Hands off post-war Iran? That could be a grave strategic mistake for America and the world,Iran postwar planning differs from America's Iraq experience and with the Marshall Plan precedent there can also be benefits to being involved.,2026-03-01T10:00:49,https://www.foxnews.com/opinion/mark-levin-hands-off-post-war-iran-that-could-grave-strategic-mistake-america-world,2026-03-02 17:24:33
1059,Israelnationalnews.com,British defense minister: Two missiles launched toward Cyprus,Real time news brief - British defense minister: Two missiles launched toward Cyprus - Israel National News flashes around the clock are waiting for you on the site,2026-03-01T09:48:42,https://www.israelnationalnews.com/flashes/677418,2026-03-02 17:24:33
1060,RT,Iran launches new strikes against US bases and Israel – IRGC (VIDEOS),"The IRGC says Iranian airstrikes targeted 27 bases hosting US troops in the Middle East, as well as Israeli military facilities in Tel Aviv Read Full Article at RT.com",2026-03-01T09:41:41,https://www.rt.com/news/633307-iran-offensive-us-israel-khamenei/,2026-03-02 17:24:33
1061,NPR,Trump warns Iran not to retaliate after Ayatollah Ali Khamenei is killed,The Iranian government has announced 40 days of mourning. The country's supreme leader was killed following an attack launched by the U.S. and Israel on Saturday against Iran.,2026-03-01T09:00:58,https://www.npr.org/2026/03/01/nx-s1-5731333/iran-us-israel-strikes,2026-03-02 17:24:33
1062,The Indian Express,Pak drone incursion along LoC in J-K’s Poonch; Army opens fire,"On February 27, troops had fired at a Pakistani drone in the same area.",2026-03-01T08:50:25,https://indianexpress.com/article/india/pak-drone-incursion-along-loc-in-poonch-in-j-k-army-opens-fire-10559054/,2026-03-02 17:24:33
1063,Al Jazeera English,"More blasts rock Dubai, Doha and Manama as Iran targets US assets in Gulf",Iran's retaliatory attacks on US assets in the region continue for a second day as fears of a wider conflict rise.,2026-03-01T08:44:52,https://www.aljazeera.com/news/2026/3/1/more-blasts-rock-dubai-doha-and-manama-as-iran-targets-us-assets-in-gulf,2026-03-02 17:24:33
1064,Digital Journal,"Pro-Iran protesters try to storm US missions in Pakistan, Iraq","Pro-Iranian protesters angered by the death of Iran supreme leader Ali Khamenei tried to storm the US consulate in Pakistan’s Karachi on Sunday, leaving eight dead, and the fortified Green Zone hosting Washington’s embassy in the Iraqi capital Baghdad. Irania…",2026-03-01T08:42:20,https://www.digitaljournal.com/world/pro-iran-protesters-try-to-storm-us-missions-in-pakistan-iraq/article,2026-03-02 17:24:33
1065,Al Jazeera English,Iran begins 40-day mourning after Khamenei killed in US-Israeli attack,"President Masoud Pezeshkian condemns killing of Iran's supreme leader as 'a great crime', according to his office.",2026-03-01T08:33:17,https://www.aljazeera.com/news/2026/3/1/iran-begins-40-day-mourning-after-khamenei-killed-in-us-israeli-attack,2026-03-02 17:24:33
1066,The Times of India,LoC on high alert: Indian Army thwarts multiple Pakistani drone intrusion attempts in J&K,"The Indian Army foiled multiple drone intrusion attempts from Pakistan along the Line of Control in Jammu and Kashmir’s Poonch district on Sunday. Officials said 2–3 small quadcopters tried to breach Indian airspace between 5:45 AM and 6:00 AM, but troops too…",2026-03-01T07:53:22,https://economictimes.indiatimes.com/news/defence/loc-on-high-alert-indian-army-thwarts-multiple-pakistani-drone-intrusion-attempts-in-jk/articleshow/128909618.cms,2026-03-02 17:24:33
1067,The Irish Times,Killing Khamenei: a contrary decision by a self-declared president of peace,Iranian-American jubilation at the death of Iran’s brutal supreme leader tempered by uncertainty over the country’s trajectory,2026-03-01T07:46:36,https://www.irishtimes.com/world/us/2026/03/01/killing-khamenei-a-contrary-decision-by-a-self-declared-president-of-peace/,2026-03-02 17:24:33
1068,Japan Today,Iran fires missiles at Israel and Gulf states after U.S.-Israeli strike kills Khamenei,"Iran fired missiles at targets in Israel and Gulf Arab states Sunday after vowing massive retaliation for the killing of Supreme Leader Ayatollah Ali Khamenei by the United States and Israel, prompting U.S. President Donald Trump to threaten Tehran against fu…",2026-03-01T07:36:14,https://japantoday.com/category/world/iran%27s-parliament-speaker-calls-us-israeli-leaders-%27filthy-criminals%27,2026-03-02 17:24:33
1069,Financial Post,Iran’s Supreme Leader Killed in US-Israeli Attacks as War Widens,"Iran’s supreme leader was killed in US–Israeli airstrikes, a seismic development in a conflict that’s spread to half a dozen countries across the Middle East and threatens to disrupt energy flows.",2026-03-01T06:53:07,https://financialpost.com/pmn/business-pmn/irans-supreme-leader-killed-in-us-israeli-attacks-as-war-widens,2026-03-02 17:24:33
1070,The Times of India,War and peace cannot be left to one man — especially not Donald Trump,"President Trump initiated military action against Iran without congressional approval, a move criticized as monarchical. While acknowledging personal anger towards the Iranian regime, the author stresses the constitutional requirement for Congress to authoriz…",2026-03-01T06:47:35,https://economictimes.indiatimes.com/news/international/world-news/war-and-peace-cannot-be-left-to-one-man-especially-not-donald-trump/articleshow/128908222.cms,2026-03-02 17:24:33
1071,The Punch,Ex‑VP Harris slams Trump for dragging US into unwanted Iran conflict,"Former VP Kamala Harris accuses Trump of dragging the US into a dangerous and unnecessary Iran conflict, calling for congressional oversight.

Read More: https://punchng.com/ex%e2%80%91vp-harris-slams-trump-for-dragging-us-into-unwanted-iran-conflict/",2026-03-01T06:12:37,https://punchng.com/ex‑vp-harris-slams-trump-for-dragging-us-into-unwanted-iran-conflict/,2026-03-02 17:24:33
1083,Abcnews.com,Myanmar military airstrikes on trading site kills more than two dozen,A resistance group and independent online media in Myanmar say airstrikes by the military on a trading junction in the central Magway region killed more than two dozen people and wounded 20 others,2026-03-01T14:58:48,https://abcnews.com/Business/wireStory/myanmar-military-airstrikes-trading-site-kills-dozen-130649643,2026-03-02 17:24:33
1084,CBS News,Democrat Jack Schlossberg talks taking the gloves off,"The 33-year-old grandson of JFK is out to make a name for himself, running for Congress in New York's 12th District. He talks about his family, and his refusal to refrain from mocking his opponents, saying, ""The time is not now to hold back.""",2026-03-01T14:50:50,https://www.cbsnews.com/news/democrat-jack-schlossberg-talks-taking-the-gloves-off/,2026-03-02 17:24:33
1086,Yahoo Entertainment,Crypto Loses Its Grip on Retail Army Now Defecting to Equities,,2026-03-01T14:30:00,https://consent.yahoo.com/v2/collectConsent?sessionId=1_cc-session_e8203c1a-3f08-43d1-adde-39adb317cac5,2026-03-02 17:24:33
1089,Israelnationalnews.com,President Herzog: 'We will bring a new era to both Israel and Iran',"President Isaac Herzog on Sunday visited the scene of an Iranian missile impact in Tel Aviv, delivering remarks to the people of Israel and the broader Middle East.",2026-03-01T14:06:06,https://www.israelnationalnews.com/news/423177,2026-03-02 17:24:33
1091,Freerepublic.com,"'Unlikely, Unlikely, Unlikely': MS NOW’s Barry McCaffrey Predicts Failure In Iran","You’ve heard of Optimist International, the global service organization. If there were a “Pessimist International,” MS NOW military analyst Barry McCaffrey could be kicked out of it — for being too darn negative. Caution is warranted when predicting U.S. succ…",2026-03-01T14:05:41,https://freerepublic.com/focus/f-news/4368829/posts,2026-03-02 17:24:33
1094,Globalsecurity.org,Iran's government declares 40 days of mourning over Leader's martyrdom,The Iranian government declared 40 days of mourning and 7 days of public holidays over the martyrdom of Leader of the Islamic Revolution Seyyed Ali Khamenei in terrorist US-Israeli strikes.,2026-03-01T13:20:59,https://www.globalsecurity.org/wmd/library/news/iran/2026/03/iran-260301-presstv04.htm,2026-03-02 17:24:33
1096,Globalsecurity.org,Islamic Jihad extends 'full solidarity' with Iran following Israeli-American aggression,"The Islamic Jihad has extended its ""full solidarity"" with the Islamic Republic of Iran in the face of the latest act of aggression by the Israeli regime and the United States.",2026-03-01T13:19:12,https://www.globalsecurity.org/wmd/library/news/iran/2026/03/iran-260301-presstv07.htm,2026-03-02 17:24:33
1097,Globalsecurity.org,Persian Gulf States Comment on US-Israel Strikes on Iran,"Israeli army has initiated a strike against Iran ""to remove threats against the State of Israel"", the nation's Defense Minister Israel Katz announced, adding a special and immediate state of emergency has been declared across the country.",2026-03-01T13:18:23,https://www.globalsecurity.org/wmd/library/news/iran/2026/02/iran-260228-sputnik02.htm,2026-03-02 17:24:33
1098,Globalsecurity.org,Iran's retaliatory attack completely destroys sophisticated US radar system in Qatar,The Islamic Revolution Guards Corps (IRGC) has announced that it destroyed a sophisticated American radar system stationed in Qatar as part of its retaliatory attacks targeting US bases and assets in the region.,2026-03-01T13:16:35,https://www.globalsecurity.org/wmd/library/news/iran/2026/02/iran-260228-presstv03.htm,2026-03-02 17:24:33
1099,Khabarhub.com,"Army vows to ensure safe elections, security up to ballot transportation","KATHMANDU: The Nepal Army has said it will ensure the upcoming election is conducted in a secure manner, providing protection up to the transportation of ballot boxes to counting centres. Issuing a statement on Sunday, the Directorate of Public Relations and …",2026-03-01T13:15:48,https://english.khabarhub.com/2026/01/537205/,2026-03-02 17:24:33
1101,Globalsecurity.org,Afghanistan Air Force Strikes Pakistani Military Targets - Defense Ministry,"The Afghan Air Force launched a new series of strikes on military targets in Pakistan on Saturday night, the Afghan Defense Ministry said.",2026-03-01T13:05:35,https://www.globalsecurity.org/military/library/news/2026/02/mil-260228-sputnik01.htm,2026-03-02 17:24:33
1102,Freerepublic.com,Sunday Morning Talk Show Thread 1 March 2026,"The Talk Shows March 1st, 2026 Guests to be interviewed today on major television talk shows:FACE THE NATION (CBS): Margaret Brennan anchors: Omani Foreign Minister Badr Albusaidi; Sen Tom Cotton (R-Ark); Sen Ted Cruz (R-Tex); Sen. Chris Murphy (D-Conn.); Rep…",2026-03-01T12:55:56,https://freerepublic.com/focus/f-news/4368817/posts,2026-03-02 17:24:33
1103,Globalsecurity.org,Russian Army Liberate Neskuchnoye in Kharkov Region,"Russian Army has liberated the settlement of Neskuchnoye in the Kharkov region, Russian Defense Ministry said on Saturday.",2026-03-01T12:53:54,https://www.globalsecurity.org/wmd/library/news/ukraine/2026/02/ukraine-260228-sputnik01.htm,2026-03-02 17:24:33
1106,Silodrome.com,For Sale: An Incredible 1970 Steyr-Puch Haflinger 4×4,"This is a 1970 Steyr-Puch Haflinger APT700, in the United States it’s a little-known military 4×4 from across the pond, but over in Europe...
The post For Sale: An Incredible 1970 Steyr-Puch Haflinger 4×4 appeared first on Silodrome.",2026-03-01T12:30:06,https://silodrome.com/steyr-puch-haflinger-4x4/,2026-03-02 17:24:33
1107,The Times of India,"Iran Israel war live updates: Gulf to get embroiled in long running full scale war?Iran, Israel, Bahrain, Kuwait and Qatar hit by missiles","Iran Israel war live updates report missile attacks across Iran, Israel, Bahrain, Kuwait and Qatar. Iran launched fresh strikes as President Isaac Herzog appeared at a Tel Aviv blast site. The IDF announced strikes in Tehran. Gulf states intercepted drones an…",2026-03-01T12:03:44,https://economictimes.indiatimes.com/news/international/us/iran-israel-war-live-updates-iran-israel-war-iran-missile-attack-israel-strikes-tehran-explosions-tel-aviv-blast-idf-update-iran-retaliation-bahrain-interception-kuwait-air-defence-qatar-drone-strike-uae-interception-us-bases-gulf-iran-jets-strike-gulf-missile-attack-middle-east-conflict/articleshow/128914805.cms,2026-03-02 17:24:33
1108,Hurriyet Daily News,"Israel, Iran unleash fresh attacks as Mideast on alert","Israel on March 1 said that it has carried out a new wave of strike “in the heart of Tehran,” as Iran unleashed fresh retaliatory strikes on several U.S. bases in the Middle East.",2026-03-01T11:19:17,https://www.hurriyetdailynews.com/israel-iran-unleash-fresh-attacks-as-mideast-on-alert-219445,2026-03-02 17:24:33
1109,Al Jazeera English,Analysis: Will Iran’s establishment collapse after the killing of Khamenei?,"While the US bets on a swift regime collapse, analysts warn the power vacuum could birth a more aggressive leadership.",2026-03-01T11:13:14,https://www.aljazeera.com/features/2026/3/1/analysis-will-irans-establishment-collapse-after-the-killing-of-khamenei,2026-03-02 17:24:33
1111,Variety,Iranian Independent Filmmakers Association Supports U.S. And Israeli Attacks in Iran That Have Killed Supreme Leader Ali Khamenei,The Iranian Independent Filmmakers Association (IIFMA) is supporting the ongoing attacks by the U.S. and Israel in Iran that have caused the death of Supreme Leader Ali Khamenei prompting the possibility of seismic political changes. “The Islamic regime in Ir…,2026-03-01T10:49:50,https://variety.com/2026/film/global/iranian-independent-filmmakers-u-s-attacks-iran-khamenei-1236675792/,2026-03-02 17:24:33
1112,Globalresearch.ca,Who Controls Military AI? Anthropic Standoff and America’s New Power Struggle,"The standoff between Anthropic and the Pentagon is more than a corporate dispute; it is a symptom of a deeper struggle within America’s power structure. AI, rare earths, and national security are converging in ways that challenge both ethical …
The post Who C…",2026-03-01T10:42:36,https://www.globalresearch.ca/ai-anthropic-standoff-america/5917506,2026-03-02 17:24:33
1113,CNA,Iran vows revenge for slain supreme leader despite Trump threat,"US President Donald Trump has threatened to unleash ""force that has never been seen before"" and urged Iran's people to rise up and seize power.",2026-03-01T10:23:00,https://www.channelnewsasia.com/world/iran-khamenei-killed-revenge-us-israel-strikes-trump-threat-5961776,2026-03-02 17:24:33
1114,Digital Journal,Iran vows revenge for slain supreme leader despite Trump threat,"Iranian top officials vowed Sunday to avenge their slain supreme leader Ayatollah Ali Khamenei and declared a new wave of strikes on US bases in the Gulf, defying US President Donald Trump’s threat of an unprecedented escalation in force. As crowds gathered i…",2026-03-01T10:12:20,https://www.digitaljournal.com/world/iran-vows-revenge-for-slain-supreme-leader-despite-trump-threat/article,2026-03-02 17:24:33
1116,TheJournal.ie,Iran vows to use force 'never experienced before' against US and Israel following Khamenei death,Crowds have gathered in Iranian cities to call for vengeance following the killing of Khamenei in US and Israeli attacks.,2026-03-01T09:56:36,https://www.thejournal.ie/iran-us-israel-attacks-khamenei-6971051-Mar2026/,2026-03-02 17:24:33
1117,Israelnationalnews.com,40 Iranian commanders eliminated in opening strikes,"IDF spokesperson confirms that dozens of commanders were killed in the opening strike of Operation Roaring Lion, including Iranian Chief of Staff Abdolrahim Mousavi.",2026-03-01T09:55:00,https://www.israelnationalnews.com/news/423168,2026-03-02 17:24:33
1118,Israelnationalnews.com,"The ""Artesh-IRGC Divorce"": How to weaponize Iran’s 14% desertion rate","While the Revolutionary Guards are unconditionally loyal to the Supreme Leader, the Artesh, Iran's regular army, has historically viewed itself as the defender of the Iranian nation.  Opinion.",2026-03-01T09:22:00,https://www.israelnationalnews.com/news/423153,2026-03-02 17:24:33
1120,Digital Journal,"Latest developments after US, Israeli strikes kill Iran’s Khamenei","Iranian state television confirmed the death of Iran’s supreme leader Ayatollah Ali Khamenei on Sunday, after US President Donald Trump said he had been killed. The announcement came after the United States and Israel started launching waves of strikes Saturd…",2026-03-01T08:22:20,https://www.digitaljournal.com/world/latest-developments-after-us-israeli-strikes-kill-irans-khamenei/article,2026-03-02 17:24:33
1121,PezCycling News,"PEZ Pedals Backwards: Walter Rutt, World Champion","Walter Rutt was born in Wurselen, Germany, close to Aachen, in 1883.  A talented rider, the Rhinelander turned professional at the age of 17 and went on to a remarkable career that spanned an incredible 25 years.  In that time he won some 933 races, including…",2026-03-01T08:01:59,https://pezcyclingnews.com/features/pez-pedals-backwards-walter-rutt-world-champion/,2026-03-02 17:24:33
1123,The Times of India,Israel-Iran war: Hundreds protest outside US consulate in Karachi after Khamenei’s death,Iran's Supreme Leader Ali Khamenei has been killed in a US-Israeli strike. Senior Iranian officials also died in the attack. Iran has declared a period of national mourning. The country has vowed retaliation against US and Israeli targets. The United States h…,2026-03-01T07:23:36,https://economictimes.indiatimes.com/news/international/world-news/israel-iran-war-hundreds-protest-outside-us-consulate-in-karachi-after-khameneis-death/articleshow/128908859.cms,2026-03-02 17:24:33
1124,NPR,Iran fires missiles at Israel and Gulf states after U.S.-Israeli strike kills Khamenei,Iran fired missiles at targets in Israel and Gulf Arab states Sunday after vowing massive retaliation for the killing of Supreme Leader Ayatollah Ali Khamenei by the United States and Israel.,2026-03-01T07:11:17,https://www.npr.org/2026/03/01/g-s1-112062/iran-fires-missiles,2026-03-02 17:24:33
1125,The Times of India,"Israel-Iran war: Chief of staff of Iranian Armed Forces, defence minister killed in airstrike",Iran's army chief and defense minister were killed in an airstrike. This led to Iran launching missiles and drones towards Israel and US bases. US President Donald Trump warned Iran against further escalation. The region faces heightened fears of a wider war …,2026-03-01T06:57:08,https://economictimes.indiatimes.com/news/defence/israel-iran-war-irans-army-chief-defence-minister-killed-in-airstrike-us-donald-trump/articleshow/128908226.cms,2026-03-02 17:24:33
1126,The Star Online,"New wave of Iranian missile strikes on Israel, US military bases begins","TEHRAN: A new wave of Iranian missile strikes on Israel and United States military bases has begun, Sputnik/RIA Novosti reported. Read full story",2026-03-01T06:34:00,https://www.thestar.com.my/news/world/2026/03/01/new-wave-of-iranian-missile-strikes-on-israel-us-military-bases-begins,2026-03-02 17:24:33
1128,The Times of India,"Subedaar OTT release date: When and where to watch Anil Kapoor's action movie online? Cast, plot and more details","Anil Kapoor stars as Arjun Maurya, a retired army officer, in the action-drama Subedaar.  The film is gearing up for the digital release. The movie sees Arjun confronting a ruthless crime lord and his own strained relationship with his daughter. Read on to kn…",2026-03-01T05:33:12,https://economictimes.indiatimes.com/magazines/panache/subedaar-ott-release-date-when-and-where-to-watch-anil-kapoors-action-movie-online-cast-plot-and-more-details/articleshow/128906071.cms,2026-03-02 17:24:33
1130,Juancole.com,Could China’s EVs be the Real Winner of Trump’s Oil War in Iran and the Gulf?,"The IRGC announced that it had closed the Strait of Hormuz to shipping, and there are reports of British and other vessels turning around",2026-03-01T05:15:07,https://www.juancole.com/2026/03/chinas-winner-trumps.html,2026-03-02 17:24:33
1131,The Conversation Africa,Joseph Kony: how a Ugandan war criminal and his soldiers have evaded capture and endured for decades,Joseph Kony and his Lord’s Resistance Army have relied on borderlands and declining political will to avoid detection.,2026-03-01T04:56:06,https://theconversation.com/joseph-kony-how-a-ugandan-war-criminal-and-his-soldiers-have-evaded-capture-and-endured-for-decades-276680,2026-03-02 17:24:33
1132,CBS News,"Rep. Rick Crawford says ""the timing was perfect"" for attacks in Iran","Rep. Rick Crawford of Arkansas, an Army veteran and chair of the House Intelligence Committee, joins ""CBS Evening News"" to discuss why the U.S. and Israel launched attacks on Iran at this time, ahead of planned nuclear talks.",2026-03-01T03:41:00,https://www.cbsnews.com/video/rep-rick-crawford-says-timing-perfect-attacks-iran/,2026-03-02 17:24:33
1133,ABC News (AU),Who in the Iranian leadership has been killed?,A growing list of Iran's top leadership has been reportedly killed in ongoing strikes by Israel and the United States.,2026-03-01T03:18:32,https://www.abc.net.au/news/2026-03-01/us-and-israel-have-struck-iran-who-has-been-killed/106401908,2026-03-02 17:24:33
1134,Freerepublic.com,COMPLIATION: ***Operation: Roaring Lion / Epic Fury*** (2.28.26),"***Operation: Roaring Lion / Epic Fury*** In the joint military operations launched on 28 February 2026 (codenamed ""Operation Epic Fury"" by the US and ""Roaring Lion"" by Israel), the two nations focused on distinct but overlapping target sets to dismantle Iran…",2026-03-01T02:57:03,https://freerepublic.com/focus/f-bloggers/4368778/posts,2026-03-02 17:24:33
1135,Activistpost.com,Locked Down. Rounded Up. Warehoused. The Rise of America’s Concentration Camps,"“No doubt concentration camps were a means, a menace used to keep order.”—Albert Speer, Nuremberg Trials In 2021, amid a global pandemic, warnings that the federal government might repurpose warehouses into detention facilities on American soil were dismissed…",2026-03-01T02:51:00,https://www.activistpost.com/locked-down-rounded-up-warehoused-the-rise-of-americas-concentration-camps-2/,2026-03-02 17:24:33
1136,BBC News,Starmer seeks to carve out distinct UK approach to this conflict,This is delicate terrain for the prime minister both in the UK and among international leaders too.,2026-03-02T13:12:30,https://www.bbc.com/news/articles/c0rj4nvw07do?at_medium=RSS&at_campaign=rss,2026-03-02 17:24:33
1137,BBC News,Why did US and Israel attack Iran and how long could the war last?,"Iran has carried out strikes against Israel, across the Gulf and against a British base in Cyprus in retaliation.",2026-03-02T17:01:39,https://www.bbc.com/news/articles/cx2dyz6p3weo?at_medium=RSS&at_campaign=rss,2026-03-02 17:24:33
1138,BBC News,Video appears to show US F-15 fighter jet crashing in Kuwait,"The US says six of its F-15 jets were ""mistakenly shot down by Kuwaiti air defenses"", with all crew in a stable condition.",2026-03-02T09:43:33,https://www.bbc.com/news/videos/ce8wed33e07o?at_medium=RSS&at_campaign=rss,2026-03-02 17:24:33
1139,BBC News,Limited flights leave UAE but disruption continues amid Iran strikes,The majority of flights to key Middle Eastern hubs have been cancelled for Monday as the conflict continues.,2026-03-02T16:25:37,https://www.bbc.com/news/articles/c3v7ele1k4zo?at_medium=RSS&at_campaign=rss,2026-03-02 17:24:33
1140,BBC News,"Man accused of driving wife to suicide developed software to track her, jury told",Christopher Trybus is on trial for manslaughter after his wife Tarryn Baird took her own life.,2026-03-02T14:33:46,https://www.bbc.com/news/articles/cd70zneyjpwo?at_medium=RSS&at_campaign=rss,2026-03-02 17:24:33
1141,BBC News,"'I knew the risks, I'd do it again' - Lewis Moody reflects on his rugby career","Ex-England captain Lewis Moody tells former team-mate Ben Youngs he was ""very aware"" of the risks posed during his career.",2026-03-02T06:09:29,https://www.bbc.com/sport/rugby-union/articles/c5yqpqjkj95o?at_medium=RSS&at_campaign=rss,2026-03-02 17:24:33
1142,BBC News,'They hit so hard the house was shaking': Iranians describe impact of US-Israel attacks,"People in Iran tell the BBC they hear explosions day and night, as the US and Israel continue striking the country for a third day.",2026-03-02T13:54:20,https://www.bbc.com/news/articles/cx2jyv3jp01o?at_medium=RSS&at_campaign=rss,2026-03-02 17:24:33
1143,BBC News,Israel strikes Lebanon after Hezbollah rocket fire as Iran conflict widens,"Lebanon's health ministry says 31 people were killed by Israeli strikes, while there are no reports of casualties in Israel.",2026-03-02T17:22:06,https://www.bbc.com/news/articles/c5y4v8g13wxo?at_medium=RSS&at_campaign=rss,2026-03-02 17:24:33
1144,BBC News,At least 169 people killed in South Sudan 'surprise' attack,"Peacekeepers are sheltering about 1,000 civilians near their base and providing emergency care.",2026-03-02T16:11:52,https://www.bbc.com/news/articles/c0mgkvy4wr8o?at_medium=RSS&at_campaign=rss,2026-03-02 17:24:33
1145,BBC News,Michael B Jordan upends Oscars race as Sinners wins big at Actor Awards,The US star's best actor win for Sinners leaves the Oscars race too close to call.,2026-03-02T05:08:35,https://www.bbc.com/news/articles/clyzklvk79yo?at_medium=RSS&at_campaign=rss,2026-03-02 17:24:33
1146,BBC News,Trump's Iran gamble... What is the US president up to?,And will Trump's Republican MAGA base support his strikes on Iran?,2026-03-01T21:44:00,https://www.bbc.co.uk/sounds/play/p0n422zz?at_medium=RSS&at_campaign=rss,2026-03-02 17:24:33
1147,BBC News,Global News Podcast: Trump warns of more US deaths in Iran war,Iran's retaliatory strikes have killed three US service members,2026-03-02T05:41:00,https://www.bbc.co.uk/sounds/play/p0n42r1x?at_medium=RSS&at_campaign=rss,2026-03-02 17:24:33
1148,BBC News,Reshuffled flights and players stuck - how sport is navigating Middle East crisis,BBC Sport looks at how the ongoing conflict in the Middle East is affecting the staging of sporting events around the world.,2026-03-02T12:31:56,https://www.bbc.com/sport/articles/cvg81d4wzexo?at_medium=RSS&at_campaign=rss,2026-03-02 17:24:33
1150,BBC News,Spurs given suspended ticket ban over fans' Nazi salutes in Germany,Uefa fine Tottenham Hotspur and give them a suspended ban from selling away tickets after three supporters made Nazi salutes towards Eintracht Frankfurt fans.,2026-03-02T15:58:42,https://www.bbc.com/sport/football/articles/cqj92vnvp02o?at_medium=RSS&at_campaign=rss,2026-03-02 17:24:33
1151,"Al Jazeera – Breaking News, World News and Video from Al Jazeera",Protests across India against Khamenei’s killing,Protests erupt across India after Ayatollah Ali Khamenei is killed in US-Israeli air strikes on Iran.,2026-03-02T17:11:58+00:00,https://www.aljazeera.com/gallery/2026/3/2/protests-across-india-against-khameneis-killing?traffic_source=rss,2026-03-02 17:24:33
1152,"Al Jazeera – Breaking News, World News and Video from Al Jazeera","Starmer lets US use bases for Iran clash: UK’s military, legal quagmire",A drone strike at a British base in Cyprus has highlighted the UK’s precarious in US attacks on Iran.,2026-03-02T16:49:11+00:00,https://www.aljazeera.com/features/2026/3/2/starmer-lets-us-use-bases-for-iran-clash-uks-military-legal-quagmire?traffic_source=rss,2026-03-02 17:24:33
1153,"Al Jazeera – Breaking News, World News and Video from Al Jazeera","‘Speed, surprise, and violence of action’: how US launched attack on Iran","Chairman of the Joint Chiefs of Staff, US General Dan Caine detailed how American forces launched attacks on Iran.",2026-03-02T16:47:31+00:00,https://www.aljazeera.com/video/newsfeed/2026/3/2/speed-surprise-and-violence-of-action-how-us-launched-attack-on-iran?traffic_source=rss,2026-03-02 17:24:33
1154,"Al Jazeera – Breaking News, World News and Video from Al Jazeera",Lebanese civilians flee amid deadly Israeli strikes on Beirut suburbs,"Highways gridlocked as thousands evacuate during Israel&#039;s deadliest Lebanon assault in over a year, killing 31 people.",2026-03-02T16:47:10+00:00,https://www.aljazeera.com/gallery/2026/3/2/lebanese-civilians-flee-amid-deadly-israeli-strikes-on-beirut-suburbs?traffic_source=rss,2026-03-02 17:24:33
1155,"Al Jazeera – Breaking News, World News and Video from Al Jazeera",Starmer says UK involvement in US strikes on Iran is ‘defensive,Keir Starmer framed his decision to allow US use of British military bases to strike Iran as “defensive.&quot;,2026-03-02T16:42:50+00:00,https://www.aljazeera.com/video/newsfeed/2026/3/2/starmer-says-uk-involvement-in-us-strikes-on-iran-is?traffic_source=rss,2026-03-02 17:24:33
1156,"Al Jazeera – Breaking News, World News and Video from Al Jazeera",Qatar says it downed two Iranian fighter jets as conflict widens,Qatari Defence Ministry also says seven ballistic missiles and five drones fired by Iran intercepted.,2026-03-02T16:24:52+00:00,https://www.aljazeera.com/news/2026/3/2/qatar-says-it-downed-two-iranian-fighter-jets-as-conflict-widens?traffic_source=rss,2026-03-02 17:24:33
1157,"Al Jazeera – Breaking News, World News and Video from Al Jazeera","Iran demands international action after attacks impact hospitals, schools","Hospitals across Iran have been damaged by US, Israeli strikes - but no reports of direct hits yet.",2026-03-02T16:18:59+00:00,https://www.aljazeera.com/news/2026/3/2/iran-demands-international-action-after-attacks-impact-hospitals-schools?traffic_source=rss,2026-03-02 17:24:33
1158,"Al Jazeera – Breaking News, World News and Video from Al Jazeera",Qatar halts natural gas production after Iranian attacks,Qatar is halting liquid natural gas (LNG) production because of Iranian attacks on key facilities.,2026-03-02T15:29:56+00:00,https://www.aljazeera.com/video/newsfeed/2026/3/2/qatar-halts-natural-gas-production-after-iranian-attacks?traffic_source=rss,2026-03-02 17:24:33
1159,"Al Jazeera – Breaking News, World News and Video from Al Jazeera",Why killing Khamenei isn’t the death of Iran’s Islamic Republic,US officials have celebrated the killing of Iran’s Supreme Leader as the end of the Islamic Republic.,2026-03-02T14:59:44+00:00,https://www.aljazeera.com/video/newsfeed/2026/3/2/why-killing-khamenei-isnt-the-death-of-irans-islamic-republic?traffic_source=rss,2026-03-02 17:24:33
1160,"Al Jazeera – Breaking News, World News and Video from Al Jazeera",What is Iran’s military strategy? How has it changed since June 2025 war?,Defence analysts tell Al Jazeera that Iran has revised its military strategy since 12-day war with Israel.,2026-03-02T14:35:09+00:00,https://www.aljazeera.com/news/2026/3/2/what-is-irans-military-strategy-how-it-has-changed-since-june-2025-war?traffic_source=rss,2026-03-02 17:24:33
1161,"Al Jazeera – Breaking News, World News and Video from Al Jazeera","Hegseth: US didn’t start war with Iran, but we are ‘finishing it’","Blaming Iran for previous attacks on Americans in the region, Secretary of Defense Pete Hegseth defended recent strikes.",2026-03-02T14:22:13+00:00,https://www.aljazeera.com/video/newsfeed/2026/3/2/hegseth-us-didnt-start-war-with-iran-but-we-are-finishing?traffic_source=rss,2026-03-02 17:24:33
1162,"Al Jazeera – Breaking News, World News and Video from Al Jazeera","Video shows Iranian missile strike hit Beersheba, Israel","CCTV footage shows the moment an Iranian missile struck a neighbourhood in Beersheba, Israel.",2026-03-02T14:18:24+00:00,https://www.aljazeera.com/video/newsfeed/2026/3/2/video-shows-iranian-missile-strike-hit-beersheba-israel?traffic_source=rss,2026-03-02 17:24:33
1163,"Al Jazeera – Breaking News, World News and Video from Al Jazeera",‘Outrage over US-Israel attacks on Iran may have sparked violence in Texas’,Javed Ali warns that anger over US-Israel attacks on Iran may be fuelling &#039;homegrown violence&#039;.,2026-03-02T14:01:08+00:00,https://www.aljazeera.com/video/quotable/2026/3/2/outrage-over-us-israel-attacks-on-iran-may-have-sparked-violence-in?traffic_source=rss,2026-03-02 17:24:33
1164,"Al Jazeera – Breaking News, World News and Video from Al Jazeera","Pakistan calls troops, orders 3-day curfew as 24 killed in pro-Iran rallies",Army deployed and few areas in northern Gilgit-Baltistan region put under curfew after violence over Khamenei&#039;s killing.,2026-03-02T13:50:03+00:00,https://www.aljazeera.com/news/2026/3/2/pakistan-calls-troops-orders-3-day-curfew-as-24-killed-in-pro-iran-rallies?traffic_source=rss,2026-03-02 17:24:33
1165,"Al Jazeera – Breaking News, World News and Video from Al Jazeera",Will the US-Israeli attacks impact Iran’s participation in World Cup 2026?,"With World Cup cohost US and Iran engaged in conflict, Team Melli&#039;s tournament participation is thrown into doubt.",2026-03-02T13:41:28+00:00,https://www.aljazeera.com/sports/2026/3/2/will-the-us-israeli-attacks-impact-irans-participation-in-world-cup-2026?traffic_source=rss,2026-03-02 17:24:33
1166,"Al Jazeera – Breaking News, World News and Video from Al Jazeera",Gas prices soar as QatarEnergy halts LNG production after Iran attacks,This comes after Saudi Arabia announced the temporary closure of one of its largest oil facilities following drone attacks.,2026-03-02T13:19:17+00:00,https://www.aljazeera.com/news/2026/3/2/qatarenergy-worlds-largest-lng-firm-halts-production-after-iran-attacks?traffic_source=rss,2026-03-02 17:24:33
1167,"Al Jazeera – Breaking News, World News and Video from Al Jazeera",Israel intensifies war on Lebanon after Hezbollah attack,Israel&#039;s response to Hezbollah attack kills at least 31 people and leads to mass displacement in Lebanon.,2026-03-02T12:53:21+00:00,https://www.aljazeera.com/features/2026/3/2/israel-intensifies-war-on-lebanon-after-hezbollah-attack?traffic_source=rss,2026-03-02 17:24:33
1168,"Al Jazeera – Breaking News, World News and Video from Al Jazeera","Nearly 170 people killed in attack in South Sudan’s Ruweng, officials say","Separately, MSF says 26 humanitarian workers are missing following recent violence in South Sudan&#039;s Jonglei state.",2026-03-02T12:39:22+00:00,https://www.aljazeera.com/news/2026/3/2/nearly-170-people-killed-in-attack-in-south-sudans-ruweng-officials-says?traffic_source=rss,2026-03-02 17:24:33
1169,"Al Jazeera – Breaking News, World News and Video from Al Jazeera",‘Israel has been provoking Hezbollah to react for a while’,‘Israel has been provoking Hezbollah to react for a while’,2026-03-02T12:32:33+00:00,https://www.aljazeera.com/video/quotable/2026/3/2/israel-has-been-provoking-hezbollah-to-react-for-a?traffic_source=rss,2026-03-02 17:24:33
1170,"Al Jazeera – Breaking News, World News and Video from Al Jazeera",Why has the UAE closed its stock exchanges?,Authorities have shut main exchanges in Abu Dhabi and Dubai amid ongoing fallout of US-Israeli attacks on Iran.,2026-03-02T12:19:39+00:00,https://www.aljazeera.com/economy/2026/3/2/why-has-the-uae-closed-its-stock-exchanges?traffic_source=rss,2026-03-02 17:24:33
1171,"Al Jazeera – Breaking News, World News and Video from Al Jazeera",What’s happening in Lebanon as Iran war spills over,Zeina Khodr breaks down what&#039;s been happening in Lebanon as the Iran conflict spills over.,2026-03-02T12:10:30+00:00,https://www.aljazeera.com/video/newsfeed/2026/3/2/whats-happening-in-lebanon-as-iran-war-spills-over?traffic_source=rss,2026-03-02 17:24:33
1172,"Al Jazeera – Breaking News, World News and Video from Al Jazeera",Thousands of passengers stranded as Middle East airspace shuts,Thousands of flights were cancelled after airspace shut down across much of the Middle East.,2026-03-02T12:06:04+00:00,https://www.aljazeera.com/video/newsfeed/2026/3/2/thousands-of-passengers-stranded-as-middle-east-airspace-shuts?traffic_source=rss,2026-03-02 17:24:33
1173,World news | The Guardian,Ghana says at least 55 of its people killed after Russia ‘lured’ them to fight Ukraine,"<p>Foreign minister says 272 Ghanaians are thought to have been drawn into battle since 2022, after he visited Kyiv</p><p>At least 55 Ghanaians have been killed in Russia’s war with Ukraine after being “lured into battle”, Ghana’s foreign minister has said after a visit to Kyiv in which officials raised the issue of Russian recruitment of African people.</p><p>Reports of African men being attracted to Russia by promises of jobs and ending up on Ukraine’s frontlines have become more frequent in recent months, creating tensions between Moscow and some of the countries involved.</p> <a href=""https://www.theguardian.com/world/2026/feb/27/ghana-men-killed-fight-russia-ukraine"">Continue reading...</a>",2026-02-27T16:42:39,https://www.theguardian.com/world/2026/feb/27/ghana-men-killed-fight-russia-ukraine,2026-03-02 17:24:33
1174,World news | The Guardian,US accused of ‘shameless exploitation’ over proposed Zambian health aid deal,"<p>Leaked draft of $1bn memorandum of understanding reveals mandatory targets, sharing of data, and reported access to mining concessions</p><p>The US has been accused of “shameless exploitation” over a health financing agreement with Zambia worth more than $1bn (£740m), amid warnings that the country is getting a raw deal from the Trump administration.</p><p>A leaked draft of a five-year memorandum of understanding (MOU) between the two countries, seen by the Guardian, reveals that Zambia may accept terms worse than health financing agreements the US has reached <a href=""https://www.cgdev.org/publication/rolling-out-trump-administrations-global-health-agreements-what-can-we-learn-past"">with 16 other African countries</a>.</p> <a href=""https://www.theguardian.com/global-development/2026/feb/25/zambia-us-health-aid-deal-exploitation-mining-concessions-data-sharing-targets"">Continue reading...</a>",2026-02-25T13:00:36,https://www.theguardian.com/global-development/2026/feb/25/zambia-us-health-aid-deal-exploitation-mining-concessions-data-sharing-targets,2026-03-02 17:24:33
1175,World news | The Guardian,‘Adventurism has had its day’: speedboat shootout leaves Miami’s exiled Cubans bewildered,"<p>Few clues as to how 10 heavily armed men intercepted on stolen speedboat came together from across Florida or what they hoped to achieve </p><p>Foot traffic was slow outside the <a href=""https://www.miamiandbeaches.com/l/arts-and-culture/bay-of-pigs-brigade-2506-museum/52808"">Bay of Pigs Museum</a> on Calle Ocho in Miami’s Little Havana neighbourhood. A few tourists in T-shirts and shorts bypassed the gallery dedicated to one of the most <a href=""https://www.theguardian.com/world/2015/apr/17/cuba-love-obama-bay-of-pigs-anniversary"">fateful days in Cuba’s history</a> and headed instead to nearby Máximo Gómez Park to take photographs of Cuban exiles playing dominoes.</p><p>This is the street at the heart of the Cuban expat community of more than 1 million people where tens of thousands partied through the night in November 2016 to <a href=""https://www.theguardian.com/world/2016/nov/26/the-old-man-is-dead-fidel-castros-death-sparks-celebrations-on-streets-of-miami"">celebrate the death</a> of Fidel Castro, and where they gathered in sorrow almost exactly 30 years ago to mourn four Cuban-Americans <a href=""https://www.cbsnews.com/miami/news/brothers-to-the-rescue-shootdown-cuba-florida/"">shot down</a> by the communist country’s air force as they conducted a mission for the humanitarian exile group Brothers to the Rescue.</p> <a href=""https://www.theguardian.com/world/2026/feb/28/miami-exiled-cubans-speedboat-shootout"">Continue reading...</a>",2026-02-28T10:00:08,https://www.theguardian.com/world/2026/feb/28/miami-exiled-cubans-speedboat-shootout,2026-03-02 17:24:33
1176,World news | The Guardian,At least 20 killed as cash-laden military cargo plane crashes in Bolivia,"<p>Riot police use teargas to disperse people gathering around wreckage of plane loaded with money from central bank</p><p>At least 20 people have died and dozens have been injured after a military cargo plane carrying banknotes crashed while landing near Bolivia’s capital on Friday, damaging about a dozen vehicles on a highway and scattering bills on the ground, an official has said.</p><p>Footage from local media showed people rushing to collect banknotes while police in riot gear tried to disperse them using teargas. Authorities were later seen setting the money alight in a bonfire at the scene of the crash.</p> <a href=""https://www.theguardian.com/world/2026/feb/28/at-least-15-killed-as-cash-laden-military-cargo-plane-crashes-in-bolivia"">Continue reading...</a>",2026-02-28T03:05:37,https://www.theguardian.com/world/2026/feb/28/at-least-15-killed-as-cash-laden-military-cargo-plane-crashes-in-bolivia,2026-03-02 17:24:33
1177,World news | The Guardian,Trump suggests US could carry out ‘friendly takeover’ of Cuba,"<p>As tensions between two countries reach new highs, US president says regime is ‘talking with us’</p><p>Donald Trump has suggested the US could carry out a “friendly takeover” of Cuba as tensions between Washington and Havana reach a new high after the capture of Venezuela’s Nicolás Maduro.</p><p>As he left the White House for a campaigning event in Texas on Friday, Trump said: “The Cuban government is talking with us. They’re in a big deal of trouble.”</p> <a href=""https://www.theguardian.com/us-news/2026/feb/27/trump-cuba-regime-change"">Continue reading...</a>",2026-02-27T23:39:01,https://www.theguardian.com/us-news/2026/feb/27/trump-cuba-regime-change,2026-03-02 17:24:33
1178,World news | The Guardian,Democrats outraged at US military’s downing of CBP drone near Mexico border,"<p>Second time in two weeks military used laser to attack what it mistakenly thought was a threat, disrupting air traffic</p><ul><li><p><a href=""https://www.theguardian.com/news/2026/feb/17/sign-up-for-the-breaking-news-us-email-to-get-newsletter-alerts-direct-to-your-inbox?utm_medium=ACQUISITIONS_STANDFIRST&amp;utm_campaign=BN22326&amp;utm_content=signup&amp;utm_term=standfirst&amp;utm_source=GUARDIAN_WEB"">Sign up for the Breaking News US email to get newsletter alerts in your inbox</a></p></li></ul><p>Democratic members of <a href=""https://www.theguardian.com/us-news/us-congress"">Congress</a> have expressed astonishment and anger at what they claim is the incompetence of the <a href=""https://www.theguardian.com/us-news/trump-administration"">Trump administration</a> after the US military used a laser on Thursday to shoot down what it thought was a threatening drone on the <a href=""https://www.theguardian.com/us-news/us-mexico-border"">US-Mexico border</a> in Texas but later turned out to belong to US Customs and Border Protection (<a href=""https://www.theguardian.com/us-news/2026/jan/19/donald-trump-immigration-crackdown"">CBP</a>).</p><p>The apparent confusion between two entities in the US government led to airspace being closed around Fort Hancock, right along the border. It was the second time in two weeks that air traffic was disrupted in the region as a result of a high-energy laser being deployed against drones.</p> <a href=""https://www.theguardian.com/us-news/2026/feb/27/cbp-border-drone-military-democrats"">Continue reading...</a>",2026-02-27T14:37:19,https://www.theguardian.com/us-news/2026/feb/27/cbp-border-drone-military-democrats,2026-03-02 17:24:33
1179,World news | The Guardian,Shark culls brought in after fatal attack causes division and anger in New Caledonia,"<p>Authorities say capture of bull and tiger sharks necessary to protect lives as environmentalists launch urgent legal challenge</p><p>Some beaches in areas of New Caledonia are closed to swimming and the authorities have begun shark culling off the capital, Nouméa, after a fatal attack in the popular tourist spot – prompting a legal challenge to stop the operation and reigniting debate over public safety and marine conservation.</p><p>The culling operation began on 23 February, after a man from New Caledonia riding a wing foil in a recreational area was attacked and killed. Preliminary investigations indicate the victim was attacked by a tiger shark that measured at least three metres.</p> <a href=""https://www.theguardian.com/world/2026/mar/02/new-caledonia-shark-attack-culling"">Continue reading...</a>",2026-03-02T04:20:27,https://www.theguardian.com/world/2026/mar/02/new-caledonia-shark-attack-culling,2026-03-02 17:24:33
1180,World news | The Guardian,North Korea’s ‘most beloved’ child: what the key congress revealed about Kim Jong-un’s succession plans,"<p>Many observers believe North Korean leader has decided daughter Kim Ju-ae will succeed him, but others say gender politics could block her path to power</p><p>When North Korea’s ruling party held a top-level meeting this month there were predictable boasts of unstoppable nuclear development and, more unexpectedly, a suggestion by <a href=""https://www.theguardian.com/world/kim-jong-un"">Kim Jong-un</a> that his country and the US “could get along” – provided that Washington recognised North Korea as a legitimate nuclear power.</p><p>But for many <a href=""https://www.theguardian.com/world/north-korea"">North Korea</a> watchers, the Workers’ party congress – held over several days just once every five years – was a rare opportunity to speculate over the identity of the country’s future leader.</p> <a href=""https://www.theguardian.com/world/2026/feb/27/north-korea-kim-jong-un-daughter-ju-ae-succession"">Continue reading...</a>",2026-02-27T05:53:53,https://www.theguardian.com/world/2026/feb/27/north-korea-kim-jong-un-daughter-ju-ae-succession,2026-03-02 17:24:33
1181,World news | The Guardian,Pauline Hanson claimed taxpayer-funded trips around Australia that coincided with One Nation fundraisers,"<p>Queensland senator also billed taxpayers for flights to campaign alongside her daughter, Lee Hanson, in Tasmania at last election</p><ul><li><p>Get our <a href=""https://www.theguardian.com/email-newsletters?CMP=cvau_sfl"">breaking news email</a>, <a href=""https://app.adjust.com/w4u7jx3"">free app</a> or <a href=""https://www.theguardian.com/australia-news/series/full-story?CMP=cvau_sfl"">daily news podcast</a></p></li></ul><p>Pauline Hanson has claimed thousands of dollars in taxpayer-funded flights and chauffeured vehicles to headline political fundraisers for One Nation, raising questions about whether she is in potential breach of parliamentary rules.</p><p>Hanson has previously criticised MPs’ use of taxpayer-funded entitlements, but Guardian Australia can reveal the Queensland senator billed taxpayers for multiple flights to campaign alongside her daughter, Lee Hanson, who was the party’s lead senate candidate in Tasmania at the last election. This included a return trip from Hobart to Sydney to appear live on Channel 7’s Sunrise program.</p> <a href=""https://www.theguardian.com/australia-news/2026/mar/02/pauline-hanson-one-nation-claimed-taxpayer-funded-trips-australia-ntwnfb"">Continue reading...</a>",2026-03-02T14:00:13,https://www.theguardian.com/australia-news/2026/mar/02/pauline-hanson-one-nation-claimed-taxpayer-funded-trips-australia-ntwnfb,2026-03-02 17:24:33
1182,World news | The Guardian,"Australian wildlife in ‘harm’s way’ with volunteers left to ‘pick up the pieces’ amid climate crisis, fires and floods","<p>Ken Henry leads push for federal government to do more to protect animals as biodiversity declines</p><ul><li><p>Get our <a href=""https://www.theguardian.com/email-newsletters?CMP=cvau_sfl"">breaking news email</a>, <a href=""https://app.adjust.com/w4u7jx3"">free app</a> or <a href=""https://www.theguardian.com/australia-news/series/full-story?CMP=cvau_sfl"">daily news podcast</a></p></li></ul><p>Labor is being pushed to introduce tough new national rules for protecting threatened species exposed to disasters including bushfires and floods, with the former Treasury boss Ken Henry among advocates warning that risks to wildlife could reach a point of no return.</p><p>Months after a major rewrite of environment laws passed parliament, a consortium of animal protection and campaign groups want the Albanese government to standardise rescue, treatment and rehabilitation processes and help fund organisations working to protect species including endangered koalas in the May federal budget.</p> <a href=""https://www.theguardian.com/environment/2026/mar/03/australian-wildlife-in-harms-way-with-volunteers-left-to-pick-up-the-pieces-amid-climate-crisis-fires-and-floods"">Continue reading...</a>",2026-03-02T14:00:13,https://www.theguardian.com/environment/2026/mar/03/australian-wildlife-in-harms-way-with-volunteers-left-to-pick-up-the-pieces-amid-climate-crisis-fires-and-floods,2026-03-02 17:24:33
1183,World news | The Guardian,What disrupting the strait of Hormuz could mean for global cost-of-living pressures,"<p>The narrow shipping route on Iran’s southern border carries one fifth of global seaborne crude oil, one fifth of LNG shipments and one third of the most widely used fertiliser</p><ul><li><p>Get our <a href=""https://www.theguardian.com/email-newsletters?CMP=cvau_sfl"">breaking news email</a>, <a href=""https://app.adjust.com/w4u7jx3"">free app</a> or <a href=""https://www.theguardian.com/australia-news/series/full-story?CMP=cvau_sfl"">daily news podcast</a></p></li></ul><p>Donald Trump’s attempt to overthrow the Iranian government by force could trigger a new wave of cost-of-living pressures that embattled governments and central banks around the world will struggle to deal with.</p><p><a href=""https://www.theguardian.com/us-news/live/2026/mar/01/us-israel-war-on-iran-ayatollah-ali-khamenei-i-dead-latest-reports"">The US-Israel attack</a> on the Middle Eastern country at the weekend is the latest in a long series of global economic shocks.</p> <a href=""https://www.theguardian.com/world/2026/mar/02/iran-strait-hormuz-oil-global-prices-cost-of-living"">Continue reading...</a>",2026-03-02T14:00:13,https://www.theguardian.com/world/2026/mar/02/iran-strait-hormuz-oil-global-prices-cost-of-living,2026-03-02 17:24:33
1184,World news | The Guardian,"France to increase its number of nuclear warheads, Macron says – Europe live","<p>French president says deterrent needs to be ‘strengthened’ in recognition of  new challenges</p><p><strong>A Cypriot government spokesperson <a href=""https://x.com/letymbiotis/status/2028427844892647785"">has just confirmed</a> that two unmanned drones headed to RAF Akrotiri were intercepted before reaching the base.</strong></p><p>“Two unmanned aerial vehicles that were moving towards the direction of the British Bases at Akrotiri were confronted in time,” <strong>Konstantinos Letymbiotis</strong> said.</p> <a href=""https://www.theguardian.com/world/live/2026/mar/02/eu-response-middle-east-conflict-evacuate-citizens-europe-live-latest-news"">Continue reading...</a>",2026-03-02T17:12:05,https://www.theguardian.com/world/live/2026/mar/02/eu-response-middle-east-conflict-evacuate-citizens-europe-live-latest-news,2026-03-02 17:24:33
1185,World news | The Guardian,Spain denies US permission to use jointly operated bases to attack Iran,"<p>Refusal to allow use of bases in Rota and Morón follows Pedro Sánchez’s condemnation of US-Israeli action</p><ul><li><p><a href=""https://www.theguardian.com/world/live/2026/mar/02/us-israel-war-iran-live-updates-attacks-strikes-tehran-lebanon-beirut-hezbollah-dubai-latest-news"">US-Israel war on Iran – live updates</a></p></li></ul><ul><li><p><a href=""https://www.theguardian.com/world/2026/mar/02/thousands-flee-beirut-and-southern-lebanon-amid-israeli-strikes-what-we-know-so-far-on-day-three-of-the-iran-war"">What we know so far on day three of the Iran war</a></p></li></ul><p>Spain has denied the US permission to use jointly operated military bases on its territory to attack Iran as Madrid stepped up its criticism of the “unjustified and dangerous military intervention”.</p><p>Spain’s socialist prime minister, Pedro Sánchez, has explicitly condemned the US and Israel’s <a href=""https://x.com/sanchezcastejon/status/2027707726738923754"">“unilateral military action”</a> against Iran, warning that it is contributing to “a more hostile and uncertain international order”. The rebukes have been reinforced by his government’s refusal to allow the US to use bases in Rota and Morón for the continuing strikes against Iran.</p> <a href=""https://www.theguardian.com/world/2026/mar/02/spain-denies-united-states-permission-military-bases-iran-pedro-sanchez"">Continue reading...</a>",2026-03-02T14:52:07,https://www.theguardian.com/world/2026/mar/02/spain-denies-united-states-permission-military-bases-iran-pedro-sanchez,2026-03-02 17:24:33
1186,World news | The Guardian,‘He worked on his speech in French for months’: César awards boss rejects Jim Carrey clone conspiracy theories,"<p>Gregory Caulier has attempted to quash rumours that Mask actor was replaced by a heavily made-up impersonator for his appearance picking up an honorary award in Paris</p><p>The organiser of the César awards has sought to debunk reports that a lookalike stood in for Jim Carrey at last week’s ceremony.</p><p>In a statement sent to <a href=""https://variety.com/2026/film/global/jim-carry-clone-conspiracy-theory-denied-cesar-awards-speech-1236676536/"">Variety</a> on Monday, Gregory Caulier, general delegate of the Césars, said the controversy was a “non-issue” and testified to Carrey’s investment in the event, which had been in the planning since last summer.</p> <a href=""https://www.theguardian.com/film/2026/mar/02/cesar-awards-boss-rejects-jim-carrey-clone-conspiracy-theories"">Continue reading...</a>",2026-03-02T14:36:16,https://www.theguardian.com/film/2026/mar/02/cesar-awards-boss-rejects-jim-carrey-clone-conspiracy-theories,2026-03-02 17:24:33
1187,World news | The Guardian,Rijksmuseum reveals painting to be early work by Rembrandt,"<p>17th-century Dutch master’s Vision of Zacharias in the Temple to go on display this week</p><p>It hung unrecognised on the wall of a private home for decades but now a 17th-century painting has been revealed as a Rembrandt, taking its potential value from thousands to millions of pounds.</p><p>The Rijksmuseum in Amsterdam announced on Monday that it had rediscovered an early biblical scene by the Dutch master that was once thought lost, thanks to hi-tech scanning and two years of expert analysis.</p> <a href=""https://www.theguardian.com/artanddesign/2026/mar/02/rijksmuseum-painting-early-work-rembrandt-van-rijn-amsterdam"">Continue reading...</a>",2026-03-02T13:17:56,https://www.theguardian.com/artanddesign/2026/mar/02/rijksmuseum-painting-early-work-rembrandt-van-rijn-amsterdam,2026-03-02 17:24:33
1188,World news | The Guardian,UK RAF airbase in Cyprus hit by drone strike,"<p>Two more drones intercepted on Monday, authorities say, in what appears to be sustained targeting of base </p><ul><li><p><a href=""https://www.theguardian.com/world/live/2026/mar/02/us-israel-war-iran-live-updates-attacks-strikes-tehran-lebanon-beirut-hezbollah-dubai-latest-news"">US-Israel war on Iran – live updates</a></p></li></ul><p>A one-way attack drone struck the UK’s RAF Akrotiri base in Cyprus at about midnight on Sunday, prompting a partial evacuation of the military facility.</p><p>Two more drones were successfully intercepted on Monday morning, the Cypriot authorities said, as part of what appears to be a sustained targeting of the base on the third day of the war in the Middle East.</p> <a href=""https://www.theguardian.com/world/2026/mar/02/uk-airbase-raf-akrotiri-cyprus-suspected-drone-strike"">Continue reading...</a>",2026-03-02T11:52:36,https://www.theguardian.com/world/2026/mar/02/uk-airbase-raf-akrotiri-cyprus-suspected-drone-strike,2026-03-02 17:24:33
1189,World news | The Guardian,Middle East crisis live: Israel launches new attacks on ‘heart of Tehran’; US fighter planes mistakenly shot down in Kuwait,"<p>Iranian strikes hit Saudi and Qatar energy sites; US crew bailed out safely before crash-landing, says Kuwait</p><ul><li><p><a href=""https://www.theguardian.com/news/audio/2026/mar/01/the-assassination-of-irans-ayatollah-and-fears-for-a-wider-conflict-podcast"">Podcast: The assassination of Iran’s ayatollah</a></p></li><li><p><a href=""https://www.theguardian.com/world/2026/mar/01/tell-us-affected-by-latest-events-in-the-middle-east-strikes-iran-us-israel-dubai"">Have you been affected by events in the Middle East?</a></p></li></ul><p><strong>Bahrain</strong> has said that one person was killed by shrapnel from an intercepted missile. The death of a foreign worker at <strong>Salman Industrial City</strong>, working on a boat there, marks the kingdom’s first reported fatality in the war.</p><p>Bahrain, home to the US navy’s 5th fleet, said it intercepted 61 missiles and 34 attack drones launched against it. It said some shrapnel had gotten through, striking buildings and the naval base.</p> <a href=""https://www.theguardian.com/world/live/2026/mar/02/us-israel-war-iran-live-updates-attacks-strikes-tehran-lebanon-beirut-hezbollah-dubai-latest-news"">Continue reading...</a>",2026-03-02T17:13:32,https://www.theguardian.com/world/live/2026/mar/02/us-israel-war-iran-live-updates-attacks-strikes-tehran-lebanon-beirut-hezbollah-dubai-latest-news,2026-03-02 17:24:33
1190,World news | The Guardian,Trump vows to continue ‘large-scale operations’ and details Iran objectives after refusing to rule out boots on the ground – live,"<p>Trump says the US is already ‘substantially ahead’ of its time projections after telling New York Post, ‘I don’t have the yips with respect to boots on the ground’</p><ul><li><p><a href=""https://www.theguardian.com/world/2026/mar/02/hegseth-iran-war-first-remarks"">Hegseth says US won’t get ‘bogged down’ in Iran</a></p></li><li><p><a href=""https://www.theguardian.com/news/2026/feb/17/sign-up-for-the-breaking-news-us-email-to-get-newsletter-alerts-direct-to-your-inbox?utm_medium=ACQUISITIONS_STANDFIRST&amp;utm_campaign=BN22326&amp;utm_content=signup&amp;utm_term=standfirst&amp;utm_source=GUARDIAN_WEB"">Sign up for Breaking US News email alerts</a></p></li></ul><p>While speaking today, Pete Hegseth acknowledged the fourth US service member killed in Iran’s counterattacks.</p><p>“War is hell and always will be,” he said. <strong>“Our grateful nation honors the four Americans we have lost thus far and those injured – the absolute best of America.”</strong></p> <a href=""https://www.theguardian.com/us-news/live/2026/mar/02/democrats-to-force-vote-in-congress-to-limit-trumps-war-powers-against-iran-us-politics-live"">Continue reading...</a>",2026-03-02T17:11:33,https://www.theguardian.com/us-news/live/2026/mar/02/democrats-to-force-vote-in-congress-to-limit-trumps-war-powers-against-iran-us-politics-live,2026-03-02 17:24:33
1191,World news | The Guardian,Starmer says UK ‘not joining strikes’ on Iran but will continue defensive action – as it happened,"<p>The prime minister is explaining his decision to allow the US to use British bases for military attacks after initially refusing</p><ul><li><p><a href=""https://www.theguardian.com/world/2026/mar/02/uk-foreign-secretary-us-israel-war-on-iran""><strong>‘Simply not true’ UK is being dragged into Iraq-style conflict, says foreign secretary</strong></a></p></li></ul><p>After an <a href=""https://www.theguardian.com/world/2026/mar/02/uk-airbase-raf-akrotiri-cyprus-suspected-drone-strike"">unmanned drone struck</a> the <strong>RAF Akrotiri base</strong> in Cyprus overnight – and two more drones heading toward the base were struck down on Monday – <strong>Greece</strong> will send two frigates and two F-16 fighter jets to Cyprus “to contribute to its defence against the threats it faces,” <a href=""https://x.com/NikosDendias/status/2028441021491683829"">said</a> Greek defence minister <strong>Nikos Dendias</strong>, who will also travel to Cyprus tomorrow.</p><p>For the latest on Europe’s response to US-Israel war on Iran, follow The Guardian’s live coverage <a href=""https://www.theguardian.com/world/live/2026/mar/02/eu-response-middle-east-conflict-evacuate-citizens-europe-live-latest-news"">here</a>.</p> <a href=""https://www.theguardian.com/politics/live/2026/mar/02/raf-cyprus-yvette-cooper-keir-starmer-us-iran-israel-uk-politics-latest-news"">Continue reading...</a>",2026-03-02T16:32:53,https://www.theguardian.com/politics/live/2026/mar/02/raf-cyprus-yvette-cooper-keir-starmer-us-iran-israel-uk-politics-latest-news,2026-03-02 17:24:33
1192,World news | The Guardian,Starmer says UK will not join ‘regime change from the skies’ on Iran,"<p>PM defends use of UK bases for defensive action but says Britain has ‘learned the lessons from Iraq’ on need for ‘thought-through plan’</p><ul><li><p><a href=""https://www.theguardian.com/world/live/2026/mar/02/us-israel-war-iran-live-updates-attacks-strikes-tehran-lebanon-beirut-hezbollah-dubai-latest-news"">US-Israel war on Iran – live updates</a></p></li></ul><p>Keir Starmer has said the UK will not join offensive strikes by Israel and the US on Iran, saying the UK does not believe in “regime change from the skies”.</p><p>But the prime minister defended the use of UK bases for defensive action, saying that was “the best way to protect British interests and British lives”.</p> <a href=""https://www.theguardian.com/politics/2026/mar/02/uk-will-not-join-offensive-strikes-against-iran-says-keir-starmer"">Continue reading...</a>",2026-03-02T16:32:26,https://www.theguardian.com/politics/2026/mar/02/uk-will-not-join-offensive-strikes-against-iran-says-keir-starmer,2026-03-02 17:24:33
1193,World news | The Guardian,Hegseth says US won’t get ‘bogged down’ in Iran – but doesn’t rule out sending troops,"<p>Defense secretary refuses to establish timeline for how long operation will continue in first public remarks since strikes</p><p>The US secretary of defense, <a href=""https://www.theguardian.com/us-news/pete-hegseth"">Pete Hegseth</a>, has called the joint US-Israeli strikes in <a href=""https://www.theguardian.com/world/iran"">Iran</a> the “most lethal and precise air power campaign in history”, indicated the US did not plan to effect a democratic transition in Iran – and refused to establish a clear timeline for how long the US operation will continue.</p><p>In the first public remarks by an administration official since the <a href=""https://www.theguardian.com/world/us-israel-war-on-iran"">war</a> began on Saturday, Hegseth also said that the US did not have “boots on the ground” in Iran but that he wouldn’t speculate what “we will or will not do”. He also said that four US service members had been killed by a ballistic missile that managed to penetrate allied air defenses.</p> <a href=""https://www.theguardian.com/world/2026/mar/02/hegseth-iran-war-first-remarks"">Continue reading...</a>",2026-03-02T16:15:09,https://www.theguardian.com/world/2026/mar/02/hegseth-iran-war-first-remarks,2026-03-02 17:24:33
1194,World news | The Guardian,Afghanistan says it thwarted Pakistan airstrikes on Bagram airbase,"<p>Sporadic clashes reported in several provinces in Afghanistan as both sides give conflicting death tolls</p><p>Afghanistan has said it had thwarted Pakistan’s attempted airstrikes on Bagram airbase, <a href=""https://www.theguardian.com/world/gallery/2021/jul/06/inside-afghanistans-looted-bagram-airbase-after-us-departure-in-pictures"">the former US military base</a> north of Kabul, as cross-border fighting between the two countries stretched into a fourth day.</p><p><a href=""https://www.theguardian.com/world/2026/feb/27/pakistan-miscalculation-taliban-afghanistan"">Months of clashes</a> have flared up again since Thursday, when Afghanistan launched attacks along the frontier and <a href=""https://www.theguardian.com/world/2026/feb/21/pakistan-strikes-militant-hideouts-on-afghan-border-after-surge-in-attacks"">Pakistani forces hit back</a> on the border and from the skies. Pakistan has declared <a href=""https://www.theguardian.com/world/2026/feb/27/pakistan-declares-state-of-open-war-after-bombing-major-afghan-cities"">it is in “open war” with Afghanistan</a>.</p> <a href=""https://www.theguardian.com/world/2026/mar/02/afghanistan-pakistan-airstrikes-bagram-airbase"">Continue reading...</a>",2026-03-02T04:44:37,https://www.theguardian.com/world/2026/mar/02/afghanistan-pakistan-airstrikes-bagram-airbase,2026-03-02 17:24:33
1195,World news | The Guardian,US backs Pakistan’s ‘right to defend itself’ against Taliban after strikes on Afghanistan,"<p>Taliban offer to resolve dispute via dialogue after Pakistan bombed cities in Afghanistan in latest escalation with its neighbour</p><p>Washington endorsed Pakistan’s “right to defend itself” after it bombed major cities across Afghanistan amid heightened tensions between the two hostile neighbours.</p><p>The Taliban government in Kabul stressed it was ready to negotiate on Friday as violence intensified between the two countries.</p> <a href=""https://www.theguardian.com/world/2026/feb/28/us-backs-pakistans-right-to-defend-itself-against-taliban-after-strikes-on-afghanistan"">Continue reading...</a>",2026-02-28T04:13:11,https://www.theguardian.com/world/2026/feb/28/us-backs-pakistans-right-to-defend-itself-against-taliban-after-strikes-on-afghanistan,2026-03-02 17:24:33
1196,World news | The Guardian,Pakistan’s patience runs out after badly miscalculating over Taliban,"<p>Military reckoned ‘good’ Afghan insurgents were separate from ‘bad’ Pakistani insurgents but distinction has blurred</p><p>Days after the Taliban swept to power in 2021, Pakistan’s then spymaster appeared in Kabul on what looked to many like a victory lap. Sipping tea in the lobby of the Afghan capital’s fanciest hotel, Lt Gen Faiz Hameed told reporters: “Don’t worry, everything will be OK.”</p><p>This week it became clear just how badly Pakistan had miscalculated how it could rely on the Taliban, as Islamabad <a href=""https://www.theguardian.com/world/2026/feb/27/pakistan-declares-state-of-open-war-after-bombing-major-afghan-cities"">unleashed airstrikes in Afghanistan</a> and troops from both countries fought each other on the border.</p> <a href=""https://www.theguardian.com/world/2026/feb/27/pakistan-miscalculation-taliban-afghanistan"">Continue reading...</a>",2026-02-27T18:12:02,https://www.theguardian.com/world/2026/feb/27/pakistan-miscalculation-taliban-afghanistan,2026-03-02 17:24:33
1197,World news | The Guardian,Pakistan declares state of ‘open war’ after bombing major Afghan cities,"<p>Wave of strikes comes after Taliban forces attack Pakistani border troops following earlier action from Islamabad</p><p>Pakistan has bombed major cities in Afghanistan including the capital, Kabul, with Islamabad’s defence minister declaring that the hostile neighbours were in a state of “open war” as <a href=""https://www.theguardian.com/world/2026/feb/27/afghanistan-pakistan-strikes-kabul"">a cycle of retaliatory attacks escalated further</a>.</p><p>Witnesses in Kabul and Kandahar, the southern Afghan city, reported explosions and jets overhead until dawn, while the Taliban government said later that Pakistani surveillance aircraft were still flying over Afghanistan.</p> <a href=""https://www.theguardian.com/world/2026/feb/27/pakistan-declares-state-of-open-war-after-bombing-major-afghan-cities"">Continue reading...</a>",2026-02-27T14:19:35,https://www.theguardian.com/world/2026/feb/27/pakistan-declares-state-of-open-war-after-bombing-major-afghan-cities,2026-03-02 17:24:33
1198,World news | The Guardian,Pakistan declares ‘open war’ against Afghanistan after cross-border attack – as it happened,"<p>This blog is now closed, you can read our full report <a href=""https://www.theguardian.com/world/2026/feb/27/pakistan-declares-state-of-open-war-after-bombing-major-afghan-cities"">here</a></p><p>Both sides are reporting they have inflicted heavy casualties on each other, but it is difficult to know the true numbers when they are presenting sharply divergent figures.</p><p><strong>Pakistan’s</strong> information minister Attaullah Tarar <a href=""https://x.com/TararAttaullah/status/2027155065153454560"">claims </a><strong>133 Afghan Taliban fighters were killed</strong>, with more than 200 injured. <strong>Of its own soldiers, Tarar <a href=""https://x.com/TararAttaullah/status/2027099860445630736"">says</a> that two were killed</strong> in the cross-border fighting, while three were injured.</p><p>The UK is deeply concerned by the significant escalation in tensions between Afghanistan and Pakistan. We urge both sides to take immediate steps toward de‑escalation, avoid further harm to civilians, and re‑engage in mediated dialogue.</p> <a href=""https://www.theguardian.com/world/live/2026/feb/27/pakistan-afghanistan-taliban-war-cross-border-kabul-latest-news-updates"">Continue reading...</a>",2026-02-27T13:32:19,https://www.theguardian.com/world/live/2026/feb/27/pakistan-afghanistan-taliban-war-cross-border-kabul-latest-news-updates,2026-03-02 17:24:33
1199,World news | The Guardian,"BrewDog bought by US cannabis and drinks firm for £33m, costing nearly 500 jobs","<p>Many early stage crowdfunders left empty-handed as Tilray acquires beer company’s UK and Irish assets</p><ul><li><p><a href=""https://www.theguardian.com/business/live/2026/mar/02/oil-price-us-israel-iran-war-100-dollars-a-barrel-stock-markets-drop-travel-news-updates"">Business live – latest updates</a></p></li></ul><p>The UK and Irish assets of BrewDog, the Scottish self-styled “punk” brewer, have been sold to the US cannabis and drinks firm Tilray for £33m, in a deal that will cost nearly 500 jobs and leave legions of the company’s early stage crowdfunders empty-handed.</p><p>Tilray agreed a deal to buy BrewDog’s brand, intellectual property, UK brewing operations and 11 “strategic” bars in the UK and Ireland, the two companies confirmed, preserving 733 jobs. The remaining 38 bars will close immediately, at a cost of 484 jobs.</p> <a href=""https://www.theguardian.com/business/2026/mar/02/brewdog-us-cannabis-drinks-500-jobs"">Continue reading...</a>",2026-03-02T16:28:52,https://www.theguardian.com/business/2026/mar/02/brewdog-us-cannabis-drinks-500-jobs,2026-03-02 17:24:33
1200,World news | The Guardian,Authorities investigate mass shooting at Austin bar as potential act of terrorism,"<p>Officials continue to investigate Sunday shooting in Texas amid fears of further attacks following US airstrikes on Iran</p><ul><li><p><a href=""https://www.theguardian.com/us-news/2026/mar/01/texas-bar-shooting"">Austin bar shooting leaves three dead, including suspect, and 14 wounded</a></p></li></ul><p>Officials in Texas are continuing to investigate a weekend <a href=""https://www.theguardian.com/us-news/2026/mar/01/texas-bar-shooting"">mass shooting</a> at an Austin bar by a man wearing a “Property of Allah” hoodie as an act of potential terrorism, as fears rise over the possibility of further attacks following US airstrikes on Iran.</p><p>Police shot and killed Ndiaga Diagne, 53, a Senegalese national and naturalized US citizen, early on Sunday after he reportedly opened fire at the downtown bar popular with university students. Two people were killed, and another 14 wounded, some of them seriously.</p> <a href=""https://www.theguardian.com/us-news/2026/mar/02/austin-bar-shooting-investigation-potential-terrorism"">Continue reading...</a>",2026-03-02T17:05:48,https://www.theguardian.com/us-news/2026/mar/02/austin-bar-shooting-investigation-potential-terrorism,2026-03-02 17:24:33
1201,World news | The Guardian,Fourth American service member killed in Iran operation,"<p>US military also says three US fighter jets were shot down over in ‘friendly fire’ incident, all six crew members survived</p><ul><li><p><a href=""https://www.theguardian.com/world/live/2026/mar/02/us-israel-war-iran-live-updates-attacks-strikes-tehran-lebanon-beirut-hezbollah-dubai-latest-news"">US-Israel war on Iran – live updates</a></p></li><li><p><a href=""https://www.theguardian.com/news/2026/feb/17/sign-up-for-the-breaking-news-us-email-to-get-newsletter-alerts-direct-to-your-inbox?utm_medium=ACQUISITIONS_STANDFIRST&amp;utm_campaign=BN22326&amp;utm_content=signup&amp;utm_term=standfirst&amp;utm_source=GUARDIAN_WEB"">Sign up for the Breaking News US email to get newsletter alerts in your inbox</a></p></li></ul><p>A fourth American service member has been killed in the US military operations against Iran, the US Central Command said on Monday.</p><p>The announcement comes one day after the military <a href=""https://www.theguardian.com/us-news/2026/mar/01/iran-attack-us-service-members-killed"">confirmed </a>the deaths of three US service members on Sunday, which marked the first known US fatalities since the strikes against Iran began on Saturday.</p> <a href=""https://www.theguardian.com/world/2026/mar/02/iran-attack-fourth-us-service-member-killed"">Continue reading...</a>",2026-03-02T16:56:43,https://www.theguardian.com/world/2026/mar/02/iran-attack-fourth-us-service-member-killed,2026-03-02 17:24:33
1202,World news | The Guardian,US Department of Education hangs Charlie Kirk banner outside DC building,"<p>Banner has sparked criticism as Kirk was a polarizing figure who made incendiary and often racist and sexist comments</p><p>The US Department of Education has hung large banners outside its building in Washington DC, including one featuring an image of the late far-right commentator, Charlie Kirk.</p><p>Kirk, who was<a href=""https://www.theguardian.com/us-news/2025/sep/10/charlie-kirk-shot-utah""> shot and killed last September</a> while speaking at a campus event a Utah Valley University, co-founded the conservative non-profit organization <a href=""https://www.theguardian.com/us-news/ng-interactive/2024/jun/25/charlie-kirk-turning-point-usa-chase-the-vote-trump"">Turning Point USA</a>, which advocates for and promotes conservative politics among young people, particularly on college campuses.</p> <a href=""https://www.theguardian.com/us-news/2026/mar/02/us-department-of-education-charlie-kirk-banner"">Continue reading...</a>",2026-03-02T16:09:34,https://www.theguardian.com/us-news/2026/mar/02/us-department-of-education-charlie-kirk-banner,2026-03-02 17:24:33
1203,World news | The Guardian,"The war in the Middle East in maps, video and photos","<p>How the US-Israeli war against Iran exploded into a regional conflict, as Tehran retaliated with strikes across the Middle East</p><ul><li><p><a href=""https://www.theguardian.com/world/live/2026/mar/02/us-israel-war-iran-live-updates-attacks-strikes-tehran-lebanon-beirut-hezbollah-dubai-latest-news"">US-Israel war on Iran – live updates</a></p></li></ul><p>A US-Israeli war against Iran that began on Saturday with bombing and missile attacks that killed <a href=""https://www.theguardian.com/world/2026/mar/01/how-israeli-sleight-and-us-might-led-to-the-assassination-of-ali-khamenei"">Iran’s supreme leader, Ali Khamenei</a>, has exploded into a regional conflict, with Tehran retaliating by launching strikes across the Middle East.</p><p>By Monday, a major new front had opened <a href=""https://www.theguardian.com/world/2026/mar/02/israel-idf-strikes-hezbollah-beirut-lebanon-iran-war"">with Israel bombing Lebanon</a> after Iran’s ally, Hezbollah, launched strikes. And Cyprus said a <a href=""https://www.theguardian.com/world/2026/mar/02/uk-airbase-raf-akrotiri-cyprus-suspected-drone-strike"">drone attack had targeted a British base</a> on the Mediterranean island nation.</p> <a href=""https://www.theguardian.com/world/2026/mar/02/war-middle-east-maps-video-photos-us-israel-iran"">Continue reading...</a>",2026-03-02T14:19:29,https://www.theguardian.com/world/2026/mar/02/war-middle-east-maps-video-photos-us-israel-iran,2026-03-02 17:24:33
1204,World news | The Guardian,Three US fighter jets mistakenly shot down over Kuwait,"<p>All six crew members ejected safely in apparent ‘friendly fire’ as Kuwait launches investigation into incident</p><ul><li><p><a href=""https://www.theguardian.com/world/live/2026/mar/02/us-israel-war-iran-live-updates-attacks-strikes-tehran-lebanon-beirut-hezbollah-dubai-latest-news"">US-Israel war on Iran – live updates</a></p></li></ul><p>Three US fighter jets were mistakenly shot down over Kuwait early Monday in an apparent “friendly fire” incident, military officials said. All six crew members ejected safely.</p><p>According to <a href=""https://x.com/CENTCOM/status/2028424933794087326"">a statement</a> from US Central Command (Centcom), Kuwait’s air defences fired on the F-15 war planes during a combat mission on the third day of conflict following Saturday’s launch of US-Israeli airstrikes on Iran.</p> <a href=""https://www.theguardian.com/world/2026/mar/02/us-fighter-jets-kuwait"">Continue reading...</a>",2026-03-02T13:44:51,https://www.theguardian.com/world/2026/mar/02/us-fighter-jets-kuwait,2026-03-02 17:24:33
